totalTimeJsPsych,expCompleted,consentObtained,taskStartTimeJsPsych,reasonIneligible,eligibility,prolificSubID,interventionCondition,demogs_neurodiv,demogs_ethnicity,demogs_gender,demogs_financial,demogs_age,demogs_tx_current,demogs_employment,demogs_tx_previous,demogs_disability,demogs_housing,catch_1_das,demogs_RT,catch_2_erqcr_rt_RT,catch_1_das_rt_RT,catch_2_erqcr,DAS_9_RT,DAS_7_RT,DAS_3_RT,DAS_5_RT,DAS_1_RT,DAS_4_RT,DAS_8_RT,DAS_2_RT,DAS_6_RT,PHQ9_5,PHQ9_9,PHQ9_2,PHQ9_1,PHQ9_8,PHQ9_3,PHQ9_6,PHQ9_D,PHQ9_7,PHQ9_4,PHQ9_5_RT,PHQ9_9_RT,PHQ9_2_RT,PHQ9_1_RT,PHQ9_8_RT,PHQ9_3_RT,PHQ9_6_RT,PHQ9_D_RT,PHQ9_7_RT,PHQ9_4_RT,miniSPIN_3_RT,miniSPIN_2_RT,miniSPIN_1_RT,DAS_9,DAS_7,DAS_3,DAS_5,DAS_1,DAS_4,DAS_8,DAS_2,DAS_6,ERQCR_1_RT,ERQCR_4_RT,ERQCR_2_RT,ERQCR_3_RT,ERQCR_5_RT,ERQCR_6_RT,miniSPIN_3,miniSPIN_2,miniSPIN_1,init,DAQ_16,DAQ_6,DAQ_14,DAQ_13,DAQ_8,DAQ_11,DAQ_3,DAQ_10,DAQ_1,DAQ_15,DAQ_2,DAQ_9,DAQ_4,DAQ_12,DAQ_5,DAQ_7,DAQ_16_RT,DAQ_6_RT,DAQ_14_RT,DAQ_13_RT,DAQ_8_RT,DAQ_11_RT,DAQ_3_RT,DAQ_10_RT,DAQ_1_RT,DAQ_15_RT,DAQ_2_RT,DAQ_9_RT,DAQ_4_RT,DAQ_12_RT,DAQ_5_RT,DAQ_7_RT,ERQCR_1,ERQCR_4,ERQCR_2,ERQCR_3,ERQCR_5,ERQCR_6,catch_1_das_corr,catch_2_erqcr_corr,PHQ9_total,PHQ2_total,DAS_total,ERQCR_total,DAQ_total,miniSPIN_total,totalTimeTaken,sessionNo,study_qs_RT,study_qs_study_acceptability,sessions_completed
724985.0,1,yes,102528.0,[],True,sub_46404,control,prefer_not_to_say_neurodiv,white_british,non-binary,doing_okay,29.0,['medication'],employed,"['talk_therapy_prev', 'self_guided_prev', 'medication_prev']","['concentration', 'physical_effort']",tenant,3,55051.0,3513,4690,0,3483,3206,4790,5419,11303,4601,4268,4048,5089,1,0,1,1,0,2,1,1,1,3,2711,10189,2691,2959,4337,3440,2816,4800,2281,3182,3285,7007,6428,1,2,3,2,2,2,2,3,3,7651,6973,4678,5666,4061,5252,1,2,2,1,2,1,2,3,1,1,2,0,2,1,2,2,1,1,2,1,6265,4190,2856,4571,4790,3186,5152,5802,3559,3110,3764,3620,4043,2737,3530,3499,4,3,5,2,3,4,1,1,10,2,20,21,24,5,0 days 00:12:44,0,,,6
1004548.0,1,yes,40080.39999985695,[],True,sub_52320,causal,yes,white_british,man,struggling,51.0,['medication'],employed,"['medication_prev', 'talk_therapy_prev']","['physical_effort', 'other_impact']",tenant,3,59694.0,3455,4751,0,5479,3847,6295,5575,7382,5615,4871,3575,3839,1,0,1,1,0,3,0,0,0,2,6151,3607,6487,4072,3391,5959,4119,8991,47191,3487,3422,3855,5855,1,1,1,3,2,1,2,2,1,6759,5647,7055,4927,3856,3894,1,3,1,1,2,2,2,3,2,2,1,0,0,2,0,1,2,2,0,1,3343,3376,3558,6527,6247,4127,4559,5032,5830,4895,2792,2719,9583,3496,8696,4910,4,4,4,3,4,4,1,1,8,2,14,23,22,5,,0,,,6
647609.0,1,yes,46239.799999999814,[],True,sub_16254,causal,no,white_british,woman,doing_okay,44.0,['none'],employed,['none'],['none'],homeowner,3,51780.0,3979,5951,0,4746,3005,4026,4776,6208,4933,4035,4504,2992,0,0,1,1,0,1,0,0,0,2,4734,3346,3735,6614,4134,3251,4725,9544,3252,2698,5228,7485,4678,1,2,2,2,2,1,2,2,2,6573,4185,5457,3985,3671,3361,0,1,0,1,0,2,0,0,1,1,1,0,0,1,1,1,3,0,1,1,3382,3256,3489,5060,4049,3766,3366,3824,7583,3425,2933,7607,4288,3853,3820,3402,4,4,5,4,4,4,1,1,5,2,16,25,13,1,0 days 00:11:07,0,,,0
1084879.0,1,yes,70740.80000001192,[],True,sub_52936,causal,no,white_british,woman,doing_okay,44.0,['none'],employed,"['talk_therapy_prev', 'medication_prev', 'self_guided_prev']",['physical_effort'],homeowner,3,60244.0,4854,4296,0,4848,3300,5658,8268,12209,6578,4727,4125,3365,3,0,1,1,0,1,1,1,2,3,3108,3462,5186,5200,6000,8470,8058,9395,3299,2811,7293,4095,4737,1,2,3,2,2,2,2,2,3,7431,10839,5712,10371,3597,7164,3,2,1,1,1,2,1,1,2,1,3,0,2,1,1,1,2,1,3,2,7088,2931,6499,5890,5915,3902,3075,4231,4937,5536,6523,2346,4295,3246,5083,4055,4,3,4,4,2,3,1,1,12,2,19,20,24,6,,0,,,5
1208220.0,1,yes,175457.60000002384,[],True,sub_68308,control,no,white_british,woman,doing_okay,38.0,['none'],unemployed,['talk_therapy_prev'],['physical_effort'],homeowner,3,86796.0,6697,6312,0,8088,5472,5625,8111,8615,5584,14222,5929,7267,0,1,2,0,0,1,3,1,0,1,5714,7268,5776,6974,8491,5685,7701,9994,5747,5405,6310,5882,7444,2,3,3,2,2,3,3,4,2,8276,9051,10532,8877,6412,10197,0,0,0,1,3,3,2,3,2,3,3,4,2,4,4,2,1,2,3,3,5949,5348,7888,5897,7999,4856,6527,7206,5402,6725,5391,4758,11200,6140,6095,5580,4,5,4,4,3,1,1,1,8,2,24,21,44,0,0 days 00:21:22,0,,,6
584510.0,1,yes,19941.0,[],True,sub_13126,causal,no,white_british,man,doing_okay,54.0,['none'],employed,['none'],['none'],tenant,3,38371.0,2756,3423,0,4440,5319,4575,5678,4900,4756,2980,3862,3176,1,0,2,2,0,1,0,0,0,1,1655,1406,1341,3070,2339,2704,3885,6437,2659,1639,4122,3455,4821,2,2,3,2,3,2,2,2,1,4601,1957,2989,3242,4641,1730,0,1,0,1,0,0,1,0,0,0,1,0,0,0,1,0,0,0,0,0,2849,6138,2554,3549,3925,3271,2991,3572,4264,2690,2743,2423,5039,2889,3387,3734,4,4,4,4,4,4,1,1,7,4,19,24,3,1,0 days 00:09:57,0,,,1
1601116.0,1,yes,92833.0,[],True,sub_58419,causal,no,white_british,man,doing_okay,54.0,['none'],employed,"['talk_therapy_prev', 'medication_prev', 'other_tx_prev']",['none'],homeowner,3,34523.0,2914,9932,0,3911,16149,3797,12559,5682,13016,7528,3694,14665,0,0,1,1,0,3,1,1,1,3,10009,3079,2197,4216,3176,3360,9111,4564,16113,34599,3015,13613,4600,2,3,3,2,3,2,1,1,2,4515,13643,3597,3665,6497,62200,4,4,3,1,2,3,2,3,3,2,3,0,3,3,3,2,3,2,3,2,3665,7115,1877,2993,2946,2975,3993,72132,4880,53548,10013,2193,4127,4611,2978,2540,4,4,4,3,3,4,1,1,10,2,19,22,39,11,0 days 00:28:36,0,,,5
817731.0,1,yes,35256.799999952316,[],True,sub_21739,causal,no,white_british,woman,getting_by,26.0,['none'],employed,"['talk_therapy_prev', 'self_guided_prev']",['none'],tenant,3,45476.0,3986,4675,0,4314,2499,3704,4441,4211,2781,3043,2983,2885,1,0,2,2,0,3,1,1,2,3,1979,2361,2056,2733,3141,2224,3253,5333,2327,2153,2432,2268,3106,2,3,2,2,3,3,2,3,4,5681,4127,3152,5822,4661,2854,3,2,3,1,3,2,2,3,2,2,3,1,3,2,2,2,1,3,3,2,2853,3246,1844,2501,3387,5316,2280,2964,4371,2474,2584,3480,4372,2493,3316,2988,4,4,5,4,4,5,1,1,14,4,24,26,36,8,,0,,,5
757855.0,1,yes,88040.70000000298,[],True,sub_11844,causal,yes,white_british,woman,struggling,35.0,['none'],employed,['none'],['none'],tenant,3,48498.0,2914,4281,0,3062,3495,5695,5231,6137,3908,4078,7680,4663,3,0,1,1,0,1,3,0,0,1,2427,2559,2944,6672,4341,3394,3292,5697,4012,2175,2892,3215,8016,3,4,2,3,3,3,2,1,1,7645,3889,3961,4688,5607,5646,4,3,1,1,3,4,3,3,4,3,3,0,3,3,4,4,4,2,3,1,4222,2961,6281,3799,4213,3950,3265,3063,3468,13668,2184,2647,2841,3414,3193,4869,4,4,4,3,4,3,1,1,10,2,22,22,47,8,,0,,,5
336677.0,1,yes,14985.400000000373,[],True,sub_27653,control,yes,white_british,woman,getting_by,38.0,['medication'],employed,"['talk_therapy_prev', 'medication_prev', 'self_guided_prev']",['social_interaction'],tenant,3,29218.0,2551,2711,0,2312,2559,2879,3455,4479,3951,2599,3351,2559,0,0,2,0,0,0,2,1,0,1,1936,2775,3119,2807,3783,2639,2239,3791,2591,2719,2319,2712,2639,3,3,3,2,2,2,1,3,4,3735,2703,2318,2464,2527,5239,4,4,3,1,1,4,1,1,3,1,0,0,3,1,3,1,2,0,2,2,3951,2439,2927,3320,3447,4343,2495,2575,2376,2384,1967,3255,2151,2783,2480,3335,6,6,6,6,6,6,1,1,5,2,23,36,25,11,0 days 00:05:40,0,,,0
1245997.0,1,yes,74507.09999996424,[],True,sub_13059,control,no,white_british,woman,getting_by,40.0,['none'],employed,['medication_prev'],['none'],homeowner,3,106804.0,4360,5526,0,10352,6245,4722,7895,15539,6909,5819,6847,5404,1,0,1,1,0,2,0,1,1,2,4238,4336,3568,4554,5552,4603,9405,13283,4249,3606,5612,5588,5235,2,2,3,3,2,2,1,1,3,7680,5820,5223,7849,4336,5516,3,3,4,1,2,2,1,1,2,2,2,1,2,0,3,1,3,0,2,1,6353,5029,4226,5165,7984,6633,4455,6670,17686,4056,3898,6061,4262,6426,4665,5868,2,3,1,2,2,1,1,1,8,2,19,11,25,10,0 days 00:21:29,0,,,6
771523.0,1,yes,85330.0,[],True,sub_44010,causal,yes,white_british,woman,getting_by,42.0,['none'],not_seeking,"['medication_prev', 'talk_therapy_prev']","['concentration', 'physical_effort', 'social_interaction', 'other_impact']",homeowner,3,57814.0,36480,3589,0,3196,3905,3408,4606,4566,5496,3313,3588,2816,1,0,2,1,0,1,1,1,2,3,2270,2423,2393,2497,2745,5756,3967,4811,3857,3715,3042,2889,4724,3,1,3,3,2,2,2,3,2,5109,3963,3481,4155,6822,21267,3,4,2,1,1,3,3,2,1,1,1,2,2,1,3,1,2,1,3,2,2640,4891,2173,3562,3548,2562,3185,5300,2344,3147,2007,3343,3311,2569,4155,2762,5,4,5,3,3,3,1,1,11,3,21,23,29,9,0 days 00:13:30,0,,,4
896042.0,1,yes,31737.400000095367,[],True,sub_71037,causal,no,white_british,woman,struggling,46.0,['none'],employed,['none'],['none'],homeowner,3,50360.0,3467,4940,0,3043,3308,2781,4908,4395,6140,2678,3811,11321,1,0,1,1,0,2,1,1,1,2,3037,4148,12640,7932,8810,6084,20334,6284,23779,3436,3412,5479,6451,2,2,3,2,3,2,2,2,3,8995,5861,3292,5267,3717,10049,3,3,0,1,0,0,0,1,0,1,1,0,2,0,2,0,0,0,0,0,14384,9058,3124,4020,3803,4652,5284,3853,4701,3349,22052,2709,4100,3117,4308,11827,4,4,4,2,4,4,1,1,9,2,21,22,7,6,0 days 00:15:19,0,,,3
1071836.0,1,yes,82796.70000000112,[],True,sub_60347,control,no,white_british,woman,struggling,54.0,['none'],not_seeking,['none'],['none'],homeowner,3,69706.0,4200,3575,0,5120,3695,5752,6263,20483,4359,3647,5437,3487,2,0,1,1,0,2,2,1,2,2,5486,5767,3471,5919,7535,4615,9896,12255,5486,4904,5152,4303,4855,1,1,4,1,4,1,1,1,1,5999,4295,5743,15135,4631,6383,1,4,1,1,0,4,0,1,0,0,0,0,1,0,0,1,1,1,0,0,3311,3695,3311,27544,11905,5823,4798,3648,41944,8567,3822,5949,5063,5495,4104,4791,6,6,6,5,6,6,1,1,12,2,15,35,9,6,0 days 00:18:27,0,,,2
1614596.0,1,yes,205782.40000000596,[],True,sub_99369,causal,no,white_british,woman,struggling,34.0,['none'],employed,['medication_prev'],['none'],other_housing,3,92101.0,9820,5878,0,5850,5791,4875,7053,10962,7290,6317,5866,5504,1,0,1,1,1,2,1,1,0,1,4810,5569,5389,11504,8826,8141,4719,7845,7543,5073,5964,4739,5257,2,3,3,2,3,1,2,2,2,6666,6530,15034,5688,9559,6363,3,1,2,1,2,4,0,3,1,2,3,1,1,2,2,2,1,2,0,1,6402,5323,6254,6918,9480,6153,3156,4521,5094,4936,6745,5819,4318,5842,7826,7186,5,6,6,4,4,6,1,1,8,2,20,31,27,6,0 days 00:28:06,0,,,4
1064975.0,1,yes,98911.30000019072,[],True,sub_25171,control,no,white_british,man,doing_okay,26.0,['none'],not_seeking,['none'],['none'],other_housing,3,63953.0,5534,5020,0,6359,9693,5040,9915,7046,6974,4336,6216,3513,0,0,1,1,0,0,1,1,1,2,2365,3450,3933,4577,4806,2904,5393,7396,3002,2742,4188,3303,4575,1,2,2,1,3,3,1,1,2,7862,5848,9956,8488,4758,7264,2,4,3,1,2,3,0,0,2,1,2,1,0,1,1,0,2,0,1,1,6833,5186,3070,5984,19085,4892,4949,4806,6946,7724,3256,3252,6391,7972,4985,5300,5,5,6,3,4,5,1,1,6,2,16,28,17,9,0 days 00:18:21,0,,,6
1611882.0,1,yes,116534.1999988556,[],True,sub_61720,control,yes,white_british,woman,getting_by,42.0,['none'],unemployed,['medication_prev'],['other_impact'],homeowner,3,58101.0,4490,4851,0,7971,4381,4589,8523,7056,7136,3293,5211,5544,2,0,1,1,0,2,3,1,0,3,3018,4898,3586,5211,5461,3190,6250,5495,5119,2562,4253,3170,4783,2,2,4,2,3,3,2,3,3,7287,5364,5088,8657,4395,4564,3,4,4,1,1,3,1,3,4,2,3,0,4,1,3,1,3,1,4,2,4056,10727,11040,6531,172776,4638,6376,4448,4882,3956,4281,3481,4174,6158,5752,19844,2,4,2,2,2,2,1,1,12,2,24,14,36,11,0 days 00:27:41,0,,,1
1083719.0,1,yes,88862.40000000596,[],True,sub_30048,causal,no,white_british,woman,getting_by,36.0,['none'],employed,['medication_prev'],['none'],tenant,3,83140.0,4790,5641,0,4558,6890,8901,7021,8963,5372,4003,6391,4786,0,0,1,1,0,1,0,1,1,2,3606,4887,3409,3354,6771,4806,7739,8039,4408,3206,14972,8404,9405,2,2,3,2,2,4,1,2,3,6971,8204,4957,7356,4689,4939,3,2,3,1,2,2,1,2,1,1,2,1,2,2,2,2,1,2,1,2,3572,8853,3173,4989,10022,4242,26950,4754,4374,3907,3873,3125,5674,3919,4358,4140,3,2,3,2,3,2,1,1,6,2,21,15,26,8,0 days 00:18:43,0,,,6
2589807.0,1,yes,202645.10000002384,[],True,sub_93528,control,yes,black,man,doing_okay,43.0,['none'],employed,['none'],['none'],homeowner,2,134908.0,29783,36528,0,18749,32031,32281,21941,33292,21319,20231,26476,26706,0,0,1,1,0,1,0,1,1,1,8899,16852,27335,61625,22325,9070,10064,27734,27985,31631,26066,22431,38033,2,2,2,2,3,2,2,2,2,37514,7289,28148,22664,21658,21237,1,1,1,1,0,1,0,1,0,0,1,0,1,0,0,0,0,0,1,1,9880,22816,5232,15525,8314,8258,20865,10489,34078,5400,15714,5467,25348,5905,21781,53666,5,5,5,5,5,5,1,1,5,2,19,30,6,3,0 days 00:46:22,0,,,6
1122428.0,1,yes,52145.29999995232,[],True,sub_41296,causal,yes,white_british,man,getting_by,25.0,['none'],unemployed,"['talk_therapy_prev', 'medication_prev']","['physical_effort', 'social_interaction', 'other_impact']",tenant,3,61293.0,2540,3725,0,3772,2811,3412,6487,114164,3628,4223,2883,6647,1,1,2,2,0,2,2,2,1,2,1748,3739,1644,3708,3022,31588,2630,5840,2350,2597,2376,2219,4087,2,3,4,3,3,3,2,2,3,3531,4144,3088,4416,3738,2909,4,4,3,1,4,4,4,4,3,4,4,1,4,4,4,4,2,4,4,4,2823,2528,3009,5309,4983,2718,2617,9889,2947,2363,2370,2402,3622,2770,3958,4448,2,2,2,3,2,2,1,1,13,4,25,13,58,11,0 days 00:19:20,0,,,6
930889.0,1,yes,716387.5999999046,[],True,sub_28170,control,no,white_british,woman,getting_by,40.0,['none'],employed,['none'],['none'],homeowner,3,27484.0,3256,3115,0,4188,5623,2889,5810,5507,2949,3558,4643,2237,1,0,1,1,0,2,0,0,2,2,3246,2776,2270,4569,4539,3200,2609,7334,3020,2675,2839,36193,3961,3,4,3,3,1,2,2,3,3,4135,3458,3992,7423,3319,2683,2,1,2,1,2,3,2,3,2,3,3,0,3,3,3,3,0,2,1,3,3499,3424,3850,3951,3334,3630,2656,3485,3491,2947,2097,2266,5543,3360,2843,5068,0,3,0,3,0,0,1,1,9,2,24,6,36,5,0 days 00:15:53,0,,,4
954180.0,1,yes,40012.89999999106,[],True,sub_53332,causal,no,white_british,man,getting_by,55.0,['none'],employed,['talk_therapy_prev'],['none'],tenant,3,54568.0,5112,4288,0,6704,5094,5282,6448,6942,4942,4665,6694,4004,3,0,1,1,0,3,2,1,0,3,2812,4532,5538,4670,2707,5718,6439,10499,4111,2986,4033,3590,5970,2,2,1,1,4,3,1,1,1,7211,6762,4820,6417,5447,5160,2,2,2,1,3,3,3,3,2,2,3,0,2,3,3,3,2,3,1,3,4379,5215,3506,6477,6195,4386,5827,6758,5260,4578,3467,2712,6076,5007,5010,7483,3,2,3,2,1,1,1,1,13,2,16,12,39,6,,0,,,5
1384722.0,1,yes,158478.60000014305,[],True,sub_51248,causal,no,white_british,woman,doing_okay,56.0,['none'],not_seeking,['none'],"['concentration', 'physical_effort', 'social_interaction']",homeowner,3,85757.0,5222,5458,0,6390,6318,6965,8590,10271,4501,7682,11639,7468,2,0,1,1,0,0,1,0,2,3,7392,4632,5198,14140,7390,9142,5776,14662,6213,4198,7280,6157,16120,1,2,3,3,2,2,2,1,2,14370,12215,21466,7870,14199,8134,3,3,3,1,0,0,0,2,0,1,2,1,1,0,1,2,0,2,1,0,5570,5676,4452,10544,7611,8171,6952,8582,8977,7240,10105,16652,9453,8933,7236,7478,6,5,6,5,5,6,1,1,10,2,18,33,13,9,0 days 00:23:54,0,,,6
1289418.0,1,yes,79734.89999997616,[],True,sub_88770,causal,yes,white_british,man,getting_by,35.0,['none'],employed,['talk_therapy_prev'],['prefer_not_to_say_disability'],tenant,3,77488.0,11600,8830,0,4882,6651,9985,9232,8986,6751,4529,6909,4931,0,1,1,1,0,2,1,1,1,1,7133,5548,3832,7585,10017,6214,4816,8266,4931,3780,5763,4917,6952,1,2,3,3,3,2,1,1,1,6702,37082,4932,17399,7600,5697,3,3,2,1,1,1,1,1,1,1,3,0,2,0,1,2,2,0,2,2,6730,4514,8400,35466,9368,3982,4499,7949,4418,4848,3947,3378,6916,6883,5882,4532,5,6,5,4,5,5,1,1,8,2,17,30,20,8,0 days 00:23:05,0,,,6
1047896.0,1,yes,84893.10000002384,[],True,sub_30764,causal,yes,white_british,man,doing_okay,35.0,['none'],employed,['none'],['none'],homeowner,3,38658.0,3493,7142,0,56563,16939,4069,6012,8078,6112,7741,4477,5556,1,0,1,1,0,2,0,0,0,2,1892,2644,3330,4261,2100,3973,2098,3836,1885,2212,3219,2765,3668,1,1,4,3,4,1,1,2,2,42444,3684,3364,7060,4010,4083,3,4,3,1,0,0,0,0,0,1,0,0,2,0,1,2,1,0,2,0,19178,3093,4427,3965,6060,2963,4675,3764,2860,14836,3171,3085,5308,2884,4924,4738,5,4,4,6,5,6,1,1,7,2,19,30,9,10,0 days 00:18:08,0,,,6
1202973.0,1,yes,66081.59999999404,[],True,sub_41873,control,no,white_british,man,getting_by,50.0,['medication'],employed,['medication_prev'],['none'],other_housing,3,77627.0,4481,8239,0,5438,11450,8255,11317,20580,20503,6731,7426,5805,1,1,3,2,0,1,3,1,1,2,4397,8283,3655,6986,3510,4491,3629,8449,4913,5102,5828,5927,7232,1,3,2,2,2,2,2,1,2,8857,17804,9719,18935,7765,9409,0,3,1,1,1,3,0,0,2,1,2,0,2,1,3,0,3,1,3,0,6332,4392,6450,7138,11003,6572,5993,5396,5908,7161,5786,7404,6772,6356,6953,11892,4,4,0,4,0,4,1,1,14,5,17,16,22,4,,0,,,1
835911.0,1,yes,63958.39999997616,[],True,sub_44574,causal,prefer_not_to_say_neurodiv,white_british,woman,getting_by,30.0,['medication'],not_seeking,['medication_prev'],['prefer_not_to_say_disability'],other_housing,3,51384.0,4259,3235,0,2945,4417,4320,5461,7012,4661,2986,3427,3484,2,0,1,1,0,1,0,1,1,2,2621,2439,2012,3281,3580,4767,2628,4523,2469,2164,3466,2669,4642,1,2,2,2,3,1,1,1,1,27305,8298,6511,5849,6047,6185,1,2,2,1,2,3,1,3,2,2,2,0,3,2,2,1,2,1,0,0,4056,3494,2271,3969,5351,3712,2795,4216,4366,5515,2315,2405,3415,3588,6332,48090,2,4,4,4,4,4,1,1,8,2,14,22,26,5,0 days 00:14:17,0,,,6
4446882.0,1,yes,257437.1999998093,[],True,sub_74573,control,no,mixed,man,doing_okay,28.0,['none'],employed,['none'],['none'],homeowner,3,106135.0,11212,35863,0,9434,16306,7524,10843,28965,10988,8923,8669,7435,1,0,0,2,0,1,0,1,0,1,5973,5571,6255,18471,12677,19480,14699,14707,29955,10497,10035,7737,12456,3,1,4,2,3,1,2,2,2,15795,24590,8562,11347,8226,14982,3,1,2,1,0,0,0,2,0,0,2,1,0,0,0,0,2,0,0,2,7795,9867,8554,47142,13394,7504,19882,9940,6767,10786,6149,7827,9611,6863,12398,27272,0,6,0,6,6,0,1,1,5,2,20,18,9,6,,0,,,6
1251486.0,1,yes,29407.800000000745,[],True,sub_19192,control,yes,white_british,man,getting_by,30.0,['none'],employed,['none'],['concentration'],tenant,3,36510.0,4784,5128,0,4383,7844,3617,4040,4787,6216,4544,5476,4107,1,1,1,1,0,0,1,1,2,1,2806,4270,2466,5988,3575,2474,9158,5280,4004,2325,3547,3296,5699,2,2,3,1,3,2,1,1,2,5458,3979,4631,4118,3101,3303,1,0,0,1,0,1,1,1,1,1,0,2,0,0,1,0,1,0,0,0,3825,5533,3873,3886,4213,2616,2861,3026,3513,2847,2248,2036,3771,2304,3328,4423,5,4,2,5,4,4,1,1,8,2,17,24,9,1,0 days 00:21:04,0,,,4
1373596.0,1,yes,67591.29999999993,[],True,sub_45407,control,no,white_british,man,getting_by,60.0,['none'],not_seeking,['medication_prev'],['none'],homeowner,3,70306.0,6223,8887,0,7751,10415,11703,14591,14375,8359,6511,12095,6191,1,1,1,3,0,0,1,0,0,2,6895,6855,6511,7343,3695,3631,5551,10375,4599,6743,5831,4271,7336,2,2,2,3,1,2,1,2,2,6320,10039,5599,12583,5503,5511,2,4,2,1,0,2,2,0,2,2,2,1,1,3,2,3,2,2,0,2,7599,5575,6455,14743,10463,5167,5071,7591,9776,6511,4775,3911,7191,11247,5551,6463,0,1,0,3,1,1,1,1,9,4,17,6,26,8,,0,,,6
1303880.0,1,yes,624935.7999999523,[],True,sub_34281,causal,no,white_british,man,struggling,50.0,['none'],not_seeking,['medication_prev'],['none'],tenant,3,68911.0,3378,6173,0,6731,7331,5753,25952,7406,5840,5360,5133,5293,0,0,1,1,0,0,1,1,1,2,3346,3179,6448,5510,3453,10531,4481,10896,12646,3364,3913,5443,4680,1,1,2,3,2,2,2,2,2,5512,5882,4708,10732,4111,4993,4,4,3,1,1,3,0,2,2,1,1,0,2,1,1,0,2,2,1,2,3649,6686,3721,5443,10948,4209,8624,6550,4570,9791,6196,5090,4198,6324,9712,8676,5,6,5,4,5,5,1,1,6,2,17,30,21,11,0 days 00:23:15,0,,,6
1614548.0,1,yes,76584.5,[],True,sub_58182,causal,no,white_british,man,doing_okay,52.0,['none'],employed,['none'],['none'],homeowner,3,61396.0,7537,6746,0,4951,6602,4607,6567,8782,16024,7310,11621,8104,0,1,2,1,0,0,3,1,0,1,5811,5657,3878,14305,5080,3971,5189,9286,5605,5491,5476,5803,12491,2,3,3,3,2,3,2,2,1,13486,6175,7563,5772,7208,9583,2,3,2,1,2,3,2,4,4,2,4,3,3,3,3,1,4,2,3,3,4225,3181,6228,5182,6882,3148,3932,3324,7714,3655,2421,6341,4266,7396,3781,4327,4,4,4,4,3,4,1,1,8,3,21,23,46,7,0 days 00:28:17,0,,,6
1056401.0,1,yes,84785.0,[],True,sub_62753,causal,no,white_british,man,struggling,46.0,['none'],employed,['none'],['none'],tenant,3,62144.0,5343,5383,0,4734,4112,6000,4182,7446,6661,7582,6670,4759,2,0,3,2,0,1,3,2,2,1,4086,5965,4544,4191,11232,4118,4935,6559,3576,2903,3031,3270,5033,2,2,2,3,3,3,2,2,3,4967,3638,5847,5030,3118,4318,3,3,4,1,3,2,3,4,1,3,3,1,3,3,3,3,2,2,3,2,2679,4752,2935,5967,5944,3152,3311,5630,3352,3310,2447,2447,6718,3518,4830,5094,3,3,3,2,3,3,1,1,14,5,22,17,41,10,,0,,,5
2017431.0,1,yes,431425.40000003576,[],True,sub_94350,control,yes,white_british,man,doing_okay,29.0,['none'],employed,['none'],['concentration'],tenant,3,88474.0,6138,4623,0,7206,8024,5092,9775,7149,4911,5606,6340,4588,1,0,1,1,0,1,0,1,2,1,3464,4075,58749,31234,4292,11738,9436,7452,81133,4727,4673,4640,6518,1,1,3,1,4,1,1,1,1,22524,7175,6919,7313,19728,6504,2,1,3,1,0,2,0,3,1,1,1,0,2,0,3,0,2,0,0,0,132798,5108,4608,8484,10055,5626,22853,231994,7594,9358,4470,101478,12364,4514,6853,13475,6,6,5,5,5,6,1,1,7,2,14,33,15,6,0 days 00:35:09,0,,,6
1933269.0,1,yes,327250.0,[],True,sub_99022,control,no,black,man,doing_okay,29.0,['none'],employed,['none'],['none'],tenant,3,59073.0,8075,7529,0,16265,90779,15033,6883,13475,24096,5075,9575,7250,0,0,2,1,0,0,0,1,0,2,2363,4616,7542,6635,64470,3885,81823,12368,19707,4498,4497,4374,9384,1,1,2,1,2,2,1,1,1,8001,26452,5330,7557,35721,7028,4,3,0,1,0,0,0,2,0,0,2,1,0,0,3,0,1,0,0,0,5127,9852,6447,16677,11888,3548,5278,3690,3724,3132,37152,3384,5119,3773,62765,6111,6,5,6,4,5,6,1,1,5,3,12,32,9,7,0 days 00:32:31,0,,,6
1467184.0,1,yes,63062.89999997616,[],True,sub_83112,control,no,asian,man,getting_by,36.0,"['talk_therapy', 'self_guided']",employed,"['talk_therapy_prev', 'self_guided_prev']",['none'],tenant,3,66144.0,4952,4636,0,9983,5866,4330,27049,9663,6078,5644,6032,5728,1,0,1,1,0,2,1,1,2,2,2603,3229,3167,6016,10330,3580,5695,6336,5218,2443,3745,5266,6234,3,2,2,3,4,2,2,2,1,6664,4927,5730,10051,8182,3878,1,2,2,1,1,1,1,1,1,1,3,1,1,1,1,1,1,1,1,1,2916,8414,2647,4166,5215,4431,7542,2887,8232,3499,5165,4044,4131,3498,6649,12248,5,4,5,4,5,5,1,1,10,2,21,28,18,5,0 days 00:25:12,0,,,6
1202694.0,1,yes,92352.39999997616,[],True,sub_12044,causal,no,white_british,man,getting_by,60.0,['medication'],employed,"['talk_therapy_prev', 'medication_prev']",['prefer_not_to_say_disability'],tenant,3,84379.0,3516,6144,0,4183,3903,4070,7100,12563,5890,4803,4916,3422,2,0,1,1,0,2,1,1,1,1,2887,2757,3552,4158,2605,3008,9567,6591,4179,2598,4745,3279,6216,1,1,1,3,3,4,1,1,1,6803,6396,5859,7514,3537,4890,1,1,1,1,0,1,1,0,0,1,1,0,1,0,1,1,0,1,0,0,4410,4725,3564,6160,5096,4176,5115,5349,5667,4462,3639,3094,4689,7646,4842,5682,4,5,4,5,5,5,1,1,9,2,16,28,8,3,0 days 00:21:10,0,,,0
1999228.0,1,yes,29114.19999992847,[],True,sub_79007,control,yes,black,woman,getting_by,19.0,['prefer_not_to_say_tx_current'],employed,['prefer_not_to_say_tx_prev'],"['concentration', 'social_interaction']",other_housing,3,378490.0,5639,4103,0,6639,3854,3966,6326,6541,6751,4206,5773,6390,1,1,1,1,1,2,1,1,1,2,2567,5215,2766,5327,5783,7831,4567,9823,2446,2607,3679,5326,3157,1,1,3,3,3,3,1,2,3,10447,13023,6142,5183,5791,5783,2,2,1,1,0,0,0,1,0,0,2,0,0,0,1,0,0,0,0,0,3095,4511,2911,4183,4991,3239,3254,3862,4111,3974,3391,3111,3999,4070,11743,7030,4,3,1,4,4,5,1,1,11,2,20,21,4,5,,0,,,6
1857603.0,1,yes,335713.0,[],True,sub_99133,causal,prefer_not_to_say_neurodiv,white_british,man,getting_by,25.0,['none'],employed,['none'],['none'],tenant,3,95899.0,8345,8248,0,7971,7444,11013,10392,12678,7729,4841,7423,8164,0,0,1,1,1,0,0,0,1,1,5924,4588,3499,4625,9230,9095,6304,10746,6671,3657,7011,5142,60888,1,1,3,3,3,1,1,1,2,9236,7160,7662,9545,10062,91733,0,2,0,1,0,1,0,1,0,0,2,0,3,0,1,0,0,0,1,2,4791,6267,5309,11381,6972,7529,6907,5396,7692,8044,7738,4656,4750,34915,6830,7362,4,4,4,5,3,4,1,1,5,2,16,24,11,2,0 days 00:32:05,0,,,6
1287040.0,1,yes,32422.599999904633,[],True,sub_27799,causal,no,white_british,woman,getting_by,24.0,['self_guided'],employed,"['talk_therapy_prev', 'medication_prev']",['none'],tenant,3,40516.0,2855,5779,0,2701,3131,2622,3581,6481,4861,2498,3777,2938,3,0,1,1,1,3,1,1,2,2,2930,5177,2962,3335,3347,3862,4895,5887,3042,2155,2493,2709,5894,2,3,3,3,4,2,3,3,3,5547,3371,3144,4694,3177,3352,3,2,2,1,3,2,3,2,1,1,3,0,2,3,3,2,2,1,3,2,1869,3289,2185,3850,5518,2481,1995,4973,3923,3113,3056,2194,3770,3233,3273,3640,4,2,4,2,4,3,1,1,14,2,26,19,33,7,0 days 00:21:40,0,,,6
1005541.0,1,yes,399238.299999997,[],True,sub_41154,causal,no,white_british,woman,getting_by,33.0,['none'],employed,['none'],"['concentration', 'other_impact', 'social_interaction']",homeowner,3,69526.0,5011,5144,0,7819,8665,11761,5956,12653,9713,4456,10016,5155,0,0,1,1,0,1,0,1,1,1,3886,3665,4433,5792,4022,4995,5303,11498,4553,3412,5568,5245,4898,2,2,2,2,3,3,2,2,3,6920,9200,6394,8559,6608,5160,3,1,0,1,2,0,0,2,0,1,3,0,0,0,2,0,2,0,3,1,5848,10608,4363,7197,6804,4989,6639,6107,6285,6317,5362,4626,4715,6531,7252,5403,5,3,5,4,3,4,1,1,5,2,21,24,16,4,0 days 00:17:42,0,,,6
695796.0,1,yes,26521.099999964237,[],True,sub_72618,control,no,white_british,man,struggling,43.0,['none'],not_seeking,['none'],['physical_effort'],tenant,3,58643.0,4470,9962,0,4407,6278,3477,7936,6548,3439,4396,3875,3408,1,0,1,1,1,2,0,0,1,2,3394,3120,8457,6688,5392,3686,3932,8318,2373,8301,2533,3247,4770,3,3,4,2,3,3,2,3,3,6556,3692,3617,3848,4690,3688,4,4,4,1,1,1,2,1,2,2,4,1,2,2,2,3,1,1,2,2,4216,4035,2214,3397,3477,2833,3269,3965,3182,2380,2879,2759,4841,3251,3065,3247,4,3,4,3,2,4,1,1,9,2,26,20,29,12,0 days 00:12:11,0,,,6
551932.0,1,yes,47041.19999998808,[],True,sub_37075,control,no,white_british,man,getting_by,32.0,['talk_therapy'],employed,"['talk_therapy_prev', 'medication_prev']",['none'],homeowner,3,38926.0,2578,3558,0,3996,3330,2702,6195,5146,4575,3276,4630,2546,1,1,2,1,1,1,1,1,1,2,3525,2972,2434,2269,5064,2740,2610,4379,2606,3858,3027,2523,4165,2,2,2,2,2,1,1,2,2,9171,3207,2695,3080,3922,3229,1,3,2,1,1,2,2,1,1,2,1,1,3,1,2,1,2,2,1,2,4062,2905,1844,2182,2226,3460,2356,3394,4365,4575,1916,2582,2868,2428,3741,2757,4,4,2,3,4,2,1,1,11,3,16,19,25,6,,0,,,4
682481.0,1,yes,25924.0,[],True,sub_27301,control,yes,white_british,man,getting_by,40.0,['medication'],employed,['none'],"['social_interaction', 'other_impact']",homeowner,3,62579.0,4127,4210,0,8364,3896,4822,9364,12140,5337,4841,4130,2789,2,0,1,1,0,1,0,2,2,2,1794,2806,1919,2802,5302,2457,5234,6099,3091,4453,2563,3660,3798,2,2,1,2,4,2,1,2,1,7726,3627,5911,6938,7228,4268,3,4,1,1,2,0,1,0,0,1,2,1,2,1,2,1,1,0,1,1,3401,2777,3049,5228,4265,3078,3615,3771,3102,3570,3636,3359,3933,2798,5557,5429,4,4,4,5,2,3,1,1,9,2,17,22,16,8,0 days 00:11:34,0,,,3
1082318.0,1,yes,41654.90000009537,[],True,sub_68038,causal,no,white_british,woman,doing_okay,37.0,['none'],unemployed,['none'],['none'],tenant,3,59475.0,3873,9858,0,4095,9603,3511,9129,9466,6769,4039,4049,4068,1,0,1,1,1,1,0,1,2,1,2842,4465,3289,4945,6717,3373,4101,6151,4049,1905,3317,70211,5119,2,2,2,1,2,2,2,2,2,9807,7443,8849,22047,8262,5044,1,2,1,1,1,2,0,1,0,1,1,0,1,1,1,1,0,0,0,2,4722,3659,3367,6701,8456,3183,5294,7047,5199,3865,3531,3150,6546,4213,8450,6253,5,5,4,3,3,4,1,1,8,2,17,24,12,4,,0,,,6
1000371.0,1,yes,67448.00000000001,[],True,sub_19803,causal,yes,white_british,woman,doing_okay,48.0,['none'],employed,"['talk_therapy_prev', 'medication_prev']",['none'],homeowner,3,62095.0,4102,4798,0,5960,4433,4341,8308,8106,6149,7696,4587,4020,0,1,1,1,1,3,3,1,2,2,5635,5836,3406,4757,7430,6105,5451,17485,5257,3095,4857,4433,6219,4,3,3,3,3,3,2,4,3,8414,7559,5887,10134,5222,5396,3,3,3,1,1,4,1,2,3,2,3,1,3,1,1,1,4,1,3,1,4295,4731,4425,6333,5700,4347,5377,5547,4269,4249,4847,5015,4854,4491,7971,7577,4,4,4,3,4,4,1,1,14,2,28,23,32,9,0 days 00:17:02,0,,,5
831125.0,1,yes,203956.70000004768,[],True,sub_57566,causal,yes,white_british,woman,getting_by,33.0,['medication'],employed,"['talk_therapy_prev', 'medication_prev', 'self_guided_prev']",['none'],homeowner,3,47033.0,3295,4743,0,4903,3118,3062,4091,5488,3179,3271,4514,4392,1,0,1,2,0,3,1,1,0,3,3175,3749,2083,3294,4947,2456,3631,4833,3646,2669,2966,2471,4178,2,3,4,3,2,2,1,4,2,4920,2811,6235,4663,6131,4955,2,4,3,1,1,2,2,2,1,2,3,1,4,1,3,1,2,1,4,1,4063,3982,3562,4068,6686,2806,2679,3872,2559,3891,3227,3499,5039,3463,4143,4460,4,4,3,4,4,3,1,1,11,3,23,22,31,9,0 days 00:14:13,0,,,6
1153442.0,1,yes,19519.60000002384,[],True,sub_24567,causal,no,white_british,woman,doing_okay,32.0,['none'],employed,['none'],['none'],homeowner,3,24968.0,2448,2200,0,2520,2088,1847,2360,3984,1984,4328,2087,1863,1,0,1,1,0,0,2,0,0,3,2648,2560,2424,1656,2216,1992,2872,2920,2424,3080,1824,1664,2520,2,3,3,3,3,3,3,4,3,3416,2840,3096,2096,2328,1688,3,2,2,1,1,2,2,2,2,2,2,2,1,1,1,2,2,2,3,2,1416,2536,1399,2984,2224,1351,2280,1552,2512,2168,2232,1584,2464,1728,3632,3072,4,4,2,3,3,2,1,1,8,2,27,18,29,7,,0,,,6
1209428.0,1,yes,44213.10000000149,[],True,sub_17998,causal,no,white_british,woman,getting_by,30.0,['none'],employed,"['medication_prev', 'other_tx_prev']",['none'],other_housing,3,58012.0,4920,4181,0,5463,5733,3662,7677,10143,7852,3805,6083,4243,1,1,2,1,0,2,3,1,2,2,2252,3288,1925,6164,2953,3241,3702,8856,3614,3280,3287,3264,5255,2,2,3,3,3,3,2,3,3,7869,4739,6259,8545,7718,5327,2,2,2,1,0,1,1,1,1,1,1,0,2,0,2,2,1,1,1,1,3423,3837,4507,5049,3869,3024,4077,3789,4141,4036,3900,2842,4627,2571,6928,3558,2,3,3,2,2,1,1,1,14,3,24,13,16,6,0 days 00:20:59,0,,,6
1900763.0,1,yes,65434.70000000112,[],True,sub_75910,causal,no,black,woman,getting_by,35.0,['none'],employed,['none'],['none'],homeowner,3,35166.0,6698,48997,0,3684,108003,5670,8046,13930,4856,5548,5612,5216,1,0,1,1,1,1,1,1,1,1,2429,3736,2497,7944,7608,4842,4169,6959,2695,3221,3057,3015,3605,3,3,4,4,2,3,3,3,3,8056,8070,6140,7988,37038,7018,4,4,4,1,1,2,0,2,1,0,4,0,4,0,4,0,4,0,4,0,4685,8729,2852,5368,7647,4055,3106,5507,4599,3124,2832,3002,4671,3471,5175,4748,3,4,6,4,4,5,1,1,8,2,28,26,26,12,0 days 00:32:17,0,,,6
1119158.0,1,yes,98289.60000038148,[],True,sub_24679,control,no,white_british,woman,doing_okay,60.0,['none'],employed,['none'],['none'],homeowner,3,53599.0,3655,4831,0,4687,7135,10175,12615,15510,9879,3766,6574,5719,0,0,1,1,0,3,1,0,0,1,6071,4983,1975,4383,5519,4615,4463,8943,3567,3263,7079,8231,10111,1,2,2,1,2,1,1,2,1,10943,44983,9623,5887,6911,4143,0,0,1,1,2,0,0,1,0,0,1,0,0,0,1,0,1,1,1,0,7366,9311,4767,8087,5391,5471,5831,3327,8655,7055,4287,3807,6647,6855,10615,4655,4,4,4,5,4,4,1,1,7,2,13,25,8,1,,0,,,6
1115933.0,1,yes,118616.39999961852,[],True,sub_95851,causal,no,white_british,woman,doing_okay,51.0,['none'],employed,['none'],['prefer_not_to_say_disability'],homeowner,2,49028.0,5335,7294,0,2799,2583,4207,5575,8327,4719,2294,5877,3134,1,0,1,1,0,1,1,0,1,1,2095,5782,1822,4952,5159,2327,3007,5135,5358,4919,5031,3303,7392,2,2,2,2,3,2,2,2,2,4495,3102,4111,5527,3958,4714,2,1,0,1,1,1,0,1,1,1,2,1,1,1,2,1,2,0,1,1,5062,3936,4688,5767,51326,6622,4118,3623,4976,3662,3486,3152,3727,6143,5030,6383,4,4,4,4,4,4,1,1,7,2,19,24,17,3,0 days 00:19:10,0,,,6
578682.0,1,yes,46658.0,[],True,sub_59757,causal,yes,white_british,man,doing_okay,47.0,['none'],employed,"['medication_prev', 'talk_therapy_prev']",['none'],homeowner,3,36044.0,3037,4212,0,3354,2762,3346,3857,6469,4354,3873,4318,2396,1,0,1,1,0,1,1,0,2,2,1940,3211,1412,5371,4021,1818,4012,6182,3953,2452,2545,2904,4539,1,2,2,2,3,1,1,2,1,5865,3789,3262,4472,3314,3530,0,0,0,1,0,1,1,0,1,0,1,0,1,0,1,1,0,0,1,1,2285,2159,1868,4729,3244,3379,2769,2993,2229,3053,1760,3570,3572,2561,3642,2911,4,4,4,6,3,3,1,1,9,2,15,24,9,0,0 days 00:09:58,0,,,2
800684.0,1,yes,29857.89999999944,[],True,sub_30494,causal,no,white_british,man,doing_okay,26.0,['none'],employed,['none'],['none'],homeowner,3,31013.0,2768,3097,0,3547,4476,3216,37470,8816,4142,3336,6925,3917,0,0,1,1,0,1,0,1,0,2,3088,3178,2370,3161,4301,2833,3559,6176,3896,2651,4405,2474,3991,2,2,3,3,1,4,3,3,4,13284,3812,6219,4788,4230,3272,1,0,1,1,1,1,0,2,2,1,0,0,2,1,2,0,0,1,0,1,2185,2456,2574,3097,4929,2359,3359,3202,2977,2150,2598,3279,2920,2615,2672,5586,4,3,5,5,4,5,1,1,5,2,25,26,14,2,0 days 00:13:41,0,,,5
725771.0,1,yes,31723.800000000745,[],True,sub_35046,causal,no,white_british,non-binary,getting_by,26.0,['medication'],employed,['medication_prev'],['none'],other_housing,3,51101.0,2706,3009,0,2201,5305,3059,3439,5439,5097,2601,3773,3074,1,0,1,2,0,3,2,1,3,2,2741,4439,2101,3171,2409,2214,2095,3320,4250,2178,2573,2321,3253,1,1,3,3,4,1,1,4,3,5271,4178,4565,2525,6585,3664,4,4,4,1,4,4,4,2,2,4,4,4,2,4,4,4,3,4,3,2,2649,2061,1599,4193,3560,2426,2305,2710,2417,2173,2397,2110,2756,2071,2563,2699,3,0,0,0,3,0,1,1,14,3,21,6,54,12,0 days 00:12:19,0,,,6
1189049.0,1,yes,108690.40000000596,[],True,sub_76739,causal,no,black,woman,getting_by,36.0,['none'],employed,['none'],['none'],tenant,2,58057.0,5372,14374,0,9798,13795,9315,8547,7137,21945,192649,21018,33660,1,1,1,1,2,2,1,2,1,1,16657,4731,4136,8474,13182,6061,13304,4724,3334,5777,4738,5243,9831,2,2,2,2,2,2,2,2,2,9058,5044,11197,27892,3838,7546,2,3,2,1,2,1,2,2,1,2,2,2,2,1,1,2,2,1,2,2,5685,3166,6669,3761,5364,12524,2433,2608,2876,12332,2487,13463,3694,3731,6700,7677,3,4,3,4,4,3,1,1,11,2,18,21,27,7,,0,,,5
1216098.0,1,yes,292586.0,[],True,sub_59037,causal,no,white_british,man,getting_by,27.0,['none'],employed,['none'],['none'],tenant,3,35984.0,2695,3565,0,1953,2917,3557,6353,4696,11498,3439,3673,2950,2,0,1,1,0,0,1,1,1,2,1941,13168,1187,2685,7867,3867,3713,27319,2180,2028,1971,3130,3826,1,2,2,2,3,2,2,2,1,3798,4181,3787,4749,4187,3454,1,1,1,1,1,1,1,2,2,2,2,1,1,1,2,0,1,1,2,1,2886,8227,2549,3582,2348,2319,3944,2842,2362,2505,1915,2724,3141,2158,3313,61752,5,5,5,3,4,4,1,1,8,2,17,26,21,3,0 days 00:20:34,0,,,3
1021023.0,1,yes,32420.5,[],True,sub_80172,control,no,other_ethnicity,woman,getting_by,26.0,['none'],employed,['medication_prev'],['none'],tenant,3,49691.0,4681,4865,0,5464,5148,5164,7280,6417,3813,3431,5880,4298,0,0,1,1,0,1,1,1,0,1,3747,3765,2497,6649,3565,2431,5131,6431,4464,2631,4598,4615,5816,1,2,2,2,2,1,2,1,2,5599,10897,5448,6948,7432,4498,1,2,1,1,0,0,0,0,0,0,1,0,1,0,1,0,0,0,1,1,2613,6831,4114,2965,7397,2815,4831,4147,5049,4148,4347,2898,8082,2748,6664,6132,3,2,4,3,2,2,1,1,5,2,15,16,5,4,0 days 00:17:28,0,,,6
580192.0,1,yes,24568.600000000093,[],True,sub_40534,control,no,white_british,man,doing_okay,25.0,['none'],employed,['medication_prev'],['none'],other_housing,3,26116.0,2997,2762,0,2323,2388,4784,3581,5632,4487,3218,2655,3464,2,0,1,1,0,1,0,1,1,2,1903,2222,3317,2319,3191,4287,2921,5599,2803,2839,3049,2006,4796,3,3,3,3,3,4,2,3,2,3554,4901,3313,4972,5540,5785,3,2,2,1,1,1,2,2,0,0,2,1,2,1,3,1,0,1,2,1,1802,2802,1675,2829,2435,1930,2099,2716,4850,1962,10383,1516,3595,3755,2144,2231,3,4,4,3,4,4,1,1,8,2,26,22,20,7,0 days 00:09:55,0,,,6
2739296.0,1,yes,220423.20000000295,[],True,sub_75797,control,yes,black,woman,doing_okay,27.0,['talk_therapy'],employed,['medication_prev'],['none'],homeowner,3,141093.0,4994,4110,0,6024,16025,4902,6142,15292,6563,14726,7184,4508,1,0,2,1,0,2,2,1,1,2,1864,4225,2130,4435,4601,1771,2948,7692,4313,1970,6138,4486,4598,1,2,3,3,3,1,2,2,1,74526,2375,4970,2588,4374,3569,1,1,3,1,3,2,2,3,3,2,2,3,2,1,1,2,1,3,1,1,4739,3740,2780,26054,6203,3182,2366,105386,84660,20891,2955,3622,2326,2493,14471,3524,4,4,2,5,2,4,1,1,11,3,18,21,32,5,0 days 00:48:10,0,,,2
778519.0,1,yes,540442.5,[],True,sub_14925,causal,no,white_british,woman,struggling,27.0,['none'],employed,['none'],['none'],other_housing,3,64948.0,3999,3398,0,4795,4215,3465,3615,9319,3298,3235,4107,4447,1,1,3,2,0,2,0,0,2,3,3481,3315,1781,3849,2682,2699,3482,8515,6132,2530,2933,2665,5465,2,1,4,3,2,2,2,1,4,7332,6631,5233,4514,7699,4880,1,1,1,1,0,0,0,1,0,0,4,0,0,1,0,0,0,0,0,0,4731,3031,3783,3365,7865,2448,3731,3881,2799,3598,3948,4048,3815,2431,6046,5266,0,0,0,1,1,1,1,1,14,5,21,3,6,3,0 days 00:38:07,0,,,6
2041319.0,1,yes,88983.0,[],True,sub_52041,control,no,white_british,man,struggling,53.0,['none'],employed,['none'],['none'],homeowner,3,91458.0,7220,9421,0,8229,13852,7132,9196,12335,14108,5028,12812,5516,0,0,2,2,0,0,2,0,0,1,4108,7363,3660,6302,8141,3276,10133,23956,8901,3516,4724,6716,11014,2,2,3,3,3,4,2,2,3,8719,5894,8997,6780,14132,13549,3,3,2,1,2,3,1,2,3,1,1,1,1,2,2,2,2,0,1,2,5084,7980,6268,20820,11764,6172,9060,6612,10141,5020,7028,4588,5637,10028,8828,19996,4,4,5,4,3,4,1,1,7,4,24,24,26,8,0 days 00:35:20,0,,,6
702192.0,1,yes,33602.59999999404,[],True,sub_64559,causal,no,white_british,woman,doing_okay,27.0,"['talk_therapy', 'medication']",employed,"['talk_therapy_prev', 'medication_prev', 'self_guided_prev']",['none'],homeowner,3,38024.0,4822,6069,0,3214,3432,3826,3760,5767,3223,3374,2735,2207,2,1,1,1,1,1,3,1,2,2,1680,3271,1699,3601,3144,1864,3307,4545,2164,1884,2640,3884,5560,3,4,4,3,3,3,3,3,3,6276,4366,4187,5644,4960,3650,3,4,3,1,2,3,3,3,3,3,3,2,4,3,3,2,3,3,4,3,2916,2585,2665,3807,3049,2572,3671,2564,2922,2979,3774,3239,3214,3196,4860,3136,4,3,5,4,2,4,1,1,14,2,29,22,47,10,0 days 00:12:11,0,,,2
1019886.0,1,yes,36389.5,[],True,sub_88967,causal,no,white_british,man,doing_okay,39.0,['none'],employed,"['talk_therapy_prev', 'medication_prev']",['none'],homeowner,3,50994.0,4869,7327,0,3816,5782,7257,43322,7094,7739,4654,5305,4571,1,0,1,1,0,1,1,1,1,2,3420,4916,3879,25180,8384,3345,6004,10547,3358,3000,3679,3115,5043,2,2,2,2,3,1,2,2,2,9262,3835,3954,4514,4473,3745,2,3,2,1,1,0,0,0,0,0,1,0,2,1,2,1,0,1,0,1,7034,4333,4881,8491,23354,3319,3742,3430,3665,3554,4207,2730,3863,3758,4969,3580,4,4,1,5,4,2,1,1,8,2,18,20,10,7,0 days 00:17:44,0,,,6
851091.0,1,yes,48494.299999999814,[],True,sub_49031,control,no,white_british,man,doing_okay,47.0,['none'],employed,['none'],['none'],homeowner,3,39630.0,4528,6135,0,5079,5423,5639,5607,8703,4927,3408,5262,3550,1,0,1,1,0,1,1,0,1,1,2199,4983,2311,3935,3183,2303,3759,10471,3279,3238,4311,4504,5959,3,2,3,3,1,2,2,2,3,4935,3199,3895,5263,5607,3935,1,1,0,1,1,1,2,2,0,1,0,0,1,1,1,0,1,0,0,0,4671,5512,6815,7055,6159,5080,12696,5175,4103,5255,4295,4120,4791,4535,7447,4694,5,5,5,5,5,5,1,1,7,2,21,30,11,2,0 days 00:14:32,0,,,3
681137.0,1,yes,48964.699999809265,[],True,sub_55723,control,yes,white_british,woman,doing_okay,45.0,['medication'],employed,"['talk_therapy_prev', 'medication_prev', 'self_guided_prev']",['concentration'],homeowner,3,49429.0,3693,4281,0,3676,7885,3877,6114,5771,3837,4919,3515,3805,1,0,1,1,1,1,1,1,2,2,2134,3078,4142,5555,5214,5193,3703,5469,3301,2642,4725,2781,3925,2,2,1,1,2,2,1,2,2,6779,4236,3989,5383,4462,3576,3,3,2,1,1,0,1,2,1,1,1,0,1,0,1,0,1,0,0,0,3326,4413,2838,6125,4078,4641,5118,3351,7109,4205,3037,2981,5460,3370,8383,3686,3,3,3,4,2,2,1,1,10,2,15,17,10,8,0 days 00:11:38,0,,,6
1517915.0,1,yes,204439.59999999404,[],True,sub_94288,control,no,black,man,getting_by,20.0,['none'],employed,['none'],['none'],tenant,2,60079.0,9644,5888,0,7546,7508,6655,7548,17060,6206,4579,5529,6516,0,0,1,1,0,1,1,1,2,2,4418,5259,3706,9225,12202,3563,5179,9756,147366,4048,7060,13570,11163,3,2,3,2,3,1,1,2,2,21097,3527,3673,4809,10403,13858,4,0,3,1,0,1,0,0,0,0,3,0,2,0,3,1,2,0,0,0,3184,13157,4222,3814,7066,3256,12727,5574,4705,3726,7126,3750,4846,3125,7251,7646,3,1,3,5,4,5,1,1,8,2,19,21,12,7,0 days 00:26:01,0,,,6
686211.0,1,yes,33860.200000000186,[],True,sub_73368,causal,no,white_british,woman,getting_by,24.0,['prefer_not_to_say_tx_current'],unemployed,['prefer_not_to_say_tx_prev'],['concentration'],other_housing,3,42458.0,2852,5221,0,5176,4049,2593,5214,4830,8323,3866,5650,2548,1,0,1,1,1,1,1,1,0,1,1588,4787,1841,4474,1921,3223,2771,16209,4349,1633,13468,2533,80755,1,3,3,2,3,4,3,4,4,9351,3476,2801,2082,5200,6343,3,2,1,1,0,3,1,2,2,2,3,2,2,0,3,0,3,2,3,2,2684,3820,6737,2112,8701,2052,6689,2775,3273,3730,10571,12355,5235,1888,9013,3688,4,4,4,4,3,3,1,1,7,2,27,22,30,6,0 days 00:11:45,0,,,5
922588.0,1,yes,90485.19999998808,[],True,sub_78257,causal,no,white_british,woman,getting_by,32.0,['medication'],not_seeking,"['talk_therapy_prev', 'medication_prev']",['none'],tenant,3,56446.0,4757,4098,0,3980,4048,4069,4481,5390,6369,4113,4544,4547,2,0,1,1,0,3,1,1,0,2,3612,3503,2767,4132,4400,3348,4686,5758,3434,3265,3976,4557,5173,2,4,4,4,3,3,1,4,3,5543,4477,4774,4765,4782,4537,3,4,2,1,2,4,1,3,2,4,4,1,3,2,3,3,2,2,1,1,5381,4690,4342,6394,4990,5423,4442,6671,4051,4127,3327,3809,8295,4592,6556,4658,1,1,1,0,3,1,1,1,10,2,28,7,38,9,0 days 00:16:16,0,,,6
956765.0,1,yes,65752.90000000037,[],True,sub_14733,control,no,white_british,woman,getting_by,41.0,['none'],employed,['none'],['none'],tenant,3,97518.0,7498,4853,0,3738,4147,4206,4884,8922,4622,4486,6399,3488,0,0,1,1,1,1,2,2,1,3,3939,5632,3222,4934,5279,7102,4357,6692,2876,2640,3858,3368,4287,1,3,3,2,3,2,1,1,3,9349,6019,9263,6352,5306,5153,2,2,2,1,3,1,2,3,0,1,4,1,2,3,2,1,0,3,1,1,2614,5144,4832,4442,4254,2794,4938,4003,3642,3325,2698,2693,7236,4840,6415,4234,3,3,3,4,4,3,1,1,10,2,19,20,28,6,,0,,,6
583408.0,1,yes,33934.90000000037,[],True,sub_71869,control,no,white_british,man,struggling,54.0,['none'],unemployed,['none'],['none'],homeowner,3,50983.0,3121,4914,0,2975,3289,2741,3708,5792,4130,2671,3568,3752,1,1,1,1,1,1,1,1,1,1,3484,2286,2309,4082,2608,2080,2612,5446,2178,1650,4190,2144,4318,2,2,3,3,3,2,2,3,3,7399,2572,4319,3098,3575,3567,3,3,3,1,3,3,3,3,1,3,3,1,3,3,3,2,3,3,2,2,3331,3446,2542,2508,8748,3681,2254,2834,3314,4229,2288,2760,2630,3081,3562,2930,5,4,5,4,4,4,1,1,9,2,23,26,41,9,,0,,,6
1022020.0,1,yes,54390.800000071526,[],True,sub_66391,causal,no,white_british,woman,getting_by,56.0,['none'],employed,"['medication_prev', 'other_tx_prev']",['none'],tenant,3,76385.0,4899,4130,0,3848,4382,4128,6765,14217,4767,7297,4682,3881,1,1,2,1,0,2,2,1,2,2,5215,6763,5382,34701,10485,4415,6115,6565,4532,3516,4348,3715,6000,3,3,3,3,3,3,3,3,3,12067,4765,5764,6065,4832,5082,4,3,3,1,3,2,1,2,2,1,1,0,1,3,1,1,3,2,3,1,3633,4532,5515,4265,9098,4532,3581,7417,4416,3714,3849,4848,4997,4198,4782,7514,2,1,2,1,1,1,1,1,13,3,27,8,27,10,0 days 00:17:36,0,,,6
876215.0,1,yes,47843.39999997616,[],True,sub_56229,causal,no,asian,woman,doing_okay,42.0,['none'],employed,['self_guided_prev'],['none'],homeowner,3,48552.0,4511,5322,0,6204,8145,6001,8553,8345,7161,5268,7146,4354,0,0,1,1,0,1,1,1,0,1,3999,5057,2912,6185,6557,2605,4149,7622,5504,3716,3435,3236,7917,2,4,3,4,3,3,1,2,3,7698,7504,6345,5891,4304,6336,3,4,3,1,3,2,2,4,1,2,3,2,2,3,1,2,2,0,3,1,3213,4165,4204,9706,5093,4835,7862,8745,4257,4258,5059,3236,3922,4955,5192,11024,4,5,4,4,4,4,1,1,5,2,25,25,33,10,0 days 00:15:04,0,,,5
777273.0,1,yes,111013.30000000076,[],True,sub_49333,causal,yes,white_british,man,getting_by,31.0,['none'],employed,"['talk_therapy_prev', 'medication_prev', 'self_guided_prev']","['concentration', 'social_interaction', 'other_impact']",tenant,3,43907.0,2599,3232,0,2863,6015,40565,18899,5379,3396,4115,2397,2730,0,1,2,1,1,0,2,2,2,2,1983,2199,1464,2663,2484,2848,1932,4130,1979,1514,2547,1882,2731,2,2,4,3,4,3,2,3,3,4745,3597,2481,3365,4464,2199,4,2,3,1,2,4,3,4,3,4,3,1,3,3,4,2,3,4,3,2,5815,2347,1681,2800,2214,2515,1831,2230,1963,3631,1897,1750,2632,2415,2881,3267,3,4,3,4,4,3,1,1,11,3,26,21,48,9,0 days 00:13:27,0,,,6
650371.0,1,yes,53779.0,[],True,sub_68683,causal,no,white_british,woman,doing_okay,46.0,['none'],not_seeking,['none'],['none'],homeowner,3,38365.0,2704,4183,0,2485,3620,3524,2829,5435,4513,2921,3247,3507,0,0,1,1,0,2,0,0,0,2,3205,2540,2742,3309,3983,3254,4302,7245,4794,2365,4072,8707,5629,2,2,2,2,2,1,1,2,2,5430,4845,4786,3360,5377,3780,1,1,1,1,0,1,0,1,1,0,1,1,1,0,1,0,1,0,1,0,5246,3803,2448,3659,5738,3229,3240,5133,3648,2786,3053,2634,3496,3179,3430,5524,4,5,5,4,4,4,1,1,6,2,16,26,9,3,0 days 00:11:16,0,,,6
1274166.0,1,yes,54337.39999997616,[],True,sub_69375,causal,no,white_british,woman,getting_by,33.0,['none'],unemployed,['none'],['none'],homeowner,3,67105.0,6303,10953,0,5215,4436,5704,6495,13539,9354,3466,12053,5342,3,0,1,1,0,0,2,1,0,1,4098,5838,2942,8342,4936,2886,4843,7591,4149,3152,4222,4312,4984,1,1,1,1,1,1,1,2,1,6329,5559,4652,6895,9310,6607,2,4,4,1,0,0,0,0,0,0,0,1,2,1,0,0,1,0,0,0,3843,6158,2983,17687,13272,5796,8571,5875,5482,4799,3863,4126,5873,6554,5496,4230,0,4,0,4,1,1,1,1,8,2,10,10,5,10,,0,,,6
768685.0,1,yes,82802.0,[],True,sub_37744,control,yes,white_british,woman,getting_by,54.0,['medication'],employed,"['talk_therapy_prev', 'medication_prev']","['concentration', 'physical_effort']",tenant,3,48246.0,3580,3448,0,8901,3733,2562,4485,8924,3526,3155,3315,2516,0,1,1,1,1,2,1,1,1,1,6202,2870,1931,3352,3614,6076,3044,4602,2521,3179,5720,3294,4315,2,4,4,3,3,3,3,4,4,10022,3390,4546,6798,3289,6221,2,3,3,1,4,3,2,4,3,3,4,1,3,3,2,2,2,3,3,3,3361,3470,3194,3400,3838,2967,2627,5655,3255,4456,2594,2157,3771,3052,3195,5426,3,3,4,2,3,4,1,1,9,2,30,19,45,8,0 days 00:13:23,0,,,6
820506.0,1,yes,121565.80000001192,[],True,sub_16956,causal,no,white_british,woman,doing_okay,57.0,['medication'],employed,['medication_prev'],['none'],tenant,3,46701.0,2891,5659,0,3924,4840,4094,4283,4722,7224,3288,5175,3423,1,0,1,1,0,2,0,0,0,3,2956,2728,2391,3555,3721,4501,2671,5246,3485,2563,3626,4676,4525,2,4,1,1,1,4,1,3,3,4665,3453,5745,4644,2993,3977,0,3,0,1,2,0,0,1,1,0,1,1,0,2,3,1,0,1,0,2,3797,4402,3712,5008,4855,4797,4651,3893,3267,3385,3165,3445,3119,3955,5681,4641,4,4,4,5,4,4,1,1,8,2,20,25,15,3,,0,,,0
911800.0,1,yes,71250.20000000298,[],True,sub_16209,control,no,white_british,man,getting_by,25.0,['self_guided'],employed,['talk_therapy_prev'],['none'],tenant,3,82891.0,4665,3207,0,9161,3169,3992,4845,5912,4029,3843,4451,2189,2,0,1,1,0,1,1,1,0,1,2243,3437,1631,2425,2853,6203,4146,11227,2454,3423,3924,3120,5235,3,2,4,3,4,2,1,3,4,7710,3222,5695,5073,4952,4992,4,2,1,1,2,1,0,4,1,3,0,0,2,2,3,2,0,1,2,0,2391,5445,8424,4051,7796,3799,5462,4427,14330,2559,4284,4286,3631,3077,3449,2872,1,2,4,5,2,4,1,1,7,2,26,18,23,7,,0,,,6
773538.0,1,yes,21747.300000000745,[],True,sub_57001,causal,no,white_british,woman,getting_by,50.0,['none'],employed,"['talk_therapy_prev', 'medication_prev', 'other_tx_prev']","['physical_effort', 'other_impact']",homeowner,3,66020.0,3058,2822,0,3303,2476,3487,18766,5267,4751,11458,2849,2882,1,0,2,2,0,3,1,1,1,3,2565,5329,2164,2881,2182,2715,2858,3437,3016,1878,2507,2986,3092,2,2,3,2,2,2,1,2,2,4714,4135,3663,18932,4599,5718,1,2,2,1,1,1,1,2,1,0,3,1,2,1,2,3,1,1,1,2,2526,3480,2270,5735,3717,2911,3510,56869,4822,2867,2028,2904,4082,3175,27771,3532,4,4,5,3,4,4,1,1,13,4,18,24,23,5,0 days 00:13:10,0,,,6
1585459.0,1,yes,140217.69999998808,[],True,sub_96839,control,yes,white_british,woman,getting_by,52.0,['self_guided'],employed,['none'],['social_interaction'],homeowner,3,124220.0,8107,32203,0,8412,31252,6300,6188,31778,24659,9435,6419,6219,1,0,1,2,1,1,0,1,2,3,8131,6947,4867,6578,13885,3885,12004,11124,5021,4612,4468,4980,5957,1,2,3,2,2,2,2,2,2,10262,4700,8252,5916,5036,5804,3,4,3,1,1,2,0,1,2,1,1,0,1,0,1,1,2,0,1,0,5452,6282,5621,7404,10869,4660,6941,6252,11229,6645,4541,8099,8475,6676,8173,11524,4,4,4,4,4,4,1,1,11,3,18,24,14,10,,0,,,6
940248.0,1,yes,82775.79999999993,[],True,sub_90097,control,yes,white_british,woman,getting_by,31.0,['medication'],employed,"['medication_prev', 'talk_therapy_prev']",['concentration'],tenant,3,56733.0,6289,3889,0,6081,5788,11766,5451,6444,6580,4549,15371,3059,2,1,1,1,2,1,1,2,1,1,6579,8627,1855,3310,17627,2252,3621,9712,1840,3555,2024,3095,2413,1,2,3,3,3,3,2,3,4,7063,2544,4009,2714,2708,2401,2,3,3,1,2,2,1,1,3,2,3,2,3,2,1,2,1,2,1,3,1951,1991,1672,1962,2628,2008,24023,1689,33681,1721,5767,2147,2186,3072,2644,2239,2,4,2,3,4,4,1,1,11,2,24,19,31,8,0 days 00:16:06,0,,,6
1215173.0,1,yes,48271.5,[],True,sub_39153,causal,prefer_not_to_say_neurodiv,white_british,man,doing_okay,27.0,['talk_therapy'],employed,"['talk_therapy_prev', 'medication_prev', 'other_tx_prev']",['concentration'],tenant,3,48273.0,3597,3001,0,3815,6799,3668,3346,6380,6346,7845,3862,12149,2,0,1,2,0,3,1,1,2,3,2002,4051,2595,3629,3915,2869,2595,8665,2599,2666,3122,3041,4731,2,2,4,2,3,4,2,3,2,3681,4150,3102,5278,2350,4830,3,2,3,1,1,2,1,1,3,1,3,2,3,0,3,1,2,1,2,1,1907,2486,3087,2062,3047,2747,2680,2150,2396,2765,2883,15031,2381,7283,13582,3246,5,4,4,2,4,3,1,1,14,3,24,22,27,8,0 days 00:20:43,0,,,4
1500987.0,1,yes,440067.0,[],True,sub_82822,control,yes,white_british,man,struggling,37.0,"['talk_therapy', 'medication', 'self_guided']",employed,"['talk_therapy_prev', 'medication_prev', 'self_guided_prev', 'other_tx_prev']","['concentration', 'reading_writing_maths', 'social_interaction', 'other_impact']",other_housing,3,61817.0,4593,3447,0,4865,27412,4292,4429,238065,4390,10610,4564,3093,1,0,0,2,3,0,1,1,3,1,1940,2862,6279,5260,2743,7026,2732,5479,3361,2511,3761,3362,4833,1,3,4,4,3,4,2,3,3,6892,5478,3564,4577,3296,3243,3,2,2,1,3,4,3,3,3,3,4,2,3,3,3,3,2,3,3,3,3330,2893,2493,3048,4796,2859,2843,4213,3094,4695,3461,2346,4698,9092,3809,4011,4,1,5,1,1,1,1,1,11,2,27,13,48,7,0 days 00:25:34,0,,,6
833652.0,1,yes,37789.0,[],True,sub_41741,causal,yes,white_british,man,doing_okay,23.0,['none'],employed,['talk_therapy_prev'],['social_interaction'],tenant,3,45050.0,3149,4065,0,4282,17581,2505,7139,3673,4294,3817,4690,2787,2,0,1,1,0,2,1,1,1,2,2394,2457,1547,2851,2010,2145,2120,3804,2346,2258,4396,2995,5430,1,2,3,3,3,2,2,3,3,6542,3340,4248,3552,31420,22958,3,3,3,1,1,2,1,1,3,2,3,1,2,1,2,1,1,1,3,2,3827,2369,3073,2764,3700,2583,2393,3107,2215,1636,1898,2036,16664,1849,2899,1739,3,4,2,3,2,2,1,1,10,2,22,16,27,9,0 days 00:14:19,0,,,5
823984.0,1,yes,26089.300000000745,[],True,sub_51183,causal,yes,white_british,woman,struggling,44.0,"['medication', 'talk_therapy']",employed,"['talk_therapy_prev', 'medication_prev', 'self_guided_prev']","['reading_writing_maths', 'social_interaction']",tenant,3,49452.0,3743,3055,0,2731,6955,3162,3020,6819,3025,3223,3263,2634,1,1,1,2,0,3,3,1,0,2,2193,3609,2013,1976,4161,2825,1972,4055,4188,2035,1955,2897,3908,3,3,4,3,4,3,2,3,4,6223,4827,4379,3457,4829,9167,4,4,4,1,3,3,3,4,4,4,3,2,4,4,3,2,4,2,4,2,6009,2415,2525,3237,11517,2747,3251,9097,2141,2327,1553,2353,3167,3417,2931,4097,4,3,3,5,4,4,1,1,13,3,29,23,51,12,0 days 00:14:01,0,,,6
926683.0,1,yes,78843.5,[],True,sub_60061,control,no,white_british,woman,getting_by,26.0,['none'],employed,['none'],['none'],tenant,3,57011.0,3583,3220,0,3298,3351,10157,5038,8777,6154,2842,10737,6056,2,0,1,1,0,1,2,1,2,2,2422,4030,2715,5209,11160,6039,12136,7611,4756,3302,17897,3135,5158,2,2,3,3,3,2,2,2,3,5634,4039,5292,8720,11012,3964,3,2,2,1,3,4,1,3,3,2,3,2,2,2,2,0,2,2,3,2,2126,2403,3620,4940,8171,2292,3708,3752,3802,2770,4111,6812,3254,2689,4019,6672,5,2,5,2,2,3,1,1,11,2,22,19,36,7,,0,,,5
650860.0,1,yes,36600.60000002384,[],True,sub_51454,control,no,white_british,woman,doing_okay,51.0,['none'],employed,['none'],['none'],homeowner,3,46637.0,4978,5713,0,10129,3947,6214,4097,6133,5856,4343,4546,3860,1,0,1,1,0,0,2,1,0,2,4632,3546,5280,4481,4697,11929,4343,5664,5011,3926,6511,4973,5233,2,3,3,3,3,3,2,3,2,6981,4160,6198,6316,4630,4296,3,3,2,1,1,4,3,2,3,3,2,0,3,0,3,1,3,1,4,3,6630,4229,3595,5118,3827,4180,3145,6230,3663,4179,25154,5882,3311,4924,3831,3344,6,4,6,3,5,5,1,1,7,2,24,29,36,8,0 days 00:11:36,0,,,5
1613918.0,1,yes,1046098.7000000002,[],True,sub_84560,control,no,black,woman,doing_okay,29.0,['medication'],not_seeking,['medication_prev'],['none'],tenant,3,93760.0,6608,17384,0,12602,16765,22218,7164,16907,46076,16892,7265,29861,0,1,1,1,0,1,1,1,1,1,4513,6970,3663,36550,6690,4207,13922,40445,4298,3134,4558,3705,11600,1,1,1,1,3,1,1,1,1,15902,4753,6649,35590,7020,10916,1,2,1,1,0,3,0,1,0,1,1,0,1,0,1,0,0,0,0,0,12956,8376,6174,11663,5153,19108,14613,4192,5268,6573,4442,8445,7405,11336,5700,5426,4,4,4,1,2,3,1,1,7,2,11,18,8,4,,0,,,2
1042659.0,1,yes,77334.29999999999,[],True,sub_51164,control,yes,white_british,man,getting_by,56.0,['none'],employed,['none'],['none'],homeowner,3,90498.0,8314,6770,0,7959,8973,5732,11048,10953,6353,4748,6896,5426,0,0,1,1,2,1,0,0,0,0,6553,6765,4482,4882,5715,11680,8563,7163,7765,5565,5074,6431,6565,3,4,3,2,1,4,2,3,1,5893,7391,5731,5431,8581,27061,1,0,1,1,2,1,1,1,1,1,3,1,1,0,2,0,3,2,1,3,5728,5762,8458,6965,6093,4085,5809,5918,7314,5203,5588,6660,6581,3381,8277,3791,4,4,1,4,3,1,1,1,5,2,23,17,23,2,0 days 00:18:10,0,,,0
666196.0,1,yes,34228.09999999404,[],True,sub_26629,causal,no,white_british,woman,struggling,50.0,['none'],unemployed,['talk_therapy_prev'],['none'],tenant,3,58310.0,3355,4620,0,4326,8022,3221,4326,6342,8674,3655,6086,11157,1,0,2,1,0,1,1,1,0,3,4999,3041,2858,3960,2478,5204,2964,10082,3811,2780,5619,3349,4886,2,3,3,2,2,3,1,2,2,5530,3169,7138,4316,5591,2877,1,4,2,1,1,2,1,2,2,1,2,1,1,1,1,2,2,1,1,2,3257,2654,3308,6140,3306,3599,3421,6217,3901,3421,2869,2517,3324,4036,4179,4832,3,3,4,4,5,4,1,1,9,3,20,23,23,7,,0,,,4
843743.0,1,yes,50687.5,[],True,sub_20105,control,no,white_british,woman,doing_okay,39.0,['none'],employed,['talk_therapy_prev'],['none'],homeowner,3,47694.0,2615,2756,0,2590,3415,2981,2920,7982,4377,2359,3527,2181,0,0,1,1,0,0,2,0,1,0,3960,2247,1798,5103,9406,2118,2814,3631,2663,2766,5285,3647,5160,1,3,2,2,3,2,2,2,2,4983,7343,4287,6294,9016,3950,2,1,2,1,0,3,0,2,2,2,3,0,2,1,1,0,0,0,0,2,5207,3008,2433,2893,4663,2575,20625,2981,37311,2668,6462,3248,19469,3311,14406,132961,5,4,5,1,4,4,1,1,5,2,19,23,18,5,0 days 00:14:37,0,,,6
1639205.0,1,yes,106874.2999999998,[],True,sub_71029,control,no,white_british,woman,doing_okay,41.0,['medication'],unemployed,['medication_prev'],['none'],homeowner,3,130092.0,6887,8278,0,8119,10535,9185,9020,11680,16151,6939,12509,8050,0,0,1,1,0,1,1,1,1,2,6957,4044,4511,7481,6525,3806,12631,10085,3967,6344,6074,6673,7572,3,2,2,2,1,1,1,2,2,11170,7260,10063,7847,10045,6508,1,3,2,1,1,0,0,2,0,1,1,0,0,0,1,0,0,0,0,0,6802,5188,5102,9024,6340,7009,6134,5154,13218,6628,9723,3513,5475,12471,7326,6717,5,3,4,6,4,4,1,1,7,2,16,26,6,6,,0,,,6
1365073.0,1,yes,75735.60000000056,[],True,sub_47805,control,no,white_british,woman,struggling,46.0,['none'],not_seeking,['none'],['none'],homeowner,3,66186.0,6053,8438,0,6591,8166,6164,10988,8312,8087,4172,38630,5275,0,0,1,1,1,1,1,1,1,1,7165,4274,2766,8446,12361,3711,41073,8223,5422,2474,5523,4588,6287,2,4,3,2,1,3,2,3,2,11404,7806,6996,7390,7467,5894,3,2,2,1,3,3,4,3,3,3,3,4,4,3,3,3,2,3,3,3,5523,6694,4904,8628,68388,6873,5230,17909,4183,4544,9010,6186,5973,70380,7975,4070,2,6,5,6,6,6,1,1,7,2,22,31,50,7,0 days 00:23:39,0,,,6
1210350.0,1,yes,60598.60000014305,[],True,sub_17311,control,no,white_british,man,getting_by,58.0,['none'],not_seeking,['none'],['none'],homeowner,3,86424.0,4022,9807,0,8106,11279,8160,6889,12159,5785,4399,6190,10406,0,0,2,1,0,1,1,1,0,1,4530,7089,4221,8464,6141,4335,5875,7293,13203,3239,7928,5835,8154,1,2,2,3,2,1,1,1,1,11184,9230,8397,10184,10581,13058,1,0,1,1,2,4,1,4,1,2,3,2,0,2,3,1,1,3,0,2,6497,5559,12923,7423,8740,4673,13465,5251,15451,5698,15206,5814,7424,5264,10956,9969,3,2,4,1,3,4,1,1,6,3,14,17,31,2,0 days 00:20:50,0,,,6
955747.0,1,yes,30442.900000095367,[],True,sub_40757,control,no,asian,man,doing_okay,37.0,['none'],employed,['none'],['none'],homeowner,3,34839.0,3998,3893,0,5522,6333,4734,6748,6397,4610,6405,5723,5453,2,0,1,2,0,1,0,0,0,2,4406,3494,5004,3677,4166,4207,4805,7197,5363,2804,4255,3781,6724,1,2,2,2,2,2,1,3,2,7226,5997,3812,12993,6237,6379,2,1,0,1,0,3,1,0,1,1,1,0,2,0,2,2,3,0,1,1,3716,3829,4141,5926,6717,3333,4285,3148,3412,5669,6493,2616,3677,4165,4812,4629,5,5,5,4,5,5,1,1,8,3,17,29,18,3,0 days 00:16:34,0,,,6
1462452.0,1,yes,56896.0,[],True,sub_66362,control,no,white_british,woman,getting_by,23.0,"['medication', 'talk_therapy']",employed,"['talk_therapy_prev', 'medication_prev', 'self_guided_prev']",['none'],other_housing,3,35548.0,2880,3941,0,45526,7918,2606,4318,6494,4285,4646,4676,3037,0,0,1,2,0,2,1,2,1,1,2966,8342,3014,2117,2535,4567,3278,8854,2710,1822,2156,3056,3191,1,4,4,3,4,3,3,3,2,6319,3534,5863,4388,5635,2272,4,4,3,1,3,2,3,3,3,4,4,0,1,4,3,1,3,4,4,2,2429,4044,2566,1942,2641,2318,6565,3662,2457,389430,2150,2388,4544,2222,3014,12214,2,2,3,1,2,2,1,1,8,3,27,12,44,11,,0,,,5
1575381.0,1,yes,512690.5,[],True,sub_58651,causal,no,white_british,man,getting_by,23.0,['none'],unemployed,['talk_therapy_prev'],['none'],other_housing,3,44865.0,3879,4388,0,2321,3918,2864,4295,4883,3100,233204,3436,2694,1,0,1,1,0,1,2,1,1,1,2057,2733,2362,2749,3072,2261,3918,121538,3597,2010,2732,1984,2847,2,2,3,2,3,3,2,3,2,4674,4091,2500,3383,121508,5037,3,3,2,1,1,1,0,0,0,1,3,0,2,1,1,1,1,1,2,1,2892,4025,2848,5675,3531,2846,3010,3983,2861,2482,2129,2463,6243,9904,3694,2620,5,4,5,3,4,4,1,1,8,2,22,25,16,8,0 days 00:34:43,0,,,5
1011814.0,1,yes,77967.89999997616,[],True,sub_27365,control,no,white_british,woman,struggling,55.0,"['medication', 'self_guided']",employed,"['talk_therapy_prev', 'medication_prev', 'self_guided_prev']",['none'],other_housing,3,75436.0,3835,4789,0,6632,5980,4826,6230,10906,6598,11446,7789,3222,0,0,1,1,0,0,3,1,1,3,4163,4842,4554,13643,3994,6286,4450,5269,4323,5820,3938,3699,7642,3,2,4,4,3,3,3,4,4,13061,6270,6112,8746,3472,4153,3,4,3,1,1,3,2,3,3,2,1,0,3,1,2,0,3,1,2,1,5574,3063,9323,5023,5900,3665,4858,4243,6175,3947,3691,7587,7233,3704,5307,5424,5,5,4,3,4,4,1,1,9,2,30,25,28,10,,0,,,6
1426310.0,1,yes,62709.59999999963,[],True,sub_38474,causal,no,white_british,man,getting_by,39.0,"['talk_therapy', 'medication']",employed,"['talk_therapy_prev', 'medication_prev', 'self_guided_prev']",['none'],homeowner,3,77786.0,4585,6180,0,6179,6347,3987,19779,7946,7146,3957,13077,5726,0,1,3,2,0,1,2,1,1,1,2936,5280,3601,5100,7428,4389,6679,7836,6557,6653,8625,8116,10587,1,1,3,4,3,2,2,2,2,65741,15150,7607,12083,8857,284402,2,2,1,1,2,1,1,2,0,1,2,0,2,2,1,1,0,1,1,2,17478,5622,4611,7436,4990,4082,9337,7627,5611,4728,4058,3740,5976,5559,11486,15848,4,2,4,4,4,5,1,1,11,5,20,23,19,5,0 days 00:24:06,0,,,5
952748.0,1,yes,66187.59999999963,[],True,sub_48070,control,yes,white_british,man,getting_by,59.0,['none'],employed,"['talk_therapy_prev', 'self_guided_prev']",['none'],tenant,3,93058.0,3989,4942,0,5015,5629,6024,6090,6293,5388,4205,4880,3797,1,0,1,2,0,0,0,0,1,1,3773,3237,5918,3148,3645,5960,6813,6973,5509,3474,6004,4006,4814,2,2,2,1,2,1,1,1,1,8937,5781,7449,5925,6545,4257,0,2,0,1,1,0,1,2,0,1,0,0,0,0,2,0,1,1,0,0,4968,4149,4892,6189,12141,6820,5469,5485,5126,6142,4836,6326,8533,5702,3749,5453,3,3,4,1,1,1,1,1,6,3,13,13,9,2,0 days 00:16:31,0,,,4
1208335.0,1,yes,43984.10000014305,[],True,sub_34902,control,prefer_not_to_say_neurodiv,asian,man,struggling,23.0,['none'],unemployed,['none'],['none'],other_housing,3,50370.0,5180,3063,0,3529,3484,3959,7141,8204,7774,2675,4687,3511,1,1,2,2,0,1,3,1,1,2,1852,3201,2201,2847,2376,1535,2655,6472,2701,3515,4252,3075,4784,2,1,3,2,3,1,2,2,2,19131,5005,7085,5297,41482,6064,2,1,3,1,1,3,2,2,1,1,1,0,2,2,2,2,0,2,1,2,2834,4514,4252,5227,3776,4004,3558,3265,4077,3441,2981,2842,4123,3028,4172,3479,1,2,1,2,1,3,1,1,13,4,18,10,24,6,0 days 00:20:51,0,,,6
968549.0,1,yes,87269.10000002384,[],True,sub_51485,causal,yes,white_british,man,getting_by,64.0,['self_guided'],employed,['talk_therapy_prev'],['none'],homeowner,3,105066.0,6102,4954,0,6466,7194,8234,7138,14302,9726,5126,10786,4794,0,0,1,1,2,1,1,0,0,2,4314,4526,3250,7162,7498,5631,6026,14882,5919,4806,7546,6830,12051,3,4,1,2,4,4,3,3,3,16535,5106,6569,6190,5174,6322,2,4,1,1,1,3,3,3,1,2,1,1,2,1,1,2,3,1,4,2,4090,4686,5326,5803,7290,6189,7274,4844,7387,4926,4066,5168,5222,5413,7578,5002,5,5,5,6,5,6,1,1,8,2,27,32,31,7,0 days 00:16:30,0,,,6
663175.0,1,yes,24445.79999999888,[],True,sub_30433,control,no,white_british,man,struggling,48.0,['none'],employed,['none'],['none'],tenant,3,28679.0,2339,2852,0,2268,1978,3388,3387,7319,3020,3488,3429,2402,0,0,2,2,0,3,2,1,0,3,3506,2766,1616,2426,2467,2189,3573,3551,3220,3318,2206,2824,3595,2,3,4,3,2,3,3,3,3,5387,3052,4844,3331,3250,2602,4,2,4,1,4,3,3,3,2,3,4,2,3,4,3,3,2,3,3,3,2587,2488,1692,2615,3628,2364,2648,2816,2613,2732,1833,2381,3956,2553,3795,3756,2,2,2,0,1,1,1,1,12,4,26,8,48,10,,0,,,4
676891.0,1,yes,20945.0,[],True,sub_44677,control,yes,white_british,man,doing_okay,26.0,['none'],employed,['none'],"['social_interaction', 'concentration']",tenant,3,43953.0,4971,3483,0,10524,5391,4050,6937,7203,2643,4326,5163,2447,1,0,1,1,0,1,1,0,1,2,1799,3057,9483,4879,3774,1600,4796,6929,5136,2614,3720,2160,4605,1,3,2,2,3,2,1,2,1,8512,32118,4134,4247,5738,1826,4,4,3,1,0,3,2,1,3,2,1,1,1,0,0,3,3,1,1,2,2607,4229,2340,3664,6576,3845,5562,6581,4129,3025,2396,2882,2717,4820,7902,5923,3,1,4,2,3,3,1,1,8,2,17,16,24,11,0 days 00:11:35,0,,,4
1076081.0,1,yes,232227.90000000596,[],True,sub_64240,causal,yes,black,man,struggling,39.0,['none'],not_seeking,['none'],['other_impact'],tenant,3,88626.0,3751,5767,0,13432,11126,12695,12054,8113,11375,5751,6444,12815,1,0,1,1,2,1,2,2,2,1,2495,19607,2647,7703,4696,5711,6415,10463,9167,2759,5271,5599,6912,2,3,3,2,4,3,1,3,3,9759,2967,3631,4503,4846,4304,2,2,2,1,2,3,2,2,2,2,3,0,2,2,1,3,2,2,2,2,3680,5182,5623,7231,7535,4735,6855,4631,8479,4664,8271,3886,5808,4543,5247,4104,4,4,4,4,4,4,1,1,11,2,24,24,32,6,,0,,,6
527434.0,1,yes,48639.0,[],True,sub_13159,control,no,white_british,woman,doing_okay,41.0,['none'],employed,['none'],['none'],homeowner,3,30820.0,3508,2958,0,2695,3696,2892,2746,6217,2564,2963,2960,1826,2,0,1,1,1,1,0,1,1,2,1760,2174,1877,3451,4377,4162,3306,4908,2392,1924,2545,2428,2682,2,2,3,2,3,2,2,3,2,4550,3463,4695,2911,5147,3245,2,1,2,1,0,0,0,0,1,0,1,0,0,0,1,0,1,0,0,1,1940,2877,3094,2490,4360,1991,2639,2074,3315,3907,2211,1640,3977,2876,2458,3724,5,5,5,5,5,5,1,1,9,2,21,30,5,5,0 days 00:09:07,0,,,6
544042.0,1,yes,27785.099999999627,[],True,sub_46396,causal,yes,white_british,man,getting_by,38.0,['medication'],employed,"['talk_therapy_prev', 'medication_prev', 'self_guided_prev']","['concentration', 'other_impact']",tenant,3,49448.0,2760,3352,0,4052,3492,3204,3302,4919,4080,3180,3738,4159,1,0,1,1,0,1,1,1,2,2,3342,2148,2308,2857,1994,2338,2298,3924,2602,2206,2524,2458,2779,1,4,3,3,3,3,1,3,3,3279,4182,2550,3396,3584,3520,2,2,1,1,1,4,2,3,1,3,2,1,2,2,1,2,3,2,2,2,2416,3014,2692,3830,3602,3262,3082,2872,3573,2238,2408,2098,3028,2558,3546,2628,4,2,4,4,4,4,1,1,9,2,24,22,33,5,0 days 00:09:20,0,,,4
697540.0,1,yes,39797.300000000745,[],True,sub_70763,causal,no,white_british,woman,doing_okay,34.0,"['talk_therapy', 'self_guided']",employed,"['talk_therapy_prev', 'medication_prev', 'self_guided_prev']",['concentration'],tenant,3,64082.0,3093,4822,0,3686,6334,4678,7420,5726,6529,3841,7312,4051,1,0,1,2,0,1,0,1,1,3,3970,3217,4013,4368,4977,7326,6853,4837,2472,4562,2858,3949,4960,1,1,3,1,4,2,2,3,2,7649,5655,3523,4034,4261,4012,3,3,3,1,1,4,0,1,1,1,4,0,2,1,1,0,2,1,2,1,4549,4000,2291,3684,6186,4296,6039,6251,3377,3081,5748,5247,4044,3456,5702,3921,4,3,4,5,4,3,1,1,9,3,19,23,22,9,0 days 00:12:02,0,,,0
1092173.0,1,yes,36195.59999990463,[],True,sub_65816,causal,yes,white_british,man,doing_okay,31.0,['none'],employed,['none'],['concentration'],tenant,3,40614.0,3842,4483,0,3175,3391,3397,136480,7594,3503,3376,4694,2168,1,0,0,3,0,2,0,0,1,2,7918,15851,3391,4922,7578,3053,13297,13184,19642,1760,2243,5826,46113,2,4,2,2,3,1,1,1,1,7069,3591,5139,6395,3702,21298,0,1,0,1,1,2,0,1,2,3,2,1,1,0,1,0,1,1,1,0,2943,2799,2174,6514,2977,2762,3642,2942,25389,3273,1714,3157,4976,2466,2640,26554,4,3,5,6,4,5,1,1,9,3,17,27,17,1,0 days 00:18:41,0,,,6
829197.0,1,yes,19192.20000000298,[],True,sub_41267,control,yes,white_british,woman,doing_okay,28.0,['talk_therapy'],employed,['talk_therapy_prev'],['social_interaction'],homeowner,3,30288.0,3477,4580,0,3819,3267,2171,3832,6500,3714,2806,2896,2547,1,1,1,1,1,2,1,1,2,2,1906,1618,2950,2485,2423,2025,1535,2563,2017,1502,1995,1884,3226,2,3,3,3,4,3,3,3,3,4489,1508,3314,10070,2067,2269,3,3,3,1,1,3,3,3,3,2,3,3,3,3,3,3,2,3,2,2,3025,1403,1653,3464,2526,3350,67199,2181,2485,1676,7932,1437,81118,1786,3596,1692,2,5,4,3,3,4,1,1,12,2,27,21,42,9,0 days 00:14:00,0,,,6
1134468.0,1,yes,54750.40000000596,[],True,sub_52948,control,no,white_british,man,doing_okay,55.0,['none'],not_seeking,['none'],['none'],homeowner,3,76773.0,4918,6520,0,5905,7133,3941,5969,9881,11918,4533,5727,4761,0,0,1,1,0,1,0,1,1,1,4014,3329,3010,6197,3474,3621,4565,8665,4279,4033,3757,5126,6606,3,3,1,1,1,4,1,1,1,9318,6177,8454,7517,7686,6872,3,4,3,1,0,1,0,3,0,1,2,2,0,0,0,0,1,0,0,0,3686,5430,3622,6961,7741,6363,5046,3829,3702,7490,3122,3186,7690,3998,6477,9437,5,4,5,4,4,5,1,1,5,2,16,27,10,10,0 days 00:19:24,0,,,5
545811.0,1,yes,75914.5,[],True,sub_11640,control,yes,white_british,woman,getting_by,46.0,"['medication', 'talk_therapy']",unemployed,"['talk_therapy_prev', 'medication_prev', 'self_guided_prev']","['concentration', 'physical_effort', 'social_interaction']",tenant,3,65282.0,4041,4308,0,4348,3860,4267,3630,4136,3951,3224,4718,3237,1,0,1,1,0,2,1,1,2,1,4193,3422,2939,3378,6437,4366,4675,3727,3496,4043,2973,3580,3807,2,2,3,2,3,2,2,2,2,3956,3658,4538,4065,5292,4398,2,3,2,1,1,2,1,2,2,2,2,1,1,2,2,2,1,1,2,2,4177,4894,4494,3704,4776,4074,3667,4073,3460,4155,3382,3726,4841,3335,3713,3683,4,5,4,4,4,5,1,1,9,2,20,26,26,7,0 days 00:09:39,0,,,6
918991.0,1,yes,32330.0,[],True,sub_76102,causal,yes,asian,man,doing_okay,25.0,['none'],employed,['none'],"['concentration', 'social_interaction']",other_housing,3,46840.0,5519,4004,0,4867,4364,4192,4416,7656,6704,4019,4401,2962,0,1,1,1,1,1,1,1,1,1,2046,5429,2272,3929,5647,2503,5730,10177,2894,4980,4537,3066,4837,1,1,2,1,4,2,1,2,1,5983,3817,4267,4634,4964,5227,3,3,2,1,1,2,2,3,0,0,1,0,2,1,0,0,0,1,1,0,4184,3532,3854,4980,4439,3967,5000,2878,5099,3958,4673,5195,4103,2999,6442,5579,2,4,2,5,4,2,1,1,8,2,15,19,14,8,0 days 00:15:28,0,,,6
2075973.0,1,yes,64911.0,[],True,sub_73602,causal,no,black,man,getting_by,30.0,['none'],employed,['none'],['none'],tenant,3,87080.0,5205,7241,0,8154,8409,6893,11116,8454,6736,7388,6772,23912,2,0,1,1,0,3,2,1,1,2,13020,5920,5521,8074,9885,13876,19071,12093,6576,12846,9353,5287,8468,2,1,2,1,3,3,2,2,2,8220,10801,8423,10990,7343,10039,1,2,1,1,0,2,0,1,0,2,2,0,1,0,2,0,1,0,0,0,7334,6994,4357,7345,8294,9951,11163,6318,18848,5775,9468,4221,6054,10343,10175,13510,3,6,5,4,4,5,1,1,12,2,18,27,11,4,0 days 00:35:45,0,,,5
1762006.0,1,yes,41778.0,[],True,sub_15771,control,yes,white_british,woman,getting_by,52.0,['medication'],employed,"['medication_prev', 'talk_therapy_prev', 'self_guided_prev']",['physical_effort'],homeowner,3,70634.0,26782,8064,0,4247,13647,10865,17799,9282,4898,4933,4764,4382,2,0,1,1,0,1,0,0,1,2,2798,3931,2998,4348,5200,3615,6714,6916,3582,4265,4115,4215,5398,2,3,2,3,2,3,2,1,2,23448,7649,4332,6296,16749,5715,1,3,1,1,2,4,1,3,1,3,2,0,1,2,3,2,3,3,1,2,15481,27481,3566,5364,6314,14047,5265,9382,5499,3930,6081,10716,49266,5851,5499,27018,4,5,4,4,4,4,1,1,8,2,20,25,33,5,0 days 00:30:32,0,,,6
762192.0,1,yes,26214.0,[],True,sub_37164,control,no,asian,man,getting_by,22.0,['none'],unemployed,['none'],['none'],other_housing,3,32149.0,3884,5473,0,3385,2456,2865,3701,5399,2799,3002,3222,2364,2,0,2,3,0,2,0,1,1,2,3216,2723,2363,5261,4216,3116,3619,4478,3930,2257,3181,3099,4688,1,1,1,1,1,1,1,1,1,5209,4584,3316,11236,14908,2974,2,3,3,1,0,4,1,1,0,1,4,1,0,1,0,2,2,2,1,2,14170,3821,5158,7140,3439,3187,4133,3946,4188,3681,3524,3258,4636,4692,6525,8828,1,1,3,3,3,3,1,1,12,5,9,14,22,8,0 days 00:12:59,0,,,5
1317506.0,1,yes,169677.70000004768,[],True,sub_77377,causal,no,black,woman,getting_by,35.0,['none'],employed,['none'],['none'],tenant,2,36583.0,4214,9181,0,6698,5682,4084,17908,22861,5419,4411,37240,5309,1,0,1,1,0,1,1,1,1,1,2949,3600,2660,4242,8201,4078,3003,111039,2945,4343,5006,5692,7956,1,2,3,2,4,2,2,2,1,8945,5345,5267,7571,8414,7606,2,2,1,1,0,0,0,1,0,0,1,1,1,0,1,0,0,0,1,1,3146,6294,2611,5887,4963,3588,4647,4431,4685,14621,2502,3023,4974,3885,7425,6395,5,5,5,5,4,5,1,1,7,2,19,29,7,5,0 days 00:22:33,0,,,6
525633.0,1,yes,29698.0,[],True,sub_78696,causal,no,white_british,woman,getting_by,25.0,['none'],employed,['none'],['none'],homeowner,3,37319.0,3241,3325,0,1691,2059,2689,5668,3709,1991,1875,1783,2442,1,0,2,1,1,1,2,1,1,2,1250,3319,2092,3048,2240,1509,2321,2122,1857,1496,1772,1377,2682,2,3,2,2,3,3,3,3,2,3052,2139,2325,2305,2137,1572,1,2,1,1,2,2,1,2,1,1,2,2,2,1,2,2,1,1,2,2,1472,2305,1039,2009,1672,1323,1405,3462,3715,1240,1355,3383,2255,1171,1607,1439,4,5,4,5,4,1,1,1,11,3,23,23,26,4,0 days 00:09:09,0,,,1
1585133.0,1,yes,105261.60000002384,[],True,sub_71702,control,yes,white_british,man,doing_okay,41.0,['none'],employed,['medication_prev'],['none'],tenant,3,52184.0,7806,5206,0,4223,4647,4190,6031,5722,6159,3175,3926,5406,1,0,1,1,3,2,0,1,1,1,3695,3295,3127,4151,8271,3119,5007,10270,4615,2783,3351,6638,6518,2,1,2,1,3,3,2,2,2,29591,8151,5871,27974,3735,29287,0,1,1,1,1,2,0,1,2,1,1,0,1,1,2,1,2,1,1,2,3111,3854,3942,3327,13622,4423,3893,119343,3445,4015,5065,3726,3983,146064,5672,33191,4,2,4,5,4,5,1,1,10,2,18,24,19,2,0 days 00:27:21,0,,,5
1436962.0,1,yes,89669.0,[],True,sub_72440,control,no,white_british,man,getting_by,42.0,['none'],employed,['none'],['none'],tenant,3,86797.0,6806,7783,0,16994,6977,9657,10475,15208,8697,5356,7931,5660,0,1,1,1,1,2,3,1,1,3,3274,6392,5473,5795,10482,9629,5728,11065,5664,3696,4397,3948,8037,1,1,3,3,2,2,2,2,3,9720,8580,5523,9983,10580,6941,4,4,3,1,3,3,2,3,1,1,3,0,2,2,2,2,2,2,2,1,7312,5471,7593,6395,7071,6916,7359,15396,9499,4721,6108,4250,7468,6660,7231,8152,2,3,5,4,3,4,1,1,13,2,19,21,31,11,,0,,,6
1011827.0,1,yes,45112.20000004768,[],True,sub_75669,control,no,white_british,man,getting_by,32.0,['none'],employed,['none'],['none'],homeowner,3,186285.0,5511,5919,0,16416,4950,5197,11112,7316,4983,4415,4182,3067,0,0,1,2,0,1,1,1,1,3,2100,3284,2149,3249,2767,4136,3416,16496,7298,2214,2850,4648,5232,2,2,3,2,4,4,2,3,3,6986,4123,3178,8147,9201,3706,2,4,2,1,2,3,1,1,2,2,3,0,2,2,2,3,2,2,3,2,3285,4581,3479,7052,6666,3446,3817,5068,3834,3883,3031,2485,5250,4882,4966,6300,4,4,4,3,4,4,1,1,9,3,25,23,32,8,0 days 00:17:22,0,,,6
770203.0,1,yes,42196.29999995232,[],True,sub_29876,control,no,asian,non-binary,doing_okay,23.0,['none'],employed,"['talk_therapy_prev', 'medication_prev']",['none'],other_housing,3,41272.0,2527,4231,0,5087,3399,4479,6831,7511,3943,2783,5847,2607,0,1,1,1,0,0,2,0,0,3,3647,8495,2479,5831,3215,2879,2503,6688,2903,3663,1815,2023,3575,1,3,3,4,4,1,1,2,1,7183,3903,5903,5919,3719,5768,4,4,4,1,2,3,4,4,3,3,4,3,1,2,4,2,4,4,4,4,4128,3719,2374,4272,4456,3215,2327,3471,4455,3543,3887,2231,2727,2672,4063,3016,2,2,4,3,0,2,1,1,8,2,20,13,51,12,0 days 00:13:14,0,,,6
766998.0,1,yes,56872.19999998808,[],True,sub_44622,causal,no,white_british,woman,doing_okay,45.0,['self_guided'],employed,['talk_therapy_prev'],['none'],homeowner,3,41171.0,3029,3604,0,4530,3612,3600,5066,6228,4148,3525,4501,2756,1,0,1,1,0,1,1,0,1,1,1711,2217,3175,7601,3089,8023,2311,4587,1807,1818,3940,2621,2538,3,4,3,2,3,3,3,4,2,3416,4898,2616,2571,4685,3217,3,1,2,1,1,1,0,0,2,0,2,0,2,1,1,0,2,0,1,0,1969,3775,2159,3432,5325,3039,4875,3130,4069,3443,2792,7239,4304,2406,3689,3707,4,5,4,3,5,6,1,1,7,2,27,27,13,6,0 days 00:13:09,0,,,6
792221.0,1,yes,45954.89999999851,[],True,sub_88820,control,no,white_british,woman,doing_okay,29.0,['none'],employed,['none'],['none'],other_housing,3,33072.0,5039,3829,0,4581,4166,4263,4997,6788,5108,2965,3580,2677,1,0,1,1,0,1,2,1,1,1,3182,2750,1838,4902,6331,2509,4949,9614,3215,1670,3926,3453,6275,1,2,3,2,3,1,2,1,2,5854,6589,5965,5565,12474,2879,4,3,3,1,0,3,0,0,1,0,3,1,1,0,1,0,4,0,1,1,2726,4745,2637,5239,5238,2701,2973,2935,2750,4373,4549,3309,3619,2768,3895,4374,5,5,5,4,5,5,1,1,8,2,17,29,16,10,0 days 00:13:43,0,,,4
676344.0,1,yes,43763.40000000596,[],True,sub_19330,control,no,white_british,man,getting_by,30.0,['none'],employed,['none'],['none'],homeowner,3,35556.0,4327,3863,0,4038,5108,3370,6235,5275,6230,3423,3231,5298,3,0,1,1,1,2,0,1,1,2,5020,3044,2597,3223,6041,2568,3806,8075,2651,2329,2641,2726,3494,2,3,3,2,4,4,2,3,3,6450,2920,4203,4623,4002,4170,3,4,3,1,1,0,0,2,0,1,2,0,2,1,3,0,0,0,1,1,3923,2736,3152,4927,3445,2669,3230,2710,3079,2816,2676,3774,3818,5087,3736,6249,5,5,5,4,4,5,1,1,11,2,26,28,14,10,0 days 00:11:43,0,,,5
957322.0,1,yes,59048.80000001192,[],True,sub_57109,causal,no,white_british,woman,getting_by,46.0,['none'],employed,['none'],['none'],homeowner,3,44698.0,3343,3754,0,4435,4203,3459,6606,12136,5559,3940,5781,6424,2,0,1,1,0,2,1,0,1,2,2692,5622,2764,5338,6630,6613,5172,9276,4135,2544,3659,3422,5809,2,2,2,2,2,3,2,2,3,13186,5975,7162,16074,6257,8106,2,3,2,1,0,3,1,1,3,2,2,2,3,0,2,1,1,1,2,2,4133,5482,4071,9830,5279,3158,4041,3964,5728,6473,3235,2902,5762,7023,4713,6017,4,4,4,3,3,4,1,1,10,2,20,22,26,7,0 days 00:16:36,0,,,1
1014699.0,1,yes,135981.69999999553,[],True,sub_69047,control,no,white_british,man,getting_by,36.0,['none'],employed,['medication_prev'],['none'],homeowner,3,47469.0,3850,6994,0,4340,3316,6374,6084,9933,4659,6330,4321,2664,2,0,1,1,0,1,2,1,2,2,2303,5012,3781,5422,4850,3082,4092,10284,3360,2473,3531,4410,5396,2,2,3,2,3,2,2,2,2,6087,3581,4211,2916,6479,8486,1,1,2,1,1,2,1,2,2,2,2,1,1,1,1,1,2,1,1,1,5345,4473,2626,7180,5613,3020,3432,4493,7939,3238,2520,2682,6046,3850,3496,3161,5,5,5,5,5,5,1,1,11,2,20,30,22,4,0 days 00:17:52,0,,,6
518775.0,1,yes,52604.0,[],True,sub_45872,causal,no,white_british,woman,getting_by,31.0,['none'],employed,['none'],['none'],homeowner,3,29268.0,2880,3196,0,3704,7930,4132,3999,5150,4654,3217,3939,1747,2,0,2,1,0,1,2,1,1,2,12674,2948,2041,3030,2392,1987,2352,4976,1830,2256,2053,2164,5267,3,3,3,3,3,4,3,3,3,4931,5759,3105,5158,2536,2546,3,3,3,1,2,2,2,2,2,2,3,2,3,2,3,2,2,2,2,3,1169,3360,1732,2310,2733,1945,1972,2137,5531,2080,1728,4613,2781,2025,2322,8138,4,4,4,3,4,4,1,1,11,3,28,23,36,9,0 days 00:09:02,0,,,2
902471.0,1,yes,47192.0,[],True,sub_30712,causal,no,white_british,man,getting_by,23.0,['none'],unemployed,['none'],['none'],other_housing,3,43059.0,2545,6016,0,3052,2864,8505,3373,8175,5294,3601,4203,1911,0,0,1,1,0,0,1,1,1,1,2153,1960,2282,5188,10149,1859,3219,6248,2495,1358,6221,2230,10724,1,2,2,2,3,2,2,2,2,6046,3056,5133,3980,8740,2294,1,2,1,1,1,1,1,1,1,2,2,0,1,1,1,1,1,1,1,1,4796,1945,1812,2752,7170,3217,3013,4264,2594,3520,2219,2268,2400,3146,3462,3445,5,5,5,4,5,5,1,1,5,2,18,29,17,4,0 days 00:15:35,0,,,6
1720731.0,1,yes,181219.8000001907,[],True,sub_10692,causal,no,white_british,woman,getting_by,65.0,['none'],not_seeking,['none'],['none'],tenant,3,77479.0,6012,6125,0,10579,6948,8703,5609,9277,6809,6739,5759,9889,0,0,1,2,0,3,2,1,1,2,7034,5419,3963,5030,8886,8112,6334,8576,9194,3446,9404,3675,7170,2,2,4,3,3,2,1,3,2,12775,10053,10048,12733,10138,15857,2,4,4,1,2,3,3,2,2,1,2,0,2,1,2,1,2,1,3,1,4427,5808,8015,8755,6284,10722,8575,16320,11279,13193,21648,7217,10822,6363,4429,11900,4,4,5,1,2,2,1,1,11,3,22,18,28,10,,0,,,6
781510.0,1,yes,31438.800000000745,[],True,sub_89154,causal,yes,white_british,man,doing_okay,35.0,['medication'],employed,['talk_therapy_prev'],"['reading_writing_maths', 'physical_effort']",tenant,3,90079.0,4576,5560,0,5576,7503,6144,9312,8753,10410,6169,5527,5641,1,0,2,1,2,1,1,2,2,1,2920,2768,2040,6105,6233,3911,5088,12705,3247,2832,2640,4712,5864,3,1,3,2,3,2,3,3,4,9249,4896,3575,4384,4592,5064,4,4,4,1,2,3,0,1,3,1,3,0,2,1,3,1,3,0,2,1,6361,3487,5728,7080,6255,3384,3495,3616,3864,6632,6441,5696,4192,4559,5457,4368,4,3,6,6,4,6,1,1,11,3,24,29,26,12,0 days 00:13:33,0,,,4
570858.0,1,yes,143840.90000009537,[],True,sub_44776,causal,no,white_british,woman,doing_okay,35.0,['none'],employed,"['talk_therapy_prev', 'self_guided_prev']",['physical_effort'],homeowner,3,62636.0,4084,2805,0,3533,2837,2794,2962,3680,4542,2887,2331,2011,1,1,1,1,0,2,1,1,1,2,1618,2706,1839,2202,2686,1699,1894,6983,3515,1885,2425,2470,3673,2,2,4,2,3,3,3,3,3,4419,3620,4518,3105,2966,2227,3,1,2,1,0,2,2,3,1,2,2,1,3,1,2,1,2,2,2,1,4287,2197,2797,3755,2966,2203,2338,2489,2502,2617,2040,1974,3473,1949,2421,3056,4,4,4,4,3,4,1,1,10,2,25,23,27,6,0 days 00:11:21,0,,,6
1042508.0,1,yes,67405.40000009537,[],True,sub_79257,causal,yes,white_british,man,getting_by,35.0,"['talk_therapy', 'medication']",employed,['medication_prev'],['social_interaction'],other_housing,3,81327.0,5346,6055,0,9295,6768,4204,5391,8975,6138,10461,4025,4259,1,0,2,2,1,3,1,2,1,2,4439,3433,4202,5446,4251,3303,6592,6228,4734,3218,7233,4223,6007,2,3,4,3,3,2,2,3,4,6720,9195,6551,5961,6054,7996,3,3,4,1,2,4,2,4,3,4,3,2,2,2,3,3,2,2,3,2,5911,3746,4028,8959,13439,4569,54187,4306,4739,4127,3320,3326,3638,4072,3605,6654,4,4,5,4,4,5,1,1,13,4,26,26,43,10,0 days 00:17:55,0,,,6
876915.0,1,yes,61590.89999997616,[],True,sub_49544,control,no,mixed,man,getting_by,49.0,['none'],employed,['none'],['none'],other_housing,3,61172.0,3927,6486,0,3455,8312,4320,8431,9903,7136,5247,5399,4271,0,0,2,2,0,2,0,0,0,3,4256,3295,2151,3727,3271,3223,4775,5294,3032,2783,3743,2671,6143,1,1,3,2,2,1,1,1,1,5473,3672,3678,4048,5367,3863,2,2,2,1,0,2,1,1,0,0,0,0,0,1,0,1,0,0,0,0,4399,3399,5681,5192,4559,5039,4231,2551,3008,4215,4104,5223,3600,7878,3599,3296,5,4,5,5,5,5,1,1,9,4,13,29,6,6,,0,,,6
343851.0,1,yes,14850.899999976158,[],True,sub_50540,causal,no,white_british,man,struggling,32.0,['medication'],employed,['medication_prev'],['none'],homeowner,3,24504.0,3869,4432,0,3061,3184,2976,4139,2752,4229,2588,2505,1805,1,1,3,2,0,2,2,0,0,2,2544,2148,2051,2959,2368,1742,2028,4198,3254,1510,2216,1806,2445,2,1,3,1,2,2,2,3,2,2755,1988,4401,2734,3462,2576,1,0,2,1,1,2,2,1,0,2,1,1,2,2,3,2,0,1,0,1,3069,2663,1819,2601,3390,2222,1965,2142,2780,2976,1622,1670,2118,2078,3494,3285,3,3,3,4,3,4,1,1,13,5,18,20,21,3,0 days 00:05:50,0,,,3
740724.0,1,yes,43463.199999999255,[],True,sub_91017,control,no,white_british,man,getting_by,55.0,['none'],not_seeking,['none'],['social_interaction'],homeowner,3,49221.0,4680,5155,0,4503,5144,6618,6008,7574,5181,4878,5036,3976,1,0,1,1,0,0,1,0,0,2,3293,4914,3616,7806,5160,4505,7304,4848,5909,3486,4560,5589,6613,1,3,2,2,2,2,2,2,2,6242,3586,4165,4234,5419,3630,2,1,0,1,2,3,3,3,1,1,1,1,1,3,1,3,2,3,2,2,3850,4554,3720,3619,4834,3928,5489,5624,5164,3468,5268,3962,4601,4761,3824,3665,3,3,3,3,3,3,1,1,6,2,18,18,32,3,,0,,,5
732398.0,1,yes,27141.0,[],True,sub_83672,causal,yes,white_british,woman,doing_okay,28.0,['none'],employed,['none'],['social_interaction'],other_housing,3,52836.0,3718,3652,0,3598,6945,2966,6283,6082,3598,4103,5100,2387,1,0,1,1,2,2,0,1,2,2,1971,2374,1667,2514,4136,1974,3842,7400,2480,2585,2198,2520,3909,2,3,2,1,3,3,1,2,1,6505,3241,5512,7562,3937,5065,3,4,4,1,4,4,3,3,2,3,4,2,2,4,3,1,2,3,3,3,3454,2416,1924,2157,4031,2520,2487,4364,3042,2517,1959,2343,2399,3114,2459,3647,2,2,2,3,2,4,1,1,11,2,18,15,46,11,0 days 00:12:34,0,,,6
927583.0,1,yes,43233.60000000009,[],True,sub_97440,control,no,black,woman,getting_by,36.0,['self_guided'],employed,"['talk_therapy_prev', 'medication_prev', 'self_guided_prev']",['none'],tenant,3,88952.0,8512,21498,0,3930,5234,4795,12752,7296,11816,5604,5010,4893,2,0,2,2,1,2,1,1,1,3,2655,6802,3871,4222,4476,2860,5196,23422,6625,3590,6478,4193,5634,2,1,2,3,3,1,3,2,2,6580,5235,6295,6830,4234,4388,4,3,4,1,2,1,1,3,2,1,2,0,1,1,3,1,1,1,2,2,3609,17464,23005,5215,6577,19996,7228,4865,5312,5118,5322,7993,40821,13279,16750,9395,4,6,4,5,6,6,1,1,14,4,19,31,24,11,0 days 00:15:56,0,,,4
626539.0,1,yes,39509.20000004768,[],True,sub_95111,control,yes,white_british,woman,getting_by,27.0,['medication'],employed,['medication_prev'],"['social_interaction', 'concentration']",other_housing,3,54672.0,3389,4013,0,5147,4928,3543,8061,8185,5443,3683,4952,3284,2,1,2,1,0,2,1,1,1,2,2250,2724,2817,6451,4457,2596,4824,6806,3085,1881,3261,2595,4479,2,3,3,2,3,4,3,3,2,4522,2929,2235,4124,2787,4661,3,2,2,1,2,3,3,2,2,3,3,2,3,3,3,3,2,3,2,2,3106,2816,4147,3842,4846,4089,2646,2534,2927,3982,2101,3104,4139,4500,5057,4074,3,2,3,2,2,2,1,1,12,3,25,14,41,7,,0,,,6
745005.0,1,yes,28804.90000000596,[],True,sub_29774,causal,no,white_british,man,doing_okay,31.0,['none'],employed,['none'],['none'],homeowner,3,38035.0,3926,3748,0,4787,3655,5418,15535,9880,2937,3948,4246,3668,2,0,1,1,1,2,0,1,1,2,2277,2701,5382,5124,2951,1984,6235,6062,3060,2035,2930,2924,4421,1,1,3,2,4,2,1,2,2,5539,4951,5151,5317,8371,4879,2,3,2,1,1,2,0,0,0,1,1,0,0,0,1,0,0,0,0,0,13447,4249,2593,4658,6235,1861,3561,2814,4550,2986,2235,1906,4815,8787,4923,4148,4,2,2,2,2,3,1,1,10,2,18,15,6,7,0 days 00:12:41,0,,,5
693450.0,1,yes,33811.0,[],True,sub_46086,control,no,white_british,man,doing_okay,40.0,['medication'],employed,['medication_prev'],['none'],homeowner,3,45829.0,3747,4245,0,4308,4676,3635,5076,5758,3796,5378,4451,2834,2,0,1,1,0,2,0,1,2,2,1953,2827,2419,3635,3247,3803,3972,8240,3965,2635,2678,6426,5407,2,2,2,2,3,2,1,2,2,5597,4963,4752,4057,4268,2601,0,1,0,1,1,0,1,2,0,0,0,0,1,1,2,0,0,0,1,0,3667,3979,3496,6764,5599,2783,3711,3776,4347,4176,3231,2330,5232,3557,6411,6203,4,4,5,6,5,5,1,1,10,2,18,29,9,1,0 days 00:11:54,0,,,6
887691.0,1,yes,51431.90000000596,[],True,sub_50752,causal,yes,white_british,man,getting_by,53.0,['medication'],employed,"['medication_prev', 'talk_therapy_prev']","['concentration', 'social_interaction', 'reading_writing_maths']",homeowner,3,60902.0,6074,6070,0,6110,16311,4304,6378,11324,7718,5214,4833,4371,0,1,1,1,1,1,1,1,1,1,3293,4576,3001,9914,6481,3475,4250,17159,3143,3246,4358,3733,4861,2,3,3,2,2,3,2,3,2,5700,3646,4346,7303,9809,5378,1,2,1,1,1,3,1,1,2,1,2,0,3,1,3,1,2,1,2,2,2885,79503,2312,8662,4419,3033,8581,5877,4554,3144,3122,5260,3829,4501,6360,2955,5,5,5,5,3,5,1,1,8,2,22,28,26,4,0 days 00:14:59,0,,,3
640963.0,1,yes,63563.0,[],True,sub_87856,causal,no,white_british,woman,getting_by,23.0,['none'],unemployed,['none'],['none'],other_housing,3,29746.0,3613,2693,0,3188,5381,3838,3927,4487,3886,4633,4364,2548,1,0,1,2,1,0,2,1,0,3,2356,2131,2010,4906,3795,2482,2814,3821,2621,2018,2189,2937,3737,2,2,4,2,3,2,3,4,3,6199,3749,2980,4649,3928,2467,4,4,4,1,0,1,0,1,0,1,3,1,1,1,1,0,0,1,2,1,2693,3562,2642,4390,5504,3556,2701,3619,7444,2664,3754,2359,3915,2993,4316,4325,4,2,4,2,2,2,1,1,10,3,25,16,14,12,0 days 00:11:01,0,,,6
1041801.0,1,yes,121865.60000002384,[],True,sub_12585,causal,no,white_british,man,struggling,61.0,['medication'],unemployed,"['talk_therapy_prev', 'medication_prev']",['none'],tenant,3,61894.0,6166,5090,0,6432,5498,6197,6680,12756,8262,5426,10613,4620,0,0,1,1,0,3,0,0,0,3,2821,4153,2985,4429,4602,3485,6647,9805,4451,2868,4877,7269,6577,2,1,3,1,3,2,1,1,2,7493,4587,6928,6203,7525,6331,1,0,0,1,1,1,1,2,0,2,3,1,2,1,2,2,0,0,2,2,4879,4281,3638,5565,6365,4936,3675,5383,4457,4271,3210,3341,4143,5127,6365,6691,4,3,3,4,2,3,1,1,8,2,16,19,22,1,,0,,,6
716314.0,1,yes,43738.60000000894,[],True,sub_44800,causal,no,white_british,man,doing_okay,63.0,['none'],not_seeking,"['medication_prev', 'talk_therapy_prev']",['none'],homeowner,3,45627.0,2927,4678,0,5166,4333,3069,5278,7502,5398,4111,7093,4895,0,0,2,2,0,2,1,0,1,2,3958,3189,2999,3040,6160,2221,4664,6319,4300,2135,3126,3063,4342,2,2,2,2,2,2,1,3,1,5152,3456,4622,4917,4349,5598,3,2,2,1,1,2,1,1,1,0,2,0,1,0,1,0,1,0,0,1,3669,4006,3207,3573,6271,3276,3054,3297,7894,3447,2406,3405,4526,4319,4830,3710,3,2,4,2,4,2,1,1,10,4,17,17,12,7,0 days 00:12:26,0,,,6
1953074.0,1,yes,133908.79999998212,[],True,sub_76625,causal,no,black,woman,getting_by,35.0,['none'],employed,['none'],['none'],tenant,3,124634.0,6031,6467,0,9243,9246,5352,10759,19448,11135,5578,12269,13313,0,0,0,2,0,1,0,0,0,2,4877,18322,6031,5365,11555,6810,6130,9022,5862,6295,8193,7479,6816,2,1,2,1,4,1,1,1,2,10534,8863,9325,10649,7448,24084,2,1,1,1,2,0,0,3,0,0,1,0,0,0,1,0,0,0,1,0,9420,8478,11129,8594,9675,5125,10914,9614,10815,4746,5259,4213,7557,5129,8130,6925,4,4,4,5,5,5,1,1,5,2,15,27,8,4,0 days 00:33:46,0,,,5
483884.0,1,yes,31140.0,[],True,sub_31545,control,no,white_british,woman,getting_by,37.0,['none'],employed,['talk_therapy_prev'],['none'],homeowner,3,135939.0,2627,3403,0,1582,2521,1324,3232,4188,1142,3027,2669,1304,2,0,1,1,0,1,0,1,0,3,1170,2395,1342,3784,1146,2304,4256,2875,1151,3036,2066,1504,2280,1,1,2,2,2,2,1,2,2,2236,3295,1453,1264,2355,2782,3,3,2,1,2,4,2,3,3,4,3,3,0,2,4,3,3,3,3,4,1063,3740,2651,1332,2570,2445,1815,1333,5390,1186,2941,1247,1084,1026,1295,1221,4,5,4,4,4,4,1,1,8,2,15,25,46,8,0 days 00:10:50,0,,,6
751990.0,1,yes,67514.70000004768,[],True,sub_42465,control,no,white_british,woman,getting_by,34.0,['talk_therapy'],employed,['talk_therapy_prev'],['none'],tenant,3,42224.0,3498,4934,0,6949,7283,3632,5131,5265,7348,3749,7115,4815,1,0,1,1,1,0,1,1,2,1,4766,5316,7599,8516,5533,2982,4717,4915,3499,2915,3065,3032,6466,1,3,3,3,3,2,2,3,4,6199,5582,3132,4967,9333,3749,2,1,2,1,3,1,2,2,1,2,3,2,2,3,3,3,1,3,2,2,2850,4848,2716,5216,3700,3087,2881,3666,3348,3432,6117,2698,6016,2978,5416,5551,4,4,4,1,4,4,1,1,8,2,24,21,35,5,,0,,,5
1106522.0,1,yes,94773.19999999552,[],True,sub_81621,causal,no,white_british,man,getting_by,37.0,['none'],employed,['none'],['none'],homeowner,3,45686.0,3847,5099,0,5907,10093,4168,5514,9195,4083,3964,5339,3752,0,0,1,1,0,2,1,0,0,1,3144,4972,3794,7341,4140,5258,9062,11757,4408,3694,3664,7448,5413,2,2,1,1,3,1,1,2,1,23934,6076,4438,7125,4962,9338,0,1,1,1,0,0,0,2,0,0,0,0,1,0,0,0,1,0,0,0,4514,4574,3917,8215,5907,4173,3961,3913,11553,3515,3358,4060,5963,4140,3341,5348,3,6,5,5,6,6,1,1,6,2,14,31,4,2,0 days 00:19:17,0,,,6
738860.0,1,yes,39365.699999999255,[],True,sub_45795,causal,no,white_british,woman,getting_by,55.0,['none'],not_seeking,['medication_prev'],['none'],homeowner,3,40041.0,3701,5898,0,4760,4033,5100,6452,7649,8314,4796,3473,4688,0,0,1,1,0,1,1,1,1,1,2533,2678,2363,3552,2964,6515,3455,7429,3092,5589,6602,4677,4895,2,3,3,2,3,2,1,3,2,5991,4637,6749,5119,6469,5790,2,3,1,1,1,2,1,2,0,1,1,0,1,0,1,0,0,0,0,1,7856,3776,3009,4415,10041,3483,5737,4237,3237,3743,4158,3632,6185,4355,6494,11772,5,5,4,5,5,5,1,1,6,2,21,29,11,6,0 days 00:12:40,0,,,6
850191.0,1,yes,61385.0,[],True,sub_90874,causal,no,white_british,man,getting_by,44.0,['none'],not_seeking,['medication_prev'],['physical_effort'],homeowner,3,38258.0,3910,6056,0,5157,4388,4103,7556,7115,8277,5343,7418,3055,1,0,1,2,1,2,1,1,1,3,6621,3317,3982,5278,10471,3872,6121,9791,4614,3126,4271,3102,7598,4,2,2,2,3,3,2,1,3,14321,5878,9359,8197,13766,9391,0,2,2,1,2,4,2,4,2,3,2,1,0,3,2,4,3,1,1,2,4814,4981,4013,5253,3998,3726,5482,4783,7784,5222,6178,2174,4952,6057,5526,4583,1,2,2,2,2,2,1,1,12,3,22,11,36,4,0 days 00:14:34,0,,,6
599286.0,1,yes,22438.60000000149,[],True,sub_48469,causal,yes,white_british,man,doing_okay,40.0,['none'],employed,['talk_therapy_prev'],['concentration'],tenant,3,44150.0,3841,6959,0,3158,3509,3624,13679,7282,3038,3357,3116,2526,2,1,3,2,1,1,1,2,1,2,2742,3006,2246,3464,2430,2912,3918,6726,2942,1814,1792,2340,6022,2,2,3,3,3,2,3,3,3,6200,2629,2271,5951,5222,2542,2,2,2,1,3,3,3,3,3,3,3,3,2,3,2,3,3,3,3,3,3784,2798,2087,4828,4998,12231,3151,3149,6253,2840,2503,2078,4893,8056,3160,3143,3,4,3,4,3,3,1,1,14,5,24,20,46,6,0 days 00:10:06,0,,,5
850088.0,1,yes,52932.90000009537,[],True,sub_73424,control,no,white_british,man,doing_okay,36.0,['none'],employed,"['talk_therapy_prev', 'medication_prev', 'self_guided_prev']",['none'],homeowner,3,39744.0,2523,3298,0,3094,2958,4165,10583,12597,7751,2455,7540,7803,1,0,0,2,0,1,1,3,0,3,3976,2735,4757,4829,3518,7982,2927,7974,3269,3497,6380,5780,4784,1,1,3,2,3,2,2,1,1,5051,6615,6687,7923,4986,4505,4,3,2,1,1,0,0,3,0,1,2,0,1,1,1,0,0,0,2,1,2468,6930,2307,8470,3088,2546,2350,5993,6248,3588,2867,4285,3305,3125,8263,4078,5,3,6,2,4,5,1,1,8,2,16,25,13,9,0 days 00:14:45,0,,,6
1049934.0,1,yes,20108.0,[],True,sub_45656,control,yes,white_british,man,getting_by,27.0,['none'],employed,['none'],"['concentration', 'social_interaction']",tenant,3,29082.0,2574,2610,0,2863,2374,2498,2851,4156,2464,1955,42687,1956,1,0,1,1,0,3,0,0,1,2,1424,1560,2511,3722,2942,2249,2678,3856,6850,1812,2801,3666,2579,1,1,3,4,4,1,2,2,2,99948,62474,3919,71602,5046,2667,4,4,3,1,1,3,2,2,3,3,1,0,3,1,1,4,3,0,2,1,24500,2487,2196,3114,3456,6813,4872,3053,2935,2737,3016,2355,2804,6928,3111,2647,2,2,0,2,1,2,1,1,9,2,20,9,30,11,0 days 00:17:47,0,,,6
1275385.0,1,yes,95953.10000000148,[],True,sub_65654,control,no,white_british,woman,struggling,42.0,['none'],unemployed,['none'],['reading_writing_maths'],other_housing,3,109415.0,6635,6426,0,5244,5116,6074,9817,23604,4649,3964,6270,5570,1,1,1,1,0,1,1,1,1,1,5218,5516,4282,4876,7348,2708,4772,10771,5572,2508,6177,9044,14917,1,2,2,2,3,2,2,2,1,19924,4602,8037,14595,6763,7126,0,1,0,1,3,1,1,2,0,1,2,1,1,3,2,1,0,2,3,1,5330,4620,7963,8379,6380,4515,10995,6621,6668,5700,7851,3634,11221,5043,5050,6235,2,2,2,4,2,2,1,1,8,2,17,14,24,1,0 days 00:22:09,0,,,6
1014219.0,1,yes,84754.39999997616,[],True,sub_74261,control,yes,black,woman,doing_okay,23.0,['self_guided'],employed,['self_guided_prev'],"['concentration', 'social_interaction', 'other_impact']",tenant,3,40234.0,12639,6019,0,7743,4697,10725,56999,19737,5947,24241,5359,3256,1,0,1,1,0,0,1,1,1,1,1703,8567,3165,3935,4144,3977,2390,7031,18059,2215,5443,3500,11807,1,1,2,1,4,1,1,2,1,4905,15357,9269,5027,4153,7361,2,1,1,1,0,0,0,1,0,0,1,1,1,0,1,0,1,0,0,0,33099,2957,3073,6271,14177,2521,3933,3075,3661,5191,2369,2689,7943,37687,26986,3593,5,5,5,5,5,5,1,1,6,2,14,30,6,4,0 days 00:18:39,0,,,3
713595.0,1,yes,36174.800000071526,[],True,sub_54507,control,no,asian,woman,getting_by,28.0,['talk_therapy'],unemployed,"['talk_therapy_prev', 'self_guided_prev']",['prefer_not_to_say_disability'],other_housing,3,69278.0,4284,3364,0,3831,3748,7147,3648,5364,3482,2898,3097,2765,1,1,2,2,1,2,1,1,2,2,4165,2298,1714,3015,2348,1582,3265,3682,2464,1631,2431,2549,4849,2,2,3,2,3,2,2,2,2,5766,3813,4364,5115,3781,3098,2,3,2,1,2,4,3,2,2,2,4,1,3,2,3,3,2,2,3,2,2165,4232,2448,3098,2882,3015,3048,7248,2665,2631,2098,2048,2615,2448,2565,7731,2,3,3,3,3,3,1,1,14,4,20,17,40,7,0 days 00:12:21,0,,,6
1111650.0,1,yes,437329.60000014305,[],True,sub_59214,causal,no,white_british,woman,struggling,36.0,['none'],employed,['none'],['none'],tenant,2,43979.0,4125,2659,0,2043,5314,2610,1710,3546,2324,70454,2418,3563,1,1,1,1,1,0,1,1,0,0,8553,2848,4908,14053,29412,7391,6668,4326,1851,2331,1512,1855,2565,3,3,2,2,3,2,2,3,3,3328,1741,2378,1711,4773,2917,2,3,2,1,1,1,1,1,2,1,2,2,2,1,2,2,3,1,2,2,1943,1808,1858,2382,2128,2855,1268,1616,1942,14596,1358,2318,1925,2041,1721,2367,5,4,3,4,4,3,1,1,6,2,23,23,26,7,0 days 00:21:01,0,,,6
850660.0,1,yes,38178.79999999702,[],True,sub_75406,control,no,asian,man,doing_okay,37.0,['none'],employed,['none'],['none'],tenant,3,45482.0,4094,3941,0,4006,3159,3223,5444,6785,5748,3169,4542,2513,1,0,1,1,0,0,1,0,1,0,1717,3874,1982,3818,4654,3052,2372,5950,3621,2653,3614,2470,3877,2,2,2,1,3,2,2,2,1,9937,3146,3694,5420,3031,2799,1,4,3,1,0,0,0,0,0,0,0,0,1,0,0,0,0,0,1,0,3048,3435,2194,5371,4080,3067,2763,2815,5252,2263,2638,2047,4498,2696,4498,3588,3,3,3,4,3,3,1,1,5,2,17,19,2,8,0 days 00:14:35,0,,,6
1235352.0,1,yes,184972.59999996424,[],True,sub_97535,causal,no,white_british,woman,doing_okay,51.0,['talk_therapy'],employed,['none'],['none'],homeowner,3,72966.0,4574,5429,0,5564,8705,4139,7797,13622,5261,6125,7736,6077,1,0,1,1,1,1,1,1,1,1,4122,6368,3161,7519,7040,3564,5800,11220,5766,2759,7761,5631,11614,1,1,1,1,4,1,1,1,1,6982,6547,5623,7702,5453,4785,2,4,0,1,0,0,0,3,0,0,2,0,1,0,1,0,0,0,0,0,3087,4796,3673,7861,10881,3146,4800,4395,5944,3998,3631,3839,10253,6712,9993,9478,6,6,6,6,6,6,1,1,8,2,12,36,7,6,0 days 00:21:50,0,,,2
1532035.0,1,yes,68891.5,[],True,sub_18096,control,no,white_british,man,doing_okay,38.0,['none'],employed,"['self_guided_prev', 'medication_prev']",['none'],homeowner,3,34384.0,4721,6080,0,2962,2452,3400,6081,121844,93282,49006,2919,2230,1,0,1,1,1,1,1,1,1,1,1747,3550,1639,2834,1699,1675,1733,4714,1765,1416,3524,1582,4186,3,3,3,2,3,3,3,3,3,6546,7312,2951,2366,4515,3993,2,1,1,1,2,1,1,1,1,1,0,0,0,1,0,0,0,1,1,0,3675,2503,2057,2028,2029,2036,1828,2497,3795,2353,1554,2679,3333,2462,4415,1617,4,5,3,3,3,2,1,1,8,2,26,20,10,4,0 days 00:26:00,0,,,6
3262048.0,1,yes,164774.69999999553,[],True,sub_79215,causal,yes,mixed,man,struggling,23.0,['none'],employed,['talk_therapy_prev'],['none'],other_housing,3,51961.0,2825,2399,0,3319,2240,3198,181834,4630,5025,3636,4037,2366,2,0,1,1,0,3,2,1,1,3,1606,2944,1836,56230,2439,5389,1594,3284,2510,2527,3220,3723,3244,1,3,2,2,3,4,3,3,3,6923,76923,4932,4312,4277,21505,4,3,4,1,3,4,2,3,3,4,3,4,3,3,3,3,4,3,4,3,75226,2959,3379,2892,231450,2650,4691,4680,17367,2581,3159,18309,5694,3494,3554,3369,4,4,4,3,4,4,1,1,13,2,24,23,52,11,0 days 00:54:30,0,,,4
890963.0,1,yes,118139.0,[],True,sub_20650,control,yes,white_british,prefer_not_to_say,getting_by,38.0,['self_guided'],unemployed,"['medication_prev', 'talk_therapy_prev', 'self_guided_prev']","['concentration', 'reading_writing_maths', 'social_interaction']",other_housing,3,52972.0,3945,4948,0,5778,3564,5613,6711,6266,3995,4295,5226,3810,2,1,2,2,1,1,1,2,2,2,2663,7061,3879,6333,12613,3562,6462,6329,4661,2613,3212,3645,4850,1,2,3,2,2,2,2,2,2,5966,7478,7313,5411,8662,6164,3,3,3,1,1,3,2,2,1,1,3,1,2,1,2,1,1,1,2,2,4280,4896,3096,5248,7728,3544,4377,4396,5849,3428,3147,3495,4879,3445,4496,4112,3,3,3,4,4,3,1,1,14,4,18,20,26,9,0 days 00:16:37,0,,,6
2575127.0,1,yes,210634.40000009537,[],True,sub_99483,control,no,black,woman,doing_okay,45.0,['none'],employed,['none'],['none'],tenant,3,190419.0,10992,10855,1,10508,9775,7362,12037,11098,12399,9655,9462,7237,1,0,1,1,0,1,0,1,0,1,7158,8744,8331,17037,14246,15600,12764,20506,10132,6679,15562,7851,21906,1,1,2,2,3,1,1,2,1,17015,9360,9532,10902,10417,328738,0,0,1,1,2,2,2,3,0,2,1,2,1,2,1,1,0,2,2,1,11316,14532,10016,16754,12243,24258,6776,8788,12920,8077,7997,8086,8946,8798,9447,14552,4,5,4,5,4,5,1,1,5,2,14,27,24,1,0 days 00:44:39,0,,,6
1046673.0,1,yes,87802.19999980927,[],True,sub_75904,control,no,mixed,woman,doing_okay,19.0,['none'],employed,['none'],['none'],other_housing,3,52420.0,7394,5456,0,6311,6920,5168,5286,12336,6148,5337,6447,6206,1,0,1,1,0,1,1,0,0,2,6119,3904,2971,4583,5181,3074,5340,7145,5063,2630,6717,5743,7613,1,1,2,2,4,3,2,2,3,7700,6407,4392,7890,8114,8312,4,0,1,1,1,1,0,0,0,1,0,0,2,0,2,0,1,0,0,1,4478,7404,4731,4813,4954,4788,5616,4146,7848,4765,6391,5047,4755,17911,7255,6040,6,6,6,6,4,6,1,1,7,2,20,34,9,5,,0,,,4
826019.0,1,yes,157386.19999999923,[],True,sub_19598,causal,no,white_british,man,doing_okay,62.0,['none'],employed,['talk_therapy_prev'],['none'],homeowner,3,43978.0,4295,5183,0,3695,3551,5495,5967,29742,5807,4023,4143,3055,2,0,1,1,1,2,1,1,1,2,2280,4351,2567,5751,5271,4791,3991,4823,4087,2535,3575,4143,3767,3,3,3,3,3,4,2,3,3,8440,3471,5950,5176,6063,3223,3,3,2,1,3,1,1,3,2,1,3,1,2,3,3,1,1,1,1,2,3559,5935,3855,4111,5207,2839,3944,4871,6535,3096,3991,4680,6839,3407,3431,4031,3,3,3,2,2,2,1,1,11,2,27,15,29,8,0 days 00:13:54,0,,,6
631132.0,1,yes,26967.5,[],True,sub_29088,causal,yes,white_british,man,getting_by,33.0,['medication'],employed,"['talk_therapy_prev', 'medication_prev', 'self_guided_prev']",['social_interaction'],homeowner,3,44191.0,3735,2853,0,4258,3232,3789,4927,4330,2094,3558,2316,3925,1,1,2,1,0,2,2,1,2,3,2155,2747,1617,3285,2395,1930,2193,3403,2439,2479,2030,2186,4650,1,2,2,2,2,2,3,3,3,5845,5051,3970,6029,3865,2976,4,3,3,1,3,2,1,3,3,3,3,1,4,3,2,1,3,2,4,1,4265,2919,2112,2792,2553,3908,2296,3432,2593,2526,2249,2526,2461,2611,2217,3078,1,4,4,2,2,2,1,1,14,3,20,15,39,10,0 days 00:10:46,0,,,6
1225801.0,1,yes,161261.80000000005,[],True,sub_19199,control,no,white_british,woman,getting_by,45.0,['self_guided'],employed,"['talk_therapy_prev', 'medication_prev', 'self_guided_prev']",['none'],tenant,3,134259.0,11755,11446,0,5138,19004,5438,6280,7522,10773,5030,4328,5978,1,0,1,1,0,1,1,1,0,1,2846,4189,5946,4973,4164,7276,12283,8589,5375,4108,6848,6876,13994,1,2,2,3,2,3,2,2,2,11088,8442,10759,8490,11259,6218,1,1,0,1,3,2,1,3,2,3,4,2,2,3,3,2,2,3,3,2,5510,5191,8451,11844,8028,4197,4794,10112,4670,4368,7638,4480,6371,7036,6658,8898,5,5,5,4,5,5,1,1,6,2,19,29,40,2,0 days 00:24:57,0,,,4
957226.0,1,yes,34582.0,[],True,sub_57540,causal,no,white_british,man,getting_by,39.0,['medication'],employed,"['talk_therapy_prev', 'medication_prev']","['other_impact', 'social_interaction']",homeowner,3,84127.0,4053,4790,0,7856,8444,5518,24279,7658,7636,3054,11850,4778,1,0,1,1,1,2,1,1,1,2,2654,3544,2344,4501,4180,4321,3354,7682,3227,1895,4955,3705,7953,3,3,3,2,3,3,2,2,3,12746,3082,3650,7782,8538,3087,2,2,1,1,2,2,2,2,2,2,1,1,1,2,1,2,2,2,2,1,3141,3359,2472,4100,4893,3321,4653,5304,6814,2562,4545,3255,7202,3119,7762,5424,3,3,3,4,4,4,1,1,10,2,24,21,27,5,0 days 00:16:43,0,,,4
869434.0,1,yes,31195.0,[],True,sub_24131,control,no,white_british,man,getting_by,54.0,"['medication', 'other_tx']",employed,"['talk_therapy_prev', 'medication_prev']",['none'],tenant,3,59538.0,4204,5963,0,8971,4680,4669,5216,6306,9495,3984,4846,8040,1,0,2,1,1,2,3,1,1,1,2702,5781,2460,2902,7091,2951,3166,4689,3509,2762,3601,2698,6640,2,3,2,2,3,1,1,3,1,7161,10827,7163,8637,10121,7606,3,4,3,1,3,3,0,4,3,2,1,0,2,2,2,0,3,0,3,1,5870,3678,6708,9222,6566,5589,3952,3782,6234,5670,3438,3921,3034,5677,6355,5798,4,3,5,5,4,4,1,1,12,3,18,25,29,10,0 days 00:14:42,0,,,6
2046977.0,1,yes,81764.79999995232,[],True,sub_42471,control,no,black,man,struggling,30.0,['none'],employed,['none'],['none'],tenant,3,40367.0,12534,8102,0,52666,31399,33027,9535,11327,15356,42749,6543,66049,0,1,3,1,0,1,3,1,0,1,2738,48415,4654,6631,65870,5226,8903,43406,5759,4098,4931,18975,8443,1,1,3,2,3,1,1,4,2,3555,2418,3343,3307,3991,2151,4,4,2,1,2,1,0,3,0,0,1,2,2,1,2,0,2,0,2,1,5279,21548,17647,10823,36322,5022,82458,9047,4927,17269,3107,6646,10090,4230,13022,16618,2,2,3,4,2,4,1,1,10,4,18,17,19,10,,0,,,6
1347865.0,1,yes,156021.5,[],True,sub_47585,causal,no,white_british,man,getting_by,32.0,['medication'],employed,"['medication_prev', 'talk_therapy_prev', 'self_guided_prev']",['prefer_not_to_say_disability'],tenant,3,78554.0,4388,5242,0,6759,5918,5643,10428,9063,13037,7355,6249,5885,2,0,2,2,0,3,1,2,1,2,3920,4811,4485,5140,5770,5613,5419,10995,4596,3979,4120,4685,7907,2,3,3,2,2,3,2,2,3,12348,6500,9068,6595,5595,6125,3,4,3,1,2,3,3,1,3,2,3,1,2,3,1,2,3,2,3,3,8876,3931,7338,7593,5687,4263,9112,4476,4783,4142,4044,4573,3946,5596,6243,4664,2,2,4,2,3,1,1,1,13,4,22,14,37,10,0 days 00:23:05,0,,,6
1084679.0,1,yes,136729.80000000077,[],True,sub_49121,control,yes,white_british,man,getting_by,31.0,['self_guided'],employed,['talk_therapy_prev'],['concentration'],tenant,3,52192.0,3999,4573,0,4743,12517,7023,6544,8624,4471,2710,3999,3613,2,0,2,1,1,2,2,1,1,1,2603,2807,2045,5306,2356,2230,2079,5382,2817,3649,4192,3624,5677,1,2,2,2,3,1,1,2,1,9682,3551,4232,5204,13561,4346,1,1,2,1,0,2,0,0,0,0,0,1,1,0,0,0,1,0,1,0,2882,3234,2480,5563,7047,3075,2813,3242,4596,2562,2893,3407,3943,2475,5449,3915,4,6,4,6,5,5,1,1,12,3,15,30,6,4,0 days 00:18:49,0,,,4
807584.0,1,yes,82911.0,[],True,sub_59527,control,no,white_british,woman,struggling,38.0,"['medication', 'self_guided']",employed,"['talk_therapy_prev', 'medication_prev', 'self_guided_prev']",['none'],homeowner,3,42952.0,5383,6122,0,4631,3558,3613,4431,5521,5361,5024,4189,3716,0,1,2,3,0,2,2,3,1,3,3091,3010,2331,5141,6835,2835,3765,4079,4365,3117,4629,2507,4566,3,4,4,4,4,4,4,4,4,7699,3467,3596,5304,6419,4879,4,2,2,1,3,4,4,4,3,4,4,1,4,3,3,4,4,3,3,2,5336,5599,3821,11727,30531,3533,4582,5191,3510,5269,4646,3083,7723,3325,3483,5077,4,4,3,1,2,1,1,1,14,5,35,15,53,8,0 days 00:13:44,0,,,6
1493540.0,1,yes,107040.30000000076,[],True,sub_78800,causal,no,white_british,woman,doing_okay,53.0,['none'],unemployed,['none'],['none'],homeowner,3,81313.0,5961,6537,0,8781,5927,9154,7661,12310,6298,5726,6783,7702,2,0,1,1,2,3,0,1,1,1,4295,5084,13480,5728,8094,4796,11397,8527,6363,6631,6455,5450,6647,2,2,3,4,3,1,2,2,2,11105,8376,14246,17155,6277,12412,4,2,3,1,3,3,1,3,3,1,3,0,2,3,1,2,3,1,0,2,5644,6111,5663,8913,6581,6570,6212,5714,5222,6416,6074,5770,7400,6106,8445,5703,1,3,3,2,4,4,1,1,11,2,21,17,31,9,,0,,,5
747676.0,1,yes,53310.69999998808,[],True,sub_30284,control,yes,white_british,woman,getting_by,32.0,['medication'],employed,"['talk_therapy_prev', 'medication_prev']",['concentration'],tenant,3,48318.0,4785,4070,0,3402,3746,3348,27463,10718,2865,3123,3593,2989,2,0,1,2,0,3,1,1,1,2,2597,2979,2004,4990,4351,2493,4602,8345,2939,2996,4118,4003,4688,1,1,3,2,3,2,1,2,2,5687,2958,4547,6538,5371,4799,4,3,2,1,0,1,2,0,0,2,1,0,3,0,2,1,0,0,0,0,2952,3333,3087,6266,6781,3177,3284,3249,3553,2560,3408,2428,3735,2814,4427,3413,6,6,6,6,5,5,1,1,12,3,17,34,12,9,0 days 00:13:04,0,,,5
1960886.0,1,yes,158702.29999999702,[],True,sub_97353,causal,no,mixed,man,doing_okay,32.0,['none'],employed,['none'],['none'],homeowner,3,123149.0,12779,12055,0,5867,6885,7177,19639,14439,9052,8768,6182,12985,1,0,1,3,2,1,1,1,1,1,5681,10916,7845,5675,17927,12954,9432,13719,5288,9678,8209,5512,18330,1,1,1,1,4,2,1,1,2,13305,8030,10681,10445,8211,7321,1,0,1,1,2,1,0,3,0,1,1,0,3,1,1,1,2,0,0,1,6605,8522,5922,15127,13286,6839,8555,6752,13562,14584,8946,9096,8602,4879,12814,9874,6,5,6,6,6,6,1,1,11,4,14,35,17,2,,0,,,6
1431641.0,1,yes,71595.70000004768,[],True,sub_64703,causal,no,black,woman,getting_by,34.0,['none'],not_seeking,['none'],['none'],tenant,3,90307.0,6744,8608,0,6705,6372,8109,7170,8386,7696,7749,67792,12988,0,0,1,2,0,2,1,1,0,2,4729,4682,5987,11926,6557,5434,8379,11261,7921,4603,4852,6492,6121,1,2,3,1,4,2,1,2,2,8254,7195,6255,7041,7815,17880,3,3,3,1,0,2,0,2,2,0,3,0,2,0,3,1,0,1,1,2,5789,9000,4547,7655,7825,10428,7089,5349,6477,8817,5070,4616,55995,9086,4722,7917,6,4,6,5,4,4,1,1,8,3,18,29,19,9,,0,,,5
847788.0,1,yes,65473.300000071526,[],True,sub_38136,control,no,white_british,woman,getting_by,64.0,['medication'],employed,"['medication_prev', 'talk_therapy_prev']","['physical_effort', 'social_interaction']",homeowner,3,66867.0,4597,4732,0,12614,5124,3785,5148,5997,5180,6747,4355,3518,3,0,1,1,0,2,1,1,0,3,3572,4041,4420,5675,4415,5698,5121,5278,4858,3308,3995,3584,7034,2,3,2,2,2,3,1,3,2,6698,6347,6025,6615,4439,5128,2,4,3,1,2,3,3,3,2,3,1,0,1,2,2,3,2,3,0,2,5953,4483,5330,6753,6268,3469,4100,5381,6516,5256,3239,3398,5414,3844,7565,4296,4,3,5,2,2,3,1,1,11,2,20,19,32,9,0 days 00:14:33,0,,,6
1126685.0,1,yes,44311.199999999255,[],True,sub_59604,causal,no,white_british,woman,getting_by,42.0,['none'],unemployed,['medication_prev'],['social_interaction'],other_housing,3,50314.0,3847,3655,0,3879,2887,4455,6391,5695,5831,3191,3367,2823,1,1,1,1,2,3,2,1,1,2,2087,4055,3071,6207,11623,3687,4423,4879,5295,2455,4487,3719,4335,1,2,3,3,3,2,2,3,4,6711,5151,6223,5671,3159,4095,3,2,3,1,2,1,2,3,2,2,2,0,2,2,3,2,3,2,2,1,2991,4295,2591,4543,4375,2815,5431,3967,3303,3287,3911,2599,3799,2943,5095,4967,5,5,3,2,3,4,1,1,14,2,23,22,31,8,0 days 00:19:23,0,,,6
1672975.0,1,yes,301283.59999999404,[],True,sub_63499,causal,yes,black,man,getting_by,43.0,['none'],employed,['none'],['concentration'],tenant,3,65382.0,5415,9847,0,4847,5199,12362,12351,36375,6562,12934,14799,6766,1,0,1,1,1,2,0,1,1,2,5579,6359,6831,7087,10774,7551,9518,10495,14609,3868,5424,9495,9335,1,1,2,2,3,1,1,2,1,10935,8143,9742,7351,6071,5376,3,2,2,1,0,0,0,1,0,0,1,0,0,0,1,0,2,0,0,0,6662,6287,7774,8359,7151,6034,4287,8439,8856,4775,4855,4671,6238,5139,9551,6742,5,6,5,6,5,5,1,1,9,2,14,32,5,7,,0,,,6
861377.0,1,yes,82756.0,[],True,sub_32762,causal,no,mixed,woman,doing_okay,29.0,['none'],employed,['talk_therapy_prev'],['none'],tenant,3,59898.0,2985,2609,0,3519,4356,3217,5356,13417,7565,2621,4847,2922,1,0,1,2,0,2,1,2,1,2,2533,2621,2190,2741,2786,1998,2963,6582,2176,2302,4286,3084,6398,3,3,4,1,4,1,2,3,4,7368,2722,4435,4458,3470,3616,3,3,3,1,3,3,1,3,4,2,4,2,2,4,3,1,3,3,2,3,1854,2552,2768,2781,5508,2475,2323,2139,2996,4661,2417,2814,2872,2178,4088,3256,1,1,4,4,1,2,1,1,10,3,25,13,43,9,0 days 00:14:51,0,,,0
643539.0,1,yes,62526.09999999963,[],True,sub_43160,control,yes,white_british,woman,getting_by,24.0,['none'],unemployed,['none'],['social_interaction'],other_housing,3,43201.0,4381,3846,0,3997,2647,3147,5997,6347,4182,2631,3079,2248,2,0,1,1,0,3,1,1,1,2,4898,3080,4281,3564,10414,3731,4198,5247,3431,2414,2599,4063,3414,2,3,3,3,2,3,3,3,3,6764,4164,3512,5667,4996,7265,3,3,3,1,1,2,0,1,1,1,3,1,1,1,1,1,2,1,1,2,3580,2381,6248,2198,4847,2265,4231,3280,4197,2598,1731,2664,3131,3214,4514,3231,2,1,1,2,2,2,1,1,11,2,25,10,20,9,0 days 00:11:00,0,,,5
840701.0,1,yes,28492.10000000149,[],True,sub_12022,control,no,white_british,man,getting_by,51.0,['none'],employed,['none'],['none'],homeowner,3,32792.0,3679,3015,0,5711,8279,3126,7655,5568,8935,3039,7583,4231,2,0,1,1,1,2,1,1,2,2,2615,3047,2975,3719,5399,5072,7223,4679,2903,2303,5079,4063,4487,2,3,3,2,3,3,2,3,2,7767,4103,3935,5159,3191,4455,2,3,2,1,1,1,2,3,1,2,2,0,2,1,2,2,1,2,2,2,3062,4743,2663,4823,6967,3271,3095,2879,3368,3840,2447,3815,4143,2895,3943,3527,4,5,5,4,4,5,1,1,12,2,23,27,26,7,0 days 00:14:26,0,,,6
720650.0,1,yes,31085.0,[],True,sub_63884,causal,no,white_british,man,getting_by,51.0,['none'],employed,"['talk_therapy_prev', 'medication_prev']",['none'],homeowner,3,47759.0,3632,3978,0,5436,4966,4511,4185,5986,5232,6080,3123,5564,1,0,1,1,0,0,1,1,2,2,4575,4090,2308,2504,5607,5338,3203,8940,3331,3122,4528,2689,3598,2,2,2,2,3,2,2,2,1,9378,3043,3097,8453,3220,2589,0,1,0,1,0,1,0,0,1,0,1,0,1,0,1,0,1,0,1,1,2575,4410,3536,13570,3608,3018,2929,3804,5660,3877,2194,3184,3860,4436,5516,6368,4,4,4,4,4,4,1,1,8,2,18,24,8,1,0 days 00:12:25,0,,,0
1542947.0,1,yes,54120.40000009537,[],True,sub_53437,causal,no,asian,man,getting_by,52.0,['none'],employed,['none'],['none'],homeowner,3,75457.0,5462,12990,0,7095,14788,5964,16007,16891,8805,4998,9948,8302,0,0,1,1,0,0,1,0,1,1,3064,5977,2931,9768,5432,4878,7622,28492,7906,5797,6240,4707,9116,2,2,2,2,3,2,2,2,1,9869,4864,9788,69950,5195,17692,2,0,1,1,0,1,0,0,0,1,1,0,1,0,0,1,0,0,1,0,4488,5279,4117,10877,9065,4591,5964,6358,7743,5163,7541,10893,5262,4805,12872,7402,4,5,4,4,4,5,1,1,5,2,18,26,6,3,0 days 00:27:01,0,,,6
846239.0,1,yes,98237.39999999944,[],True,sub_43343,control,no,white_british,woman,getting_by,24.0,['none'],not_seeking,['talk_therapy_prev'],['prefer_not_to_say_disability'],other_housing,3,59388.0,5999,5280,0,4057,3711,5210,5212,7838,4746,4340,6818,4355,3,0,1,1,0,2,1,1,1,2,3503,3533,2691,5228,4057,3474,5556,5429,3001,2571,2962,3682,3985,2,3,3,2,3,2,3,3,3,8559,8944,5283,6806,5487,5648,3,2,3,1,0,1,0,2,1,1,2,2,1,0,2,1,2,1,2,2,4020,6312,5009,5385,3891,4908,3236,3873,4241,4427,3216,3278,3695,3514,4198,4399,2,3,2,3,4,3,1,1,11,2,24,17,20,8,0 days 00:14:51,0,,,6
896809.0,1,yes,42574.5,[],True,sub_88790,causal,no,white_british,woman,doing_okay,30.0,['none'],employed,['talk_therapy_prev'],['none'],tenant,3,49265.0,4399,4333,0,8489,3233,3680,4551,7919,6917,3673,4031,3280,1,0,1,2,0,1,0,1,0,3,3448,2750,2514,6620,4648,4032,4381,4163,3836,6167,2147,2800,5521,1,4,4,2,3,3,2,3,3,4935,5499,4233,6066,3762,7236,4,4,4,1,2,2,1,4,2,2,4,1,4,1,4,2,3,2,4,3,2347,3033,2882,6462,5934,3599,3778,3666,2619,3155,2900,2865,3136,2815,2933,3282,3,4,1,0,2,2,1,1,8,3,25,12,41,12,0 days 00:15:23,0,,,2
488386.0,1,yes,30076.0,[],True,sub_68485,causal,yes,white_british,woman,getting_by,20.0,['none'],not_seeking,['none'],"['concentration', 'physical_effort']",other_housing,3,52543.0,2061,2846,0,2279,3947,3146,5347,5525,2329,2627,2026,2111,1,0,1,1,1,1,2,2,1,1,993,1810,965,1852,2627,1060,2328,4061,3795,926,2826,1793,2356,1,2,3,2,3,3,2,4,4,4922,2929,2179,2828,1944,2877,2,2,2,1,3,2,3,3,1,2,1,2,2,3,2,2,1,3,1,2,1310,3227,1659,1743,2676,1544,2411,1526,2654,1861,1060,2209,2177,1792,2344,2877,4,5,4,4,4,5,1,1,9,2,24,26,33,6,0 days 00:08:39,0,,,5
1573272.0,1,yes,233393.40000000224,[],True,sub_93007,causal,no,black,man,getting_by,45.0,['none'],employed,['none'],['none'],tenant,3,75645.0,5614,7713,0,8650,6564,5307,10786,11707,5040,5427,9470,11804,1,0,1,1,0,2,0,1,0,1,4646,12861,2678,6012,8315,4192,4962,9807,6910,4448,7642,4784,5517,2,1,3,3,2,2,2,1,2,11005,5398,6661,6208,5388,6861,3,3,4,1,0,1,1,2,2,1,3,1,2,0,2,1,3,0,1,2,5476,4121,48166,7709,6693,7355,4349,4685,5407,5082,3567,6198,4696,4983,8848,5595,5,5,5,4,5,4,1,1,6,2,18,28,22,10,,0,,,6
1512051.0,1,yes,68128.59999990463,[],True,sub_14451,causal,no,asian,man,struggling,28.0,['none'],employed,['none'],['none'],other_housing,3,37016.0,3697,4822,0,4614,6199,5102,5604,6001,2983,4860,6406,2808,1,0,1,1,0,0,1,0,1,1,6278,86650,2065,6469,10699,5364,5073,8777,7553,2713,4049,3225,35792,1,2,2,1,4,2,1,3,1,5325,3695,4955,4269,4036,3218,2,1,1,1,1,1,1,1,0,1,1,0,1,0,1,1,1,0,0,0,6166,2894,70429,4439,4907,3634,7416,3092,115022,3301,9929,2787,6116,3765,41020,11629,4,4,3,4,4,4,1,1,6,2,17,23,10,4,0 days 00:25:39,0,,,4
1229347.0,1,yes,105463.40000009535,[],True,sub_66806,control,no,white_british,woman,getting_by,57.0,['medication'],employed,['medication_prev'],['none'],tenant,3,63599.0,5053,5566,0,5054,4745,7916,5778,16716,15068,4502,12607,4408,0,0,1,1,0,2,1,1,0,2,5556,3752,4746,6023,6331,3959,14218,10339,3777,3350,7072,7091,17389,2,2,1,1,2,2,1,2,1,9737,5046,6430,19032,18337,5968,1,3,1,1,1,2,0,1,0,1,2,0,1,1,1,1,2,1,0,1,4673,3720,5589,6749,13365,4187,4683,4745,7979,5604,4366,4786,8334,4669,11976,10661,5,4,4,4,3,3,1,1,7,2,14,23,15,5,,0,,,6
1771514.0,1,yes,305252.6999999881,[],True,sub_63907,causal,yes,white_british,man,getting_by,56.0,['none'],employed,['medication_prev'],['reading_writing_maths'],homeowner,3,71270.0,4405,8739,0,5637,9541,6331,8190,78197,7514,4991,6741,6060,1,0,1,1,0,2,1,0,0,1,4803,5408,3056,6839,134796,5222,8380,10304,5443,6804,3671,4007,5038,2,3,1,2,2,2,2,1,1,14324,8088,5848,6941,6296,6591,0,0,0,1,0,1,0,0,0,0,1,0,1,0,0,0,0,0,0,0,4059,6325,3252,6256,11408,4530,8458,6088,7918,4053,4891,3856,7692,5545,7035,12933,4,5,4,5,5,5,1,1,7,2,16,28,3,0,0 days 00:46:09,0,,,1
817421.0,1,yes,36298.40000000037,[],True,sub_80853,control,no,asian,man,getting_by,23.0,['none'],employed,['none'],['none'],other_housing,3,39980.0,3136,4515,0,11972,5928,4726,5862,4941,4889,5006,3782,6285,2,0,1,1,2,0,1,1,2,1,2345,2733,1794,4140,3866,2503,2437,136352,3195,2451,4118,3678,2805,2,2,3,1,4,3,2,1,2,2712,3796,3000,1853,3979,2563,3,3,1,1,2,2,2,1,1,2,2,1,2,1,1,0,2,1,1,1,2377,1240,1498,1732,2683,1348,2561,1435,2916,983,4591,2754,53561,951,2371,1023,4,1,2,3,1,2,1,1,10,2,20,13,22,7,0 days 00:14:09,0,,,6
1589254.0,1,yes,52989.0,[],True,sub_47128,control,no,white_british,man,struggling,56.0,['none'],employed,"['talk_therapy_prev', 'medication_prev']",['none'],tenant,3,75659.0,5221,5583,0,8747,5001,3975,5445,18333,7599,36655,8837,3795,2,1,2,0,0,1,2,0,1,1,3993,5197,3771,5897,3843,5313,4735,13507,7591,3215,6561,4461,8345,3,4,3,3,2,3,2,2,3,12289,6883,7157,6733,4489,5313,0,4,1,1,0,1,0,0,0,0,1,0,0,0,0,0,0,1,0,0,3927,8235,4401,7181,7335,3199,4589,3255,5343,3567,6399,2741,5723,8057,4467,4107,0,0,0,5,0,0,1,1,10,2,25,5,3,5,0 days 00:27:13,0,,,6
705573.0,1,yes,53955.0,[],True,sub_32238,causal,no,white_british,woman,getting_by,26.0,['none'],employed,"['talk_therapy_prev', 'medication_prev', 'self_guided_prev']",['none'],tenant,3,39756.0,2610,3164,0,4165,3847,2776,6665,4799,15098,19798,3115,2261,1,0,1,1,0,2,0,1,0,1,2749,1866,2131,2779,3530,2067,2549,3415,10400,2565,19646,2366,3350,1,2,3,2,3,3,3,3,2,4231,15769,5832,22557,7082,6366,1,1,2,1,2,2,1,2,0,1,2,2,1,2,2,1,1,1,2,1,3182,3381,2482,3899,3949,2629,2765,2400,4064,2511,2564,2665,3496,2633,5115,10229,4,4,4,4,4,4,1,1,6,2,22,24,23,4,0 days 00:12:44,0,,,5
827043.0,1,yes,43312.699999999255,[],True,sub_57929,causal,yes,white_british,woman,struggling,40.0,['medication'],employed,"['talk_therapy_prev', 'medication_prev']","['concentration', 'reading_writing_maths']",other_housing,3,67266.0,3681,4391,0,3689,6039,3404,6961,6209,5770,5910,7281,4920,3,0,1,1,0,1,2,2,2,3,4055,3839,3430,5525,7833,2941,26299,5707,7605,3611,3861,5482,9631,1,2,2,3,2,3,2,3,3,7744,4459,5249,4382,5190,3447,0,0,1,1,2,4,0,2,1,3,2,1,3,1,4,1,1,2,4,2,3821,3674,12403,8399,3910,4614,3726,4163,5466,3566,3617,3183,5257,3602,4886,7399,1,1,1,1,1,1,1,1,13,2,21,6,33,1,0 days 00:14:06,0,,,6
1290806.0,1,yes,80061.5,[],True,sub_11214,causal,yes,white_british,man,doing_okay,57.0,['none'],employed,['talk_therapy_prev'],['social_interaction'],homeowner,2,58451.0,4862,8412,0,6580,12230,6254,9638,7239,8786,6759,7110,5767,2,0,1,1,1,0,0,1,1,1,4399,7721,5671,8084,11139,6318,5642,10674,4710,3975,5070,7527,6023,1,2,3,4,3,4,3,1,3,13822,9815,10983,7816,19735,27979,3,2,3,1,1,4,3,2,1,4,4,3,1,4,4,2,1,3,1,3,6479,5388,4502,29662,9623,4998,5142,4847,5469,5030,5032,4454,9144,4870,7357,7041,4,3,3,0,3,3,1,1,7,2,24,16,41,8,0 days 00:22:19,0,,,5
1411037.0,1,yes,115957.89999997616,[],True,sub_48362,causal,yes,white_british,woman,doing_okay,41.0,"['medication', 'self_guided']",employed,"['talk_therapy_prev', 'medication_prev', 'self_guided_prev']",['none'],homeowner,3,72792.0,8585,4801,0,5392,10104,4505,6996,8860,5216,4658,6526,6911,2,0,1,1,1,2,1,2,1,2,3644,3261,2938,3940,5209,3587,8724,6348,3821,4043,5505,4277,8220,2,2,3,2,2,3,2,3,3,8585,11773,7622,8453,11334,9409,1,1,1,1,3,3,0,3,3,3,4,0,2,4,2,1,1,3,3,3,8345,5267,7425,24700,6908,58084,4813,10480,5014,4315,3240,5125,4968,4580,4827,4667,4,4,4,2,4,4,1,1,11,2,22,22,38,3,0 days 00:24:34,0,,,6
918036.0,1,yes,53305.0,[],True,sub_55341,control,no,asian,man,getting_by,40.0,['none'],employed,['none'],['none'],tenant,3,83364.0,6034,6293,0,4060,4344,3837,5826,11301,5063,4378,4098,3378,0,0,1,1,0,1,1,1,1,1,2294,4894,5425,6834,8361,2804,3252,11727,5365,2284,4404,3372,4500,1,2,3,2,3,2,1,2,2,4897,5026,4494,6055,4618,4400,1,1,1,1,0,1,1,2,1,1,1,1,2,1,2,1,1,1,2,1,4469,3137,2924,6232,4422,4570,4527,3453,4336,3418,3229,4297,3808,3310,5650,5978,4,4,4,3,4,4,1,1,6,2,18,23,19,3,0 days 00:15:48,0,,,6
923725.0,1,yes,66617.69999992847,[],True,sub_42341,causal,no,white_british,woman,struggling,52.0,['none'],employed,['none'],['none'],other_housing,3,76061.0,6697,5998,0,3948,5531,4648,5266,7165,7214,6632,7728,4663,2,1,2,1,0,1,2,1,1,2,2581,3598,8048,4166,4298,5315,5082,7647,3498,2748,5198,3331,5748,2,3,3,4,3,3,1,2,3,7700,4698,5331,6898,4514,4515,2,2,1,1,3,3,3,3,2,2,4,1,3,3,2,2,2,2,3,2,3515,4649,4047,4398,5164,3466,4331,12564,3316,6515,2632,3331,3581,4165,4282,3748,4,4,4,2,4,3,1,1,12,3,24,21,40,5,0 days 00:16:13,0,,,6
604873.0,1,yes,39358.10000000894,[],True,sub_76446,causal,no,white_british,woman,doing_okay,37.0,['none'],employed,['none'],['none'],homeowner,3,35190.0,2799,3075,0,3982,2703,4180,4283,7947,8791,3534,3598,5425,0,0,1,1,0,1,1,0,0,1,2245,3723,2409,4719,2588,2665,5214,14538,2728,2257,2246,2339,4562,2,2,2,2,2,3,1,2,3,7686,3886,3963,6651,3851,2950,1,1,1,1,0,1,0,0,1,0,2,0,2,0,2,0,1,0,1,1,3171,2576,2415,2666,2828,3530,2620,3008,4008,2592,1870,2656,6892,3413,3250,16433,5,5,5,5,4,4,1,1,5,2,19,28,11,3,,0,,,6
1531942.0,1,yes,188439.59999990463,[],True,sub_97111,causal,no,white_british,man,doing_okay,51.0,['prefer_not_to_say_tx_current'],employed,['prefer_not_to_say_tx_prev'],['none'],tenant,3,88562.0,7745,8701,0,12186,6814,7236,13681,19296,15261,6068,8173,8122,1,0,1,2,2,2,0,1,1,2,3469,13548,18192,7125,8205,7957,51582,12912,6574,4767,7436,7583,7894,2,3,3,2,2,1,2,1,1,8829,6363,9214,5721,8667,10580,0,1,2,1,3,1,2,3,0,1,3,2,2,1,3,1,1,2,2,2,8440,2632,6270,2958,7524,2839,13557,3590,6005,7262,9063,6716,3277,2658,7781,2852,6,4,5,3,2,3,1,1,11,3,17,23,29,3,0 days 00:27:07,0,,,6
1374063.0,1,yes,1330947.800000012,[],True,sub_20817,control,no,white_british,man,doing_okay,44.0,['none'],employed,['none'],['none'],homeowner,3,44198.0,4888,6769,0,5523,6582,123641,4693,8100,7236,5133,4621,4131,0,0,1,1,1,1,1,1,0,1,2192,7068,1826,3761,5526,3462,4232,6352,6063,2249,3811,4655,5435,2,2,2,2,4,3,2,1,3,4225,3095,4549,4701,2617,4785,2,3,1,1,0,2,1,0,1,1,1,0,2,0,1,1,0,1,2,1,4185,3863,5584,21788,3224,4059,2945,5198,5271,2852,5526,4307,4831,4267,4373,3397,5,5,5,4,5,5,1,1,6,2,21,29,14,6,,0,,,6
2065665.0,1,yes,68078.10000002384,[],True,sub_60854,causal,no,white_british,woman,getting_by,30.0,['none'],employed,['none'],['none'],tenant,3,74107.0,13439,3814,0,19325,7797,6381,5157,5864,6517,6109,5332,21853,0,0,1,1,0,1,0,1,1,1,8015,4086,2246,6172,8261,5422,85021,9408,33101,5333,41302,24318,13823,1,2,3,2,3,2,3,3,2,51989,5876,3221,5797,22678,3350,1,1,1,1,1,2,1,1,1,1,1,1,1,1,2,1,2,1,1,2,2782,4621,4951,10526,4037,3301,5925,3262,19638,4558,3486,2214,15453,17742,9054,3024,4,4,4,4,4,4,1,1,5,2,21,24,20,3,0 days 00:34:43,0,,,5
1354514.0,1,yes,38783.40000000596,[],True,sub_64550,control,yes,white_british,woman,getting_by,51.0,['none'],unemployed,['none'],['concentration'],homeowner,3,36471.0,4221,5341,0,3391,4299,3688,4674,8787,5651,3781,3482,2836,2,0,2,0,0,2,2,1,1,3,2399,2390,1943,7733,2410,1619,2355,4899,3015,2288,2072,1790,3456,2,2,3,3,2,2,2,3,2,4867,3196,1777,3187,10010,3044,3,4,3,1,2,3,2,2,0,3,3,3,0,2,3,1,2,3,3,2,2161,3651,2406,3273,3421,2655,2960,2891,4597,3259,2945,5031,2461,2966,3393,2545,3,2,3,2,3,3,1,1,12,2,21,16,34,10,0 days 00:22:51,0,,,6
1491287.0,1,yes,110427.39999999852,[],True,sub_98938,control,no,black,man,doing_okay,28.0,['self_guided'],employed,['medication_prev'],['none'],tenant,3,128480.0,5544,6532,0,7158,5014,2901,6911,5852,6102,5646,11349,3260,0,0,1,1,0,1,1,2,1,2,3742,3974,3054,4294,8949,9038,48110,10302,5511,3782,19566,3157,3782,2,3,4,2,4,2,2,3,3,6760,14310,30516,7477,5628,4388,4,4,4,1,2,3,0,4,0,2,3,0,3,1,4,1,0,0,3,1,2973,19743,3814,6102,19166,5127,8912,3245,5694,7511,3205,3118,12860,4269,16262,14485,6,6,6,4,6,6,1,1,7,2,25,34,27,12,0 days 00:25:29,0,,,6
651499.0,1,yes,62335.0,[],True,sub_48294,control,no,asian,man,getting_by,37.0,['medication'],employed,"['talk_therapy_prev', 'medication_prev', 'self_guided_prev']",['none'],homeowner,3,35183.0,2748,4987,0,2916,3536,4637,6632,6825,4708,4089,3995,3383,1,0,1,1,0,1,1,1,0,2,1626,2442,2228,5237,3310,1894,2359,7447,2826,2695,2143,2575,3863,1,2,2,3,2,1,1,1,1,5709,2753,2249,4195,9923,4964,1,2,1,1,0,0,0,0,0,0,0,0,0,0,1,0,0,0,0,0,1942,3541,1309,1475,2908,2210,2576,1926,5100,3209,2592,2542,1877,5605,5913,1874,4,1,5,4,4,4,1,1,7,2,14,22,1,4,0 days 00:11:27,0,,,6
739931.0,1,yes,47717.199999809265,[],True,sub_35071,control,yes,white_british,man,doing_okay,27.0,['talk_therapy'],employed,"['talk_therapy_prev', 'self_guided_prev']",['concentration'],tenant,3,39422.0,3705,4804,0,4861,4015,3931,5956,7880,3899,3789,6740,3347,0,0,1,1,0,2,0,1,2,1,2961,2793,5209,3217,4881,5859,5349,4276,4395,3530,5983,7126,6036,2,2,3,2,4,1,1,3,2,6242,4201,7059,8894,21300,3732,2,1,0,1,1,3,2,2,0,1,2,0,2,1,1,0,0,0,2,0,2715,3264,3671,3806,4814,2829,3068,3844,3758,5343,2276,2920,3296,2754,4442,5502,4,5,2,3,5,4,1,1,7,2,20,23,17,3,0 days 00:12:48,0,,,2
1136755.0,1,yes,79233.80000000447,[],True,sub_28130,control,yes,white_british,man,doing_okay,44.0,['none'],employed,"['talk_therapy_prev', 'medication_prev', 'self_guided_prev']",['concentration'],homeowner,3,94536.0,6029,8123,0,4915,3734,4365,7243,13791,8042,5748,5691,3948,1,0,1,1,1,3,1,1,1,0,3543,4589,9731,6956,12137,8437,6322,14445,4331,5252,4938,3881,8640,2,2,3,2,2,1,2,3,2,15903,10698,7447,9202,10013,7930,2,1,2,1,1,0,2,3,1,0,2,0,1,2,2,2,1,1,1,0,3734,6861,4725,7614,7593,5006,5399,3992,7662,7086,4329,3915,6019,3386,6399,7964,4,2,5,1,1,1,1,1,9,2,19,14,19,5,0 days 00:19:34,0,,,4
1607542.0,1,yes,74513.0,[],True,sub_17867,control,no,white_british,woman,doing_okay,50.0,['none'],not_seeking,['none'],['none'],homeowner,3,52079.0,4533,7805,0,5048,3585,9509,57712,48459,237915,6567,27414,5698,1,0,1,1,0,0,0,1,1,2,2365,3113,2716,7009,2111,3783,47932,7834,2678,8889,7102,5419,30208,2,2,3,1,1,2,2,2,1,11727,8118,16276,7489,11699,7052,1,1,0,1,1,1,1,2,1,2,1,0,0,0,1,1,0,1,0,1,4696,3695,7768,9436,8434,4096,4812,12237,9145,6530,2513,5430,2946,3729,3262,3862,2,4,4,5,5,4,1,1,6,2,16,24,13,2,0 days 00:27:42,0,,,6
774296.0,1,yes,50703.300000071526,[],True,sub_14764,control,no,other_ethnicity,woman,getting_by,52.0,['none'],not_seeking,"['medication_prev', 'talk_therapy_prev']","['physical_effort', 'concentration']",homeowner,3,52068.0,5157,5408,0,5943,4507,4026,4691,5902,5639,4017,5480,3692,0,0,1,2,0,1,1,1,1,3,4446,4075,4568,4321,3500,5868,4047,5500,3816,3058,4225,4458,3580,2,4,3,3,2,3,3,3,1,5104,4286,7995,6298,3932,4143,3,3,1,1,2,3,0,2,2,1,2,1,1,1,2,0,2,1,2,1,3660,3934,3651,3944,7029,3658,3368,3965,8497,4387,3516,5004,3352,3301,4506,5022,5,6,5,6,6,6,1,1,9,3,24,34,23,7,0 days 00:13:14,0,,,6
887493.0,1,yes,48087.09999999404,[],True,sub_21496,control,no,asian,woman,getting_by,57.0,['none'],employed,['none'],['none'],homeowner,2,44286.0,7066,5417,0,7095,5309,5789,6395,9486,5247,8130,9771,7330,1,0,1,1,0,2,1,1,0,1,3860,3967,4146,5117,4418,4781,4774,8587,7373,4197,4675,4246,6453,2,2,2,2,2,2,2,2,2,8138,7544,5375,9722,8852,5152,1,1,1,1,1,2,1,2,1,1,1,0,1,1,1,0,1,1,1,1,5724,5089,5438,8816,6281,5145,5017,4638,4759,4475,3711,19439,10044,5017,6288,5324,4,4,4,4,4,4,1,1,7,2,18,24,16,3,,0,,,5
805847.0,1,yes,88928.5,[],True,sub_56895,control,no,white_british,woman,struggling,53.0,['none'],employed,['none'],['none'],homeowner,3,55876.0,3607,3482,0,4306,6152,4156,4339,6224,6261,3392,4644,3752,1,0,1,1,0,3,1,0,1,1,2754,5229,2222,4380,5606,5226,4590,6716,3249,3378,2957,3393,4687,1,2,2,1,3,1,1,1,1,6347,5185,7867,7847,3868,3611,1,4,0,1,1,3,1,2,2,0,1,0,0,1,2,0,2,0,1,1,3558,3310,3477,4019,5860,3407,3185,4554,6047,3634,3275,4409,3928,3201,4256,3829,6,6,6,6,6,6,1,1,9,2,13,36,17,5,0 days 00:14:08,0,,,6
698459.0,1,yes,46617.5,[],True,sub_86858,control,no,white_british,woman,getting_by,59.0,['none'],employed,['none'],['none'],homeowner,3,63082.0,4304,4798,0,4757,5780,5511,5033,5877,7936,5243,4983,4725,1,1,1,1,1,2,1,1,1,2,3952,4008,3047,4329,6703,3733,5958,5908,4067,3840,4127,4487,5553,2,2,2,2,3,2,2,2,2,8147,5029,4736,4082,5353,4369,1,1,1,1,1,1,1,2,1,1,1,0,1,1,1,1,1,1,1,1,3593,4046,3565,5586,9537,4547,5039,4006,3688,3677,4295,4244,4630,4004,7284,4671,5,5,5,4,5,5,1,1,11,2,19,29,16,3,0 days 00:11:59,0,,,6
1893257.0,1,yes,107883.79999999702,[],True,sub_86869,causal,yes,black,woman,doing_okay,56.0,"['talk_therapy', 'medication']",employed,"['talk_therapy_prev', 'medication_prev', 'other_tx_prev']","['social_interaction', 'concentration', 'physical_effort']",homeowner,3,118150.0,4574,7007,0,17783,4095,5807,7767,11742,9311,9326,5669,4678,1,0,1,2,2,3,0,2,1,1,3015,8607,5703,5007,5439,3486,10015,14894,4735,3519,5575,6590,21807,2,2,2,2,2,2,2,2,1,10983,5648,9798,7735,7623,5158,3,3,1,1,0,0,0,0,0,0,0,1,0,0,1,0,2,0,0,3,4519,6551,3567,13767,9679,5599,6439,5391,19192,7359,5486,3647,5295,5271,7079,7023,3,6,5,6,6,6,1,1,11,3,17,32,7,7,0 days 00:33:48,0,,,6
1106032.0,1,yes,48198.199999928474,[],True,sub_75737,causal,no,white_british,woman,getting_by,59.0,['none'],employed,['none'],['none'],homeowner,3,49955.0,4764,8692,0,4685,4644,4572,7621,6461,6037,2692,4723,2949,0,1,1,1,0,1,1,1,1,1,7389,3357,4731,4590,4693,6415,3253,7109,4125,2269,4197,2877,4990,2,2,2,2,2,2,2,2,2,5493,15661,8949,6805,3596,5172,1,1,0,1,1,1,1,1,1,1,1,0,0,2,1,1,1,0,1,1,3629,3133,5269,4525,4100,5108,4989,3997,5803,3941,3144,5669,6741,6293,4549,7469,4,4,4,4,3,4,1,1,7,2,18,23,14,2,0 days 00:18:57,0,,,6
985250.0,1,yes,24620.300000190735,[],True,sub_61731,causal,yes,white_british,man,doing_okay,32.0,['none'],employed,['none'],"['social_interaction', 'concentration']",homeowner,3,47226.0,4191,4838,0,3815,4830,4951,6038,7103,4086,4175,5038,4558,0,0,1,1,0,0,0,1,1,2,2055,4967,2559,4789,3438,3158,3406,7031,3791,2247,6927,2319,9031,1,1,2,2,2,2,1,2,1,5598,3135,4190,5319,3671,9327,1,1,1,1,0,0,0,0,0,0,0,0,1,0,0,0,0,0,0,0,1991,3735,2375,3895,6534,2191,7023,3527,7319,2103,4094,2902,5999,3591,6167,4615,5,5,5,5,5,4,1,1,5,2,14,29,1,3,,0,,,6
888898.0,1,yes,44113.0,[],True,sub_45057,causal,yes,white_british,woman,getting_by,41.0,['medication'],employed,"['talk_therapy_prev', 'medication_prev', 'self_guided_prev']",['concentration'],tenant,3,47957.0,4148,4331,0,4014,4531,4764,6680,9464,5931,4281,6763,3349,0,0,1,1,0,0,1,0,1,3,3732,2664,2331,2815,2949,3998,3247,8448,3931,2613,3515,4165,4914,2,2,2,2,3,2,1,3,1,6282,4098,3498,5163,4448,5615,2,3,3,1,0,2,0,2,1,1,2,0,1,0,1,0,1,1,0,2,3481,3581,3263,5815,4714,4231,4681,3831,4066,4150,3015,3215,4482,6881,6380,3233,4,4,4,5,5,4,1,1,7,2,18,26,14,8,0 days 00:15:28,0,,,6
627956.0,1,yes,17716.900000095367,[],True,sub_71388,causal,yes,white_british,man,doing_okay,57.0,['none'],employed,['none'],['other_impact'],homeowner,2,46475.0,4041,4597,0,3067,2331,3553,3805,6333,3959,2575,4471,2173,3,0,1,1,0,3,0,0,0,3,2491,2911,2277,4586,4715,3578,4979,6095,4503,2231,3465,4291,5357,2,2,2,2,2,2,2,2,2,4776,4346,4073,3607,4125,3333,0,3,0,1,0,1,0,0,1,0,1,0,1,0,1,1,0,0,1,1,4791,6011,2598,6015,3163,3459,2445,2566,6835,5107,2193,2387,5329,2359,3349,4771,4,1,4,4,1,1,1,1,11,2,18,15,8,3,0 days 00:10:38,0,,,6
759181.0,1,yes,102798.30000001192,[],True,sub_64447,causal,no,white_british,woman,getting_by,42.0,"['medication', 'self_guided']",employed,"['talk_therapy_prev', 'medication_prev', 'self_guided_prev']",['none'],homeowner,3,47491.0,2760,4460,0,2994,3569,6644,4691,6925,5021,2456,5100,3074,2,0,1,1,0,2,0,1,0,2,2071,2258,1906,5052,2522,2583,2706,4266,2375,1962,2122,2690,3642,1,1,3,2,2,2,2,1,1,4348,3196,5325,4225,2714,6070,2,2,1,1,0,0,0,0,1,0,2,1,1,0,1,0,1,0,0,0,2264,3282,2906,3722,4052,2472,2377,3115,3002,2577,2785,2128,2618,2562,4620,3897,4,5,5,4,4,4,1,1,8,2,15,26,7,5,0 days 00:13:17,0,,,6
1381852.0,1,yes,86233.19999999925,[],True,sub_95204,causal,no,mixed,woman,struggling,35.0,['medication'],unemployed,"['talk_therapy_prev', 'medication_prev', 'self_guided_prev', 'other_tx_prev']","['concentration', 'physical_effort', 'social_interaction']",tenant,3,119230.0,6957,5346,0,5998,16284,5309,9557,8943,6577,20401,6555,4489,1,1,2,1,0,2,1,3,1,3,3075,5616,4629,7024,5976,3543,11074,10804,3778,14591,12978,10583,10069,1,2,3,2,2,1,2,2,2,11635,6502,10266,6597,10133,6699,1,2,2,1,2,1,0,2,0,0,2,0,1,1,1,0,1,0,1,1,6085,6334,4385,10341,8780,20024,6664,9960,8708,16852,5126,3617,7712,3602,12912,15863,5,4,4,4,4,4,1,1,12,3,17,25,13,5,0 days 00:24:18,0,,,2
1004723.0,1,yes,61925.400000002235,[],True,sub_64687,control,yes,white_british,man,getting_by,22.0,['none'],employed,['none'],['social_interaction'],homeowner,3,44815.0,4355,5251,0,3571,5374,3164,8307,6397,4626,4307,4118,4922,2,0,1,1,1,0,0,0,1,1,2426,3640,2552,4649,4900,5731,5629,6165,2862,2201,4099,2382,3628,1,2,3,2,4,2,1,4,1,4684,8004,5549,6930,6480,11574,3,4,4,1,2,3,0,4,0,1,3,0,2,3,1,0,2,0,4,2,4784,2890,3171,4882,5725,2278,3215,3842,3963,4287,3373,3428,4062,3593,4361,2783,3,6,5,2,4,4,1,1,7,2,20,24,27,11,0 days 00:17:24,0,,,6
2897204.0,1,yes,336287.7000000002,[],True,sub_89951,control,yes,mixed,woman,getting_by,27.0,['none'],employed,['talk_therapy_prev'],['social_interaction'],tenant,3,200118.0,8058,17958,0,9693,26259,13365,26425,12868,18810,11179,14826,7497,1,0,1,2,0,1,1,1,1,2,12659,9348,20872,7237,13533,7567,19054,13442,12924,13776,5831,7779,8431,2,2,2,3,1,2,2,1,1,10531,7205,7594,14179,6658,7398,3,1,2,1,2,0,0,1,1,0,3,0,0,1,2,0,2,0,1,1,8220,12484,7522,25388,39078,8167,16219,7397,12121,12173,6975,6394,7551,7533,7681,21023,6,6,6,6,6,6,1,1,9,3,16,36,14,6,,0,,,5
942496.0,1,yes,107236.09999996424,[],True,sub_93166,control,no,white_british,woman,struggling,54.0,['talk_therapy'],unemployed,['medication_prev'],['none'],homeowner,3,53907.0,3565,3997,0,4397,4164,6197,4431,9180,6231,7932,7530,7448,0,0,1,1,0,2,1,1,1,1,3598,2632,4598,8481,3181,4297,5014,4830,10415,3664,8414,3714,6765,2,2,3,2,3,2,2,2,3,6865,5582,4197,4698,6380,3698,1,0,0,1,0,0,0,1,0,0,1,1,1,0,0,0,1,0,0,0,3130,4531,2748,8997,5248,3899,5164,6081,7530,2981,6233,3098,7898,3381,4981,4214,6,6,6,5,5,6,1,1,7,2,21,34,5,1,0 days 00:16:14,0,,,6
833266.0,1,yes,55292.09999990463,[],True,sub_50583,causal,no,white_british,man,doing_okay,54.0,['medication'],employed,['medication_prev'],['none'],homeowner,3,51198.0,4376,4349,0,7322,6361,6552,5534,9171,9465,4590,4480,4571,1,0,2,3,0,1,3,1,1,3,3622,5366,3821,4304,6157,5185,3591,8136,3855,3599,3421,3578,5219,2,2,3,3,1,3,2,1,3,13718,5075,7449,4585,6274,7092,4,4,4,1,3,4,3,4,4,4,4,0,4,3,4,2,4,3,4,1,4143,5495,3372,5674,4751,4114,3419,6088,3975,3821,3320,3776,3274,5399,4821,4353,2,4,3,4,4,3,1,1,14,5,20,20,51,12,0 days 00:14:25,0,,,6
702045.0,1,yes,305564.39999997616,[],True,sub_22230,control,yes,white_british,woman,doing_okay,25.0,['none'],employed,['none'],"['concentration', 'physical_effort', 'reading_writing_maths', 'social_interaction']",tenant,3,35029.0,2682,3209,0,3505,2265,1629,3159,25280,3048,3099,4157,2642,1,0,1,1,2,1,0,2,0,2,1659,3367,1102,2278,2666,1221,2741,4244,3006,2519,3340,4193,3951,4,3,3,3,2,4,4,3,2,6105,2389,3209,3340,4313,2686,2,2,2,1,1,3,3,2,1,3,3,2,2,2,3,3,1,3,2,3,5100,3008,3243,3910,3415,2513,1759,3034,2181,1866,1702,1927,2309,4087,2151,1565,5,4,1,3,4,2,1,1,8,2,28,19,37,6,0 days 00:12:07,0,,,6
685005.0,1,yes,40237.5,[],True,sub_68093,causal,yes,white_british,woman,struggling,21.0,['medication'],unemployed,"['medication_prev', 'talk_therapy_prev']","['concentration', 'other_impact']",homeowner,3,46385.0,3148,3564,0,5481,2497,4598,4364,4831,4398,4567,4113,4132,1,1,1,1,0,1,2,1,2,1,1431,1699,1198,2432,2697,1415,2381,3250,2665,1365,4332,2164,3664,1,4,4,3,4,4,3,3,3,20897,3398,2865,2948,2414,2166,2,2,1,1,2,2,2,2,2,2,2,2,2,2,2,1,3,3,2,2,2845,11115,2297,1832,22382,5148,9782,3815,3081,3667,1882,2498,14765,8582,22564,2948,4,5,4,5,4,4,1,1,10,2,29,26,33,5,0 days 00:11:48,0,,,6
1777784.0,1,yes,84455.5,[],True,sub_94901,control,no,white_british,woman,doing_okay,19.0,['none'],not_seeking,['none'],['physical_effort'],other_housing,3,98081.0,6087,5396,0,42781,5570,7654,11285,10801,7011,7027,8542,5036,0,0,1,2,0,1,1,1,1,2,4502,43147,8558,4708,5701,3566,7196,7609,5173,2876,7954,4600,6199,2,3,3,2,3,2,3,2,3,135411,6167,10346,6961,151248,4834,1,0,1,1,3,2,0,1,0,1,2,3,1,1,2,0,1,0,1,2,6494,5508,4890,33461,7184,4843,7354,4804,3879,25455,3467,3755,16840,25900,5023,6599,4,4,4,2,3,4,1,1,8,3,23,21,20,2,0 days 00:30:04,0,,,5
1018400.0,1,yes,80309.40000009537,[],True,sub_29308,control,no,white_british,woman,getting_by,46.0,"['talk_therapy', 'medication', 'other_tx']",not_seeking,"['talk_therapy_prev', 'medication_prev', 'self_guided_prev']",['prefer_not_to_say_disability'],homeowner,3,81041.0,3532,4766,0,6085,6502,2718,5733,8685,7936,5065,5933,7555,0,0,1,1,0,1,1,1,1,2,3466,4267,3648,3717,3850,4836,5584,7036,2882,2719,2767,2931,4136,2,2,3,3,3,2,2,3,2,8917,5399,7303,8817,7919,10854,4,4,4,1,2,3,1,3,2,2,2,1,2,2,1,2,1,1,2,1,3668,4566,4246,5787,9023,7150,3316,4317,3981,4036,5367,6018,4685,4368,5786,4933,3,2,3,1,3,3,1,1,7,2,22,15,28,12,0 days 00:17:30,0,,,6
752210.0,1,yes,63166.0,[],True,sub_17456,causal,no,white_british,other,doing_okay,39.0,['talk_therapy'],not_seeking,"['talk_therapy_prev', 'medication_prev', 'self_guided_prev']",['none'],homeowner,3,42652.0,3195,2727,0,2718,4474,3537,5629,6082,3738,4157,2981,2578,3,0,2,1,0,3,0,2,1,3,4083,2699,2788,4506,3332,2770,9307,4192,3650,2390,2525,3368,5258,1,2,3,2,3,1,1,1,1,6592,3453,5304,4078,6000,2583,1,3,1,1,3,3,3,3,0,4,1,0,0,3,3,4,2,1,0,1,6234,2968,3570,3506,3232,2658,3033,3950,4572,2665,2625,2268,6615,4421,8226,3659,6,4,6,4,2,2,1,1,13,3,15,24,31,5,0 days 00:13:05,0,,,6
995782.0,1,yes,44818.89999999851,[],True,sub_42055,causal,yes,white_british,man,doing_okay,56.0,['none'],employed,"['talk_therapy_prev', 'medication_prev']","['concentration', 'social_interaction', 'other_impact']",homeowner,3,77644.0,5396,4262,0,8362,7155,4755,9247,7909,8540,4116,4251,3119,1,0,1,1,2,3,0,0,3,1,6500,2791,2481,3611,4464,2912,3039,9914,2960,3717,4238,3687,5494,3,2,2,3,2,2,1,1,1,4909,5873,4320,5001,7037,4128,1,4,2,1,0,0,0,1,0,1,2,1,0,0,0,0,0,1,1,0,4105,3815,5947,8222,4740,5098,4847,4669,4809,3967,2920,2667,4276,4927,7089,8023,5,5,5,6,6,6,1,1,12,2,17,33,7,7,0 days 00:17:11,0,,,4
836832.0,1,yes,41143.29999995232,[],True,sub_61080,control,no,white_british,woman,doing_okay,35.0,['none'],employed,['self_guided_prev'],['none'],homeowner,3,65324.0,4591,4358,0,5079,4903,5381,4663,7303,4135,3749,3598,3806,2,0,1,1,0,0,1,1,3,3,2855,5303,3711,5551,15503,3430,4549,6934,7246,2718,3806,4599,4750,1,2,2,2,3,2,1,2,3,7623,6719,4525,4838,7079,4965,1,1,2,1,2,3,1,1,4,1,3,0,2,1,0,2,4,1,2,1,4286,4854,3591,6847,5991,2951,3302,4158,3414,5006,8111,3871,3535,3469,4503,6975,4,3,5,3,4,4,1,1,11,2,18,23,28,4,0 days 00:14:25,0,,,3
884244.0,1,yes,68752.60000002384,[],True,sub_16185,causal,no,white_british,woman,doing_okay,51.0,['none'],not_seeking,['none'],['none'],homeowner,3,72137.0,4249,4137,0,3485,4104,3947,6291,6326,3358,6296,4407,3199,1,0,2,2,0,3,0,1,2,2,2422,2896,2601,3764,4604,7780,3382,5751,2728,2689,3877,3223,5390,2,2,3,3,3,2,2,2,2,4361,3792,3935,5109,3500,3738,3,3,1,1,2,2,1,2,2,2,2,1,1,1,1,2,2,1,2,1,3656,2806,2987,3265,3825,3337,2715,3381,4026,3148,2669,2383,3076,3177,3395,4542,4,4,4,4,4,4,1,1,12,4,21,24,25,7,0 days 00:15:26,0,,,6
1633021.0,1,yes,85058.89999997616,[],True,sub_96096,causal,no,black,woman,getting_by,44.0,['none'],employed,['self_guided_prev'],['concentration'],tenant,3,75827.0,6444,8114,0,7687,8031,6767,7150,12268,6949,5019,10672,7030,1,0,1,1,0,1,1,1,0,1,9729,4456,3168,12814,19645,3386,6718,8399,15959,2953,6139,6060,9737,2,2,3,3,3,2,2,3,2,9897,39496,6333,8735,5139,6332,3,3,1,1,1,4,1,3,3,2,2,1,1,1,2,2,1,1,2,2,5244,8335,9772,9552,9527,8758,4963,8498,11635,5116,7590,6197,14789,5957,10209,5748,5,5,5,5,5,5,1,1,6,2,22,30,29,7,0 days 00:28:10,0,,,6
876402.0,1,yes,84492.2000002861,[],True,sub_39784,control,yes,white_british,woman,getting_by,23.0,['self_guided'],employed,"['talk_therapy_prev', 'self_guided_prev']",['none'],tenant,3,66999.0,5100,6484,0,4000,4446,4950,17865,37518,4698,9600,4644,5299,0,1,1,1,1,2,1,1,2,3,6433,5698,3184,8070,4467,4495,4530,7632,3683,3950,3864,4567,6152,3,3,3,2,2,4,3,3,2,10432,8116,4098,5597,6297,12299,2,1,2,1,1,0,1,1,0,1,3,0,3,1,3,1,1,0,2,1,5530,5067,3982,5848,25285,3730,3330,4580,4286,3915,3494,3265,12401,4967,7247,5264,4,4,4,5,5,4,1,1,12,2,25,26,19,5,0 days 00:15:12,0,,,6
1961488.0,1,yes,55917.69999999972,[],True,sub_34815,control,yes,white_british,woman,struggling,28.0,['medication'],not_seeking,['prefer_not_to_say_tx_prev'],"['concentration', 'physical_effort', 'social_interaction']",tenant,3,86876.0,3405,3789,0,4462,7860,8849,52785,7566,5713,15100,6081,3476,1,0,1,1,1,2,1,3,3,3,3017,8076,3035,7418,6779,4363,3722,40276,4606,2986,3109,7214,3821,2,3,2,2,2,3,2,3,3,7104,16819,4810,53415,7349,9210,2,4,2,1,1,2,0,2,1,2,3,3,2,1,2,1,0,2,1,2,16734,21670,3715,57878,46581,7484,21596,4175,10852,3369,4442,3627,50733,18446,8982,11647,4,4,5,4,4,4,1,1,13,2,22,25,25,8,0 days 00:33:13,0,,,4
2569419.0,1,yes,373862.30000000075,[],True,sub_21882,causal,yes,white_british,man,getting_by,49.0,['none'],employed,"['talk_therapy_prev', 'medication_prev', 'self_guided_prev']","['concentration', 'social_interaction']",tenant,3,42773.0,37980,3981,0,3079,5195,5259,5992,28421,6820,4396,3715,4257,1,0,1,1,0,2,1,1,2,2,2049,2547,3897,106710,2541,2385,2911,3769,2849,2363,3338,2956,6319,3,2,4,3,3,3,2,3,3,34922,9317,10905,3400,19532,35114,3,4,3,1,1,2,1,1,3,1,3,1,3,3,2,2,3,2,3,2,14449,2905,3186,99635,157678,3601,7626,4052,143612,60125,3516,3131,8348,3675,2312,5904,2,3,2,3,2,2,1,1,10,2,26,14,33,10,,0,,,5
873561.0,1,yes,88288.80000001192,[],True,sub_13256,causal,no,white_british,woman,getting_by,47.0,['none'],employed,['none'],['none'],homeowner,3,46700.0,3340,5843,0,7949,8624,4953,7231,6010,5640,6097,7726,3664,2,0,1,1,0,0,2,0,0,2,4021,6619,2632,4447,10244,3457,4949,6449,5058,3807,4197,3265,5800,3,3,4,3,3,3,2,3,3,4808,3416,7131,7512,7076,5415,4,4,4,1,2,3,2,3,3,3,3,1,3,1,3,1,2,3,3,2,5292,4662,8772,6937,6820,5796,5762,4607,5298,3929,3392,4248,5127,4380,5129,4666,4,3,5,5,4,5,1,1,8,2,27,26,38,12,0 days 00:15:16,0,,,6
1364275.0,1,yes,44636.200000000186,[],True,sub_86573,causal,yes,white_british,man,getting_by,24.0,['none'],unemployed,['none'],"['social_interaction', 'physical_effort', 'concentration']",other_housing,3,99367.0,10340,3592,0,5339,4039,3015,4757,5614,3619,5813,5258,2747,1,1,2,1,0,2,2,1,1,3,2654,17852,2397,4363,30800,2464,2907,17733,3940,2212,64081,4217,2963,3,3,4,3,3,3,3,3,3,3199,3610,4783,4572,8181,5897,3,2,2,1,2,3,1,2,2,3,3,1,3,2,3,2,3,2,3,3,6019,30029,24625,4057,32985,63691,19131,25863,2854,2345,27281,2369,9244,10585,21732,21413,4,3,3,4,2,4,1,1,13,3,28,20,38,7,,0,,,6
1651503.0,1,yes,22064.19999998808,[],True,sub_24053,causal,no,white_british,woman,getting_by,41.0,['talk_therapy'],employed,['talk_therapy_prev'],['none'],homeowner,3,157865.0,2407,3927,0,4111,2943,320063,2999,3815,2975,2263,2815,2279,1,1,1,1,0,1,2,1,0,1,1567,2215,1439,1856,1839,1855,1951,2839,4215,1631,2015,3279,2879,2,2,3,3,3,3,2,3,2,5951,3351,2735,4359,2935,4144,2,1,1,1,0,3,1,2,1,1,3,0,2,2,2,2,1,2,2,1,2552,2159,2518,3064,3512,2647,1975,2879,2711,1968,1743,2919,2607,4223,3247,2599,2,2,2,1,3,1,1,1,8,2,23,11,25,4,0 days 00:27:44,0,,,6
792791.0,1,yes,37659.30000001192,[],True,sub_24697,causal,yes,white_british,woman,getting_by,42.0,['self_guided'],employed,"['talk_therapy_prev', 'medication_prev', 'self_guided_prev']","['concentration', 'social_interaction', 'other_impact']",tenant,3,40486.0,2167,3430,0,2179,3601,4211,6479,6279,4199,3778,3617,2681,1,0,1,1,0,1,0,1,1,1,2089,1917,3517,4453,8158,2521,3025,5545,2284,1948,2732,2760,6639,1,2,2,2,2,1,2,2,1,5259,3921,4232,5241,4611,2199,1,3,2,1,1,0,0,1,1,0,2,0,1,0,0,0,1,0,0,0,3789,5526,1571,2522,5014,2073,3888,2585,6462,2919,3897,3072,2271,2911,3881,4186,4,3,4,4,4,4,1,1,6,2,15,23,7,6,0 days 00:13:28,0,,,6
3596059.0,1,yes,43540.300000190735,[],True,sub_28698,causal,no,white_british,woman,doing_okay,36.0,['prefer_not_to_say_tx_current'],employed,['medication_prev'],['none'],homeowner,3,188126.0,2790,5766,0,3175,3207,7614,9048,22040,3839,3703,10830,46383,0,0,2,2,0,3,1,0,0,3,4438,1984,1655,2544,2479,2536,4590,5199,2712,2079,6383,2349,47072,1,1,2,2,2,1,1,1,1,29215,23496,52431,30231,133951,2775,2,2,0,1,1,2,0,1,0,0,1,1,2,0,2,1,1,0,0,2,2535,2520,46336,7063,7400,26751,67791,193423,3086,6199,235063,75559,10447,51958,230376,110030,4,5,3,5,4,4,1,1,11,4,12,25,14,4,0 days 01:00:19,0,,,6
931129.0,1,yes,47754.79999999888,[],True,sub_90194,causal,yes,white_british,woman,getting_by,42.0,['none'],employed,"['talk_therapy_prev', 'medication_prev']",['concentration'],tenant,3,62967.0,3699,3800,0,3615,3880,4331,5266,7830,5164,4448,4747,3731,2,0,1,1,0,1,0,1,1,1,4115,4247,4299,7730,5518,3379,6050,5498,3780,2983,3882,4031,5714,1,1,1,1,2,2,1,2,1,6999,4515,3678,5315,4031,2949,2,4,2,1,2,2,1,2,0,1,2,0,1,1,1,1,2,0,2,1,6065,3531,6545,6299,6263,4096,2896,4233,4313,17965,6184,4749,5315,4583,8198,4968,5,5,5,4,4,4,1,1,7,2,12,27,19,8,0 days 00:16:05,0,,,6
2511064.0,1,yes,208337.29999999705,[],True,sub_12207,causal,no,white_british,woman,getting_by,36.0,['none'],employed,"['medication_prev', 'talk_therapy_prev']",['none'],tenant,3,42105.0,4725,3671,0,2860,2427,3908,2600,5138,4251,4229,4375,1934,1,0,1,1,0,0,2,1,1,1,2028,3549,1646,2461,2432,2799,3073,4077,2795,2199,3254,3077,91070,1,3,3,3,1,2,1,2,3,166243,4378,3428,6375,3553,3266,3,4,1,1,1,2,1,1,2,1,3,0,1,1,1,1,3,1,2,2,1449,2370,2101,2744,2586,2725,2971,8337,2205,1719,1804,2328,2530,1810,2985,2406,2,3,2,3,3,3,1,1,7,2,19,16,23,8,0 days 00:42:06,0,,,5
2045439.0,1,yes,211423.0,[],True,sub_76471,causal,no,white_british,man,doing_okay,34.0,['none'],employed,['none'],['none'],tenant,3,63602.0,6484,14038,0,46541,5694,6760,7698,8249,13565,22209,9410,26542,0,0,1,1,0,1,1,0,1,1,12883,11383,14807,7997,46060,10953,15688,22498,20638,7761,12403,12525,6429,3,3,3,2,3,2,2,3,2,9621,5664,7210,8829,7264,21601,1,1,1,1,1,0,1,3,2,0,2,0,2,0,2,0,1,0,1,2,8031,7027,5146,13296,11042,13546,5286,8028,5632,6164,3789,4899,7852,5506,7351,8561,4,5,5,5,5,5,1,1,6,2,23,29,17,3,0 days 00:35:02,0,,,6
987759.0,1,yes,79927.69999998808,[],True,sub_33677,control,no,white_british,man,getting_by,47.0,['none'],employed,['none'],['none'],homeowner,3,51264.0,4599,5281,0,6941,6073,4183,5867,10640,9929,6253,9302,3844,0,1,2,2,0,1,2,1,0,1,3075,6619,3003,9863,6565,3918,4039,7941,7980,3685,4077,6363,9729,2,2,3,3,3,2,2,3,2,10979,5193,6219,7140,10181,5098,2,3,2,1,3,2,3,3,2,3,1,1,1,2,1,2,0,3,2,1,3815,3837,2915,5113,6179,4239,4791,5761,4375,4311,5183,2306,4438,4952,5829,4311,4,4,4,4,2,4,1,1,9,4,22,22,30,7,0 days 00:16:57,0,,,5
2140469.0,1,yes,324538.60000002384,[],True,sub_99182,causal,no,asian,woman,struggling,56.0,['none'],unemployed,"['talk_therapy_prev', 'medication_prev', 'self_guided_prev']",['none'],tenant,3,96524.0,4696,5355,0,5018,86555,6832,8439,7886,10023,7043,12014,5256,1,0,1,1,1,0,1,1,1,1,3926,4757,6548,4331,12165,6512,8089,9513,4814,5106,7385,4395,6383,3,3,3,1,3,2,2,1,2,10340,5621,6866,9292,6464,6081,1,1,1,1,1,1,1,1,1,0,1,0,0,1,1,1,1,0,2,0,4179,4377,3400,7097,7309,6216,5158,5226,6378,4147,3624,9827,5611,6676,7270,7309,6,6,6,6,6,6,1,1,7,2,20,36,12,3,0 days 00:37:29,0,,,6
820311.0,1,yes,74111.89999999106,[],True,sub_35794,causal,no,mixed,man,getting_by,27.0,['self_guided'],unemployed,"['medication_prev', 'talk_therapy_prev']",['concentration'],tenant,3,80290.0,5312,4228,0,4678,3330,4213,6396,5478,5827,3830,4445,3277,3,0,2,1,0,1,1,2,1,3,4913,5746,3879,6947,4211,3598,6211,6146,6630,4544,4546,3544,6466,1,1,1,2,2,2,1,1,1,5732,8245,6161,6546,5745,8329,0,2,1,1,0,0,3,2,0,0,1,2,1,0,0,0,0,0,0,0,4328,4180,3829,6078,5030,5198,4345,6595,3932,4112,4096,3576,4514,4414,6094,5930,4,4,6,3,4,5,1,1,12,3,12,26,9,3,0 days 00:14:11,0,,,5
1029430.0,1,yes,57809.60000002384,[],True,sub_37015,causal,no,white_british,woman,getting_by,51.0,['none'],employed,['none'],['none'],homeowner,3,78741.0,5006,5902,0,4714,4641,4782,9869,6242,14080,3330,13336,6310,0,0,1,1,0,3,1,0,0,1,8328,9408,4750,6924,6144,4894,5286,13627,4239,4406,3681,4650,4258,1,2,3,3,2,2,2,3,1,5063,5022,5813,5132,9629,7843,4,4,4,1,3,2,0,2,0,3,3,2,3,3,4,0,0,3,1,2,2824,3700,15491,5029,4817,4698,4074,4525,4170,3518,3003,4803,10782,3263,3970,4807,4,3,4,1,2,4,1,1,7,2,19,18,31,12,0 days 00:17:48,0,,,6
485008.0,1,yes,23681.5,[],True,sub_28006,control,yes,white_british,man,doing_okay,37.0,['none'],employed,['prefer_not_to_say_tx_prev'],['other_impact'],tenant,3,39269.0,3687,5291,0,2719,3002,2535,3936,6594,3054,3153,3568,2652,1,0,1,1,0,1,0,1,1,1,2688,2702,1682,4492,2921,1867,3255,3305,2819,1666,1984,2370,2737,2,2,3,2,2,2,2,2,2,5007,2602,3120,2970,2969,3355,2,2,1,1,0,1,1,1,0,2,1,1,2,0,0,0,1,1,1,0,2485,3438,3003,3238,3554,2101,2552,2451,2988,2936,3570,2435,4773,3469,3288,3487,4,4,2,3,4,3,1,1,6,2,19,20,12,5,,0,,,5
885633.0,1,yes,99999.69999998808,[],True,sub_21436,control,yes,white_british,woman,struggling,50.0,"['medication', 'talk_therapy']",unemployed,"['talk_therapy_prev', 'medication_prev']",['physical_effort'],tenant,3,59704.0,4313,5576,0,5438,4581,5325,6691,8242,5189,4990,6859,3810,1,1,3,1,0,1,2,1,0,3,5311,5279,4542,3830,6727,3747,4191,9385,4059,3759,4527,4374,5579,2,1,3,2,2,2,1,2,2,10006,6359,6342,6908,9938,12751,2,4,2,1,1,2,1,2,2,2,1,0,3,0,2,3,2,1,2,1,4091,4214,4561,6331,5563,4873,18350,4658,3943,4843,6025,3628,5011,7158,6388,8107,6,6,6,6,4,6,1,1,12,4,17,34,25,8,0 days 00:15:23,0,,,3
932857.0,1,yes,39102.59999999404,[],True,sub_80698,control,yes,white_british,woman,getting_by,28.0,['none'],employed,['medication_prev'],"['social_interaction', 'concentration']",tenant,3,49982.0,3459,4226,0,5619,7072,3676,10352,7475,5875,5714,7255,6822,2,0,1,1,3,1,2,1,3,1,3748,3661,3181,3360,4262,2927,3785,6104,3749,3008,8174,3313,5355,1,2,3,2,3,3,2,3,3,4321,3572,3014,6536,3157,2575,2,3,4,1,2,2,0,2,2,2,3,1,3,1,2,0,2,1,1,2,3720,2898,2171,3382,6574,2616,3367,7771,3081,3455,5488,4570,2677,3668,34950,3697,4,4,4,4,4,4,1,1,14,2,22,24,26,9,,0,,,6
669266.0,1,yes,57406.90000009537,[],True,sub_88735,causal,no,white_british,woman,struggling,25.0,['none'],employed,['medication_prev'],['none'],tenant,3,60068.0,3822,3439,0,4035,8091,5190,6248,7626,5469,3911,4382,4319,1,0,1,1,0,1,2,0,1,1,3265,4114,3611,8257,8371,10332,4193,5316,3998,13686,3585,4369,4780,2,3,4,3,2,2,2,3,2,5935,4388,3694,5600,5854,10786,4,4,4,1,2,4,3,1,4,4,4,0,4,3,4,4,4,4,4,4,3461,5068,5321,8104,5123,3094,5240,4648,3832,3082,4960,2752,5481,3526,4429,4021,3,3,3,1,1,1,1,1,8,2,23,12,53,12,0 days 00:11:24,0,,,0
813854.0,1,yes,69703.69999998808,[],True,sub_59291,control,no,black,man,doing_okay,25.0,['none'],employed,['none'],['none'],tenant,3,43760.0,4690,4011,0,4607,5402,5019,34691,5936,3208,2805,3341,36606,1,0,1,1,0,2,0,0,1,3,3450,3685,2800,31902,5834,4879,5007,8736,2801,2883,8013,2475,29497,1,1,2,2,3,2,2,2,1,7770,4036,4501,3860,3232,5174,0,0,0,1,0,0,0,0,2,0,0,0,1,0,0,0,1,0,0,0,3864,4257,3926,4325,4418,6194,3821,3568,29203,3414,3255,4157,3572,4090,4116,4325,6,6,5,6,5,6,1,1,9,2,16,34,4,0,0 days 00:13:52,0,,,2
1679103.0,1,yes,136373.29999998212,[],True,sub_87653,control,no,black,man,getting_by,31.0,['none'],employed,['none'],['none'],tenant,3,81006.0,6711,8390,0,21293,3677,11067,18079,21372,28515,3663,16968,4286,1,0,1,2,2,3,2,1,1,2,6077,4189,3524,8243,7808,9019,68398,15465,3554,4413,5159,37591,4198,1,1,2,2,4,1,2,1,1,5779,3831,14962,12707,4024,2814,3,3,1,1,1,0,0,1,2,0,2,0,0,0,3,0,1,0,2,1,4139,51911,4324,9935,5146,6881,3533,4470,22898,4135,4064,2999,7948,15244,3890,8098,4,4,5,6,2,3,1,1,14,3,15,24,13,7,0 days 00:29:31,0,,,6
824480.0,1,yes,49579.5,[],True,sub_17096,control,no,white_british,woman,getting_by,48.0,['none'],employed,"['medication_prev', 'talk_therapy_prev']",['none'],tenant,3,43904.0,4473,6443,0,4608,4786,4828,4588,7154,5098,4489,3979,4890,0,0,1,1,0,2,0,1,2,2,7242,3181,2408,4119,5120,6678,9727,5632,4349,3208,4819,3102,6734,2,4,2,2,2,3,3,3,2,6303,3380,3357,7906,4043,3382,3,3,1,1,1,3,0,3,4,1,3,0,3,2,2,0,3,1,4,0,2889,3296,2923,6918,5917,3130,3158,6211,2805,3403,3096,7014,4235,3377,4714,6126,3,2,3,2,3,2,1,1,8,2,23,15,30,7,0 days 00:14:08,0,,,4
812783.0,1,yes,101670.79999999702,[],True,sub_78535,control,no,white_british,man,doing_okay,54.0,['none'],employed,['none'],['none'],homeowner,3,58310.0,3702,4235,0,4834,3897,4012,4822,7947,4674,3800,9483,6881,1,0,1,1,0,0,1,1,1,1,2846,2994,7676,5164,3463,3528,3028,7096,3130,2234,4070,2987,5567,1,2,3,2,3,3,3,3,3,5731,6684,3390,7801,13733,5808,2,4,3,1,1,0,0,3,0,1,4,2,2,1,3,0,1,0,3,1,3480,4176,2954,4068,6483,4150,3167,5309,3754,5075,2499,9878,3164,3616,4488,3318,4,3,4,4,5,4,1,1,6,2,23,24,22,9,0 days 00:13:54,0,,,6
2060217.0,1,yes,38174.80000001192,[],True,sub_52521,control,no,black,man,struggling,39.0,['none'],employed,['talk_therapy_prev'],['none'],tenant,3,47053.0,4696,5190,0,5519,5573,9911,9727,7423,5071,4544,5743,4711,1,1,1,1,1,1,1,1,1,1,1887,2336,2223,4173,7135,2870,4792,7790,3735,2576,3927,4607,6367,2,1,2,3,2,1,1,1,1,7248,5071,4431,7503,3951,5640,1,1,1,1,0,0,0,1,0,0,1,0,1,0,1,0,1,0,1,0,3711,6311,4415,5295,9416,3151,3135,5655,4430,5591,2616,3527,273258,3351,9555,7958,5,5,5,5,4,5,1,1,9,2,14,29,6,3,,0,,,6
618744.0,1,yes,30807.20000000298,[],True,sub_45644,causal,no,white_british,woman,struggling,34.0,['medication'],employed,"['talk_therapy_prev', 'medication_prev']",['none'],tenant,3,45111.0,2946,2902,0,2916,2466,2954,6606,6172,4619,2632,3164,2400,0,0,1,1,2,1,1,1,2,1,1846,2196,1859,2812,3135,7641,4341,4477,2579,1740,2535,2684,3480,1,2,2,3,2,2,2,2,2,6352,4597,4125,5511,4837,3427,3,3,3,1,2,2,1,2,1,0,1,0,1,1,1,2,2,0,1,1,3254,2451,1956,3374,3494,2663,2835,5189,5587,3135,2601,3143,2579,2856,3802,3021,4,4,4,4,4,4,1,1,9,2,18,24,18,9,0 days 00:10:44,0,,,5
1089385.0,1,yes,35038.40000000596,[],True,sub_88514,causal,no,white_british,woman,getting_by,25.0,['none'],employed,['none'],['none'],other_housing,3,37863.0,12499,4295,0,3897,1764,2416,4163,4015,3549,2931,4412,2000,2,0,1,1,0,2,2,1,1,2,1380,3232,2297,24129,2231,2381,2682,4814,2165,1731,21368,3413,2916,1,3,3,2,2,2,3,2,3,49084,2565,5298,3914,4896,3900,2,2,3,1,1,2,1,1,1,1,2,1,3,1,2,1,3,1,2,1,2615,2631,2182,4881,3532,1914,1931,3131,2680,3197,1484,1981,2631,4315,2215,2115,4,4,3,4,4,4,1,1,11,2,21,23,24,7,0 days 00:18:30,0,,,6
1280842.0,1,yes,46469.59999990463,[],True,sub_98181,causal,no,white_british,woman,getting_by,51.0,['medication'],employed,"['medication_prev', 'talk_therapy_prev']",['none'],homeowner,3,50749.0,3190,8667,0,4361,14582,5172,6362,7270,4709,5373,5127,8415,2,1,1,1,2,0,1,2,1,1,5604,4573,11639,7926,4732,7272,5172,12484,6206,3829,45482,3675,5844,3,3,4,3,4,4,3,3,3,40676,6643,3791,5147,7697,3120,4,4,2,1,3,2,1,2,2,1,2,2,2,3,1,3,2,1,3,2,3066,5045,5380,3641,4308,3702,5200,4016,4453,14111,6355,7706,5979,3057,4959,4425,3,4,3,4,4,5,1,1,10,2,30,23,32,10,0 days 00:22:14,0,,,2
951811.0,1,yes,49040.0,[],True,sub_29295,causal,no,white_british,man,getting_by,29.0,['none'],employed,['medication_prev'],['none'],tenant,3,51969.0,4025,5342,0,6016,12722,8251,5887,8604,4954,5492,5476,3817,0,0,1,1,0,1,1,1,1,1,2835,2896,2158,3880,2908,3491,7203,5099,3768,2076,5210,3268,5274,2,2,2,2,3,1,1,2,2,8179,4800,5224,5493,12203,3530,3,4,4,1,1,3,0,3,1,2,3,0,1,3,1,1,3,1,1,4,14350,4709,6284,5486,6992,4467,4414,5873,5141,4875,4223,5285,7322,5062,5286,5168,4,4,4,3,3,3,1,1,6,2,17,21,28,11,0 days 00:18:38,0,,,6
967038.0,1,yes,114690.0,[],True,sub_48307,control,no,white_british,man,getting_by,22.0,['self_guided'],employed,['none'],['none'],other_housing,3,173879.0,4366,4539,0,2125,1940,1005,1389,2271,1893,1210,1215,2081,2,0,1,2,0,1,1,0,0,1,1732,2102,891,1479,2376,958,1751,1530,1900,981,1687,835,812,4,3,3,3,2,1,3,3,2,2690,1033,2225,1367,1454,1481,3,1,2,1,1,2,0,1,0,2,1,1,1,0,2,1,3,2,2,1,920,1191,830,1071,1646,642,805,763,2128,882,1247,1020,1697,1493,952,1381,4,4,3,4,1,1,1,1,8,3,24,17,20,6,0 days 00:16:34,0,,,5
1900616.0,1,yes,849982.8000000119,[],True,sub_90084,control,no,black,man,struggling,40.0,['none'],employed,['none'],['none'],tenant,3,83556.0,7622,6062,0,8575,85623,12439,9750,24777,7551,7687,6891,7078,1,0,1,1,1,2,0,1,1,0,7407,6519,6791,10103,8926,7719,5815,14119,4967,4183,9239,6190,41254,2,2,2,3,4,2,3,2,3,71743,13671,7542,10831,13383,15718,3,3,1,1,1,2,0,3,1,0,2,2,1,1,3,1,1,1,1,1,5943,4983,4438,6991,7071,6223,6023,10471,9543,5415,6495,6367,26567,4367,5590,7799,3,4,3,1,2,3,1,1,7,2,23,16,21,7,,0,,,4
820745.0,1,yes,65260.29999995232,[],True,sub_50616,causal,yes,white_british,woman,doing_okay,37.0,"['self_guided', 'medication']",employed,"['talk_therapy_prev', 'medication_prev', 'self_guided_prev']",['physical_effort'],homeowner,3,283906.0,3209,4586,0,2038,5349,5779,4416,8241,2161,2303,2753,1946,3,0,1,1,0,3,1,2,1,3,1218,7064,3301,3835,7716,1784,2651,4334,3801,1389,1613,1732,3523,1,1,2,2,1,1,2,3,2,7752,2284,2821,3666,2569,2667,4,4,4,1,4,4,3,4,1,2,3,1,3,1,2,2,1,2,1,2,5133,2151,2438,2693,3318,3156,3057,3890,3268,3225,2101,1992,4057,5721,3233,3187,5,5,4,4,4,5,1,1,13,2,15,27,36,12,0 days 00:14:08,0,,,6
742727.0,1,yes,41382.79999995232,[],True,sub_41307,control,no,white_british,man,doing_okay,62.0,['medication'],employed,['medication_prev'],['physical_effort'],homeowner,3,51035.0,3111,3933,0,4475,5465,4501,6177,9156,6197,4441,4882,3780,1,0,0,2,0,3,0,0,1,3,5631,3826,4474,5816,3785,3298,4867,9961,4439,2811,3875,3909,6125,2,2,2,3,2,2,2,3,2,6605,4457,5704,4326,3981,4035,1,3,0,1,0,1,0,1,1,1,2,0,1,0,1,0,2,1,1,2,3437,4523,2933,4087,4491,3597,5631,4165,3985,3755,3097,2973,3053,3283,5415,3349,4,4,4,2,2,4,1,1,10,2,20,20,14,4,0 days 00:12:45,0,,,6
929293.0,1,yes,62859.19999998808,[],True,sub_87671,causal,yes,white_british,woman,doing_okay,58.0,['medication'],employed,"['talk_therapy_prev', 'medication_prev']",['none'],homeowner,3,60450.0,2996,5194,0,8108,3844,3970,5661,8201,6467,4627,3921,3791,1,1,1,1,0,2,1,2,1,2,2747,2851,2044,3516,3226,2955,2996,6084,4539,2155,4400,4273,4132,2,2,3,3,4,2,2,2,3,4868,3443,3363,4429,3569,4508,4,4,3,1,3,3,2,2,3,3,3,0,3,4,2,2,4,3,3,3,3554,3611,4508,5506,4275,3606,3547,4226,4069,4045,3876,5948,4388,3635,3348,4421,0,0,0,0,0,0,1,1,10,2,23,0,43,11,,0,,,0
1271786.0,1,yes,86225.0,[],True,sub_85647,control,no,black,man,doing_okay,33.0,['none'],employed,['none'],['none'],homeowner,3,73706.0,5851,13268,0,6847,9212,6243,67369,10684,8504,59153,7503,8173,0,1,1,1,1,1,0,1,1,2,3701,2438,5539,10458,2298,3679,9968,3081,3904,5277,2468,1929,5524,2,2,2,2,3,1,2,1,1,6463,1950,2632,2660,3436,2238,2,2,3,1,1,1,0,1,2,1,1,1,1,0,1,0,2,0,2,2,2093,1964,3571,2236,2342,3533,3087,2236,5835,2760,4127,5288,3794,2150,2397,1660,5,3,3,4,3,3,1,1,8,2,16,21,16,7,,0,,,6
774807.0,1,yes,60325.0,[],True,sub_13426,control,no,white_british,man,getting_by,50.0,['other_tx'],employed,['medication_prev'],['none'],tenant,3,68404.0,4555,5483,0,5442,6946,3267,6648,8764,7891,4163,3698,4398,1,0,1,1,0,2,2,1,0,2,3412,3290,3211,3783,3140,4820,4533,7549,4923,2938,5036,3156,5422,1,2,3,2,3,2,1,3,2,4373,10869,10573,4323,5252,10043,4,4,2,1,2,1,1,1,1,1,3,0,1,3,3,1,1,2,1,2,4388,5276,4124,12061,4572,5523,4019,5171,5062,4442,4563,5518,5684,4299,3947,4660,5,4,5,6,4,4,1,1,9,2,19,28,24,10,0 days 00:13:33,0,,,6
1758170.0,1,yes,280913.0,[],True,sub_99601,control,no,black,man,doing_okay,59.0,['none'],employed,['none'],['concentration'],tenant,3,239213.0,6922,9376,0,5445,9972,5561,8744,15840,14274,6418,6684,5824,0,0,1,1,2,2,1,1,0,3,7331,6820,10042,10611,13487,11439,11379,10975,5679,9663,7400,5505,8466,2,3,2,1,3,3,2,2,2,10898,5936,35228,10203,4849,8835,3,4,1,1,1,0,0,3,1,1,2,0,1,1,1,0,1,0,2,0,9576,6454,5802,12466,12627,8472,6523,6428,7607,9062,7667,3668,7480,7507,9615,7958,5,5,5,6,6,5,1,1,10,2,20,32,14,8,,0,,,6
777568.0,1,yes,77523.70000004768,[],True,sub_66536,causal,no,mixed,man,doing_okay,24.0,['medication'],employed,['none'],['none'],tenant,3,49265.0,5386,5529,0,6866,7443,4707,7993,7040,7237,5407,5032,4154,1,0,1,2,0,1,1,1,2,2,3495,2971,2597,3714,3544,2421,4652,5421,3728,2469,3816,2543,4548,2,3,3,3,3,2,3,3,2,10007,5967,15635,12939,16152,4245,2,3,3,1,1,0,0,2,0,1,1,0,2,1,1,0,1,0,1,0,5277,4018,5627,6367,9442,3081,3270,4801,4411,3854,4720,5032,4693,3937,5537,6182,4,5,5,4,4,4,1,1,10,3,24,26,11,8,,0,,,5
743328.0,1,yes,36714.0,[],True,sub_14792,causal,prefer_not_to_say_neurodiv,white_british,man,getting_by,30.0,['none'],employed,"['talk_therapy_prev', 'medication_prev']",['none'],tenant,3,63383.0,2306,2396,0,4481,3374,3978,3963,3758,2684,2576,3441,3690,3,0,1,1,0,3,1,1,1,3,2139,2001,1760,2104,2130,2100,2251,39001,3344,1963,10928,2460,3498,2,3,2,2,3,3,3,3,2,3541,2277,3255,2829,2543,2225,2,4,2,1,3,1,1,2,2,2,3,2,2,2,2,1,3,1,3,1,1830,3107,2228,3871,2454,1761,1762,2955,2500,1987,1721,1954,2185,3272,6741,3896,2,4,4,4,4,5,1,1,13,2,23,23,31,8,0 days 00:12:41,0,,,6
937934.0,1,yes,31876.400000035763,[],True,sub_45608,causal,no,white_british,man,doing_okay,54.0,['none'],employed,['none'],['none'],homeowner,3,48843.0,3799,4015,0,5591,7223,6766,13015,8143,7928,5542,8527,8822,0,0,1,1,0,1,1,1,0,1,6264,5663,2656,8128,4911,4366,10646,9704,5519,2903,6656,4335,9840,3,3,2,3,2,2,2,3,2,10199,14104,6191,4975,4751,18007,0,2,0,1,0,1,0,1,1,1,1,0,2,0,1,1,1,0,1,1,4047,4583,4119,10183,6783,6654,6552,3728,4279,4656,12815,4231,4591,10079,7015,6183,5,4,5,5,5,4,1,1,5,2,22,28,12,2,0 days 00:16:06,0,,,6
949384.0,1,yes,99278.0,[],True,sub_10160,control,no,white_british,man,doing_okay,35.0,['none'],employed,['medication_prev'],['none'],tenant,3,37892.0,7212,3535,0,3159,2535,2653,15846,4400,2455,2773,2634,3016,0,0,1,1,0,2,1,1,1,1,1363,2013,22624,3064,2481,3191,1970,4678,26955,1505,2556,2328,3823,2,3,2,1,2,3,1,3,2,15597,2770,6920,4471,4254,1595,2,1,1,1,1,1,0,2,1,1,2,1,2,1,3,0,1,1,1,1,2255,2293,2344,2617,2525,2532,2012,2240,3069,2531,1581,3763,2143,2333,5168,3303,4,4,4,5,4,4,1,1,7,2,19,25,19,4,0 days 00:16:03,0,,,6
1724377.0,1,yes,321469.3000000119,[],True,sub_55617,causal,no,white_british,woman,getting_by,33.0,['none'],employed,['none'],['none'],tenant,3,66156.0,3908,4172,0,55225,2840,12070,4443,7109,5722,4662,4356,28532,2,0,1,1,1,1,0,1,0,0,3410,5551,2253,4652,5017,2912,44016,34959,4598,2512,1649,1931,4013,2,3,3,2,3,2,2,3,2,23542,8407,3886,22475,3036,2303,0,0,1,1,2,1,2,2,1,2,2,1,1,1,1,0,2,2,2,1,1904,2334,2642,34211,38480,6435,1967,2715,65403,6027,2748,3409,1999,3369,16921,2046,5,4,5,3,4,5,1,1,6,2,22,26,23,1,0 days 00:29:45,0,,,4
1308664.0,1,yes,111070.39999985696,[],True,sub_58565,control,yes,white_british,woman,getting_by,53.0,['medication'],employed,"['talk_therapy_prev', 'medication_prev']",['other_impact'],tenant,3,85412.0,7932,4725,0,6372,10299,4431,19761,16867,5169,5342,10796,4522,2,0,1,1,0,2,2,1,0,1,5089,6868,5097,3894,3895,5899,18403,9610,8448,4521,5806,4258,6130,1,2,3,2,3,1,1,2,2,8924,5777,7486,9541,9074,4047,2,0,3,1,0,1,0,1,3,0,3,0,3,1,1,0,4,0,1,0,7860,5636,3904,6687,4765,3884,4066,4158,4248,5869,4390,3368,4431,5594,6878,9428,4,4,4,4,4,4,1,1,9,2,17,24,18,5,,0,,,6
693571.0,1,yes,21808.19999999553,[],True,sub_84427,control,prefer_not_to_say_neurodiv,asian,woman,getting_by,27.0,['none'],employed,"['talk_therapy_prev', 'medication_prev']",['concentration'],tenant,3,54003.0,2766,3101,0,4689,5392,4355,2843,6335,3758,5143,4632,2438,0,1,1,1,1,0,0,1,1,3,3770,3413,2169,4498,3801,5822,6625,8204,5620,5806,5379,3839,5682,1,2,3,2,3,2,2,1,1,5409,3432,3510,3523,5326,6448,1,0,1,1,0,0,1,1,1,0,1,0,1,0,1,1,1,0,1,1,2806,4961,3474,4656,5306,2614,4297,5708,4672,3756,3115,3022,4524,2569,3403,4784,3,3,3,3,4,4,1,1,8,2,17,20,10,2,0 days 00:11:42,0,,,6
822536.0,1,yes,44425.60000002384,[],True,sub_23667,control,no,white_british,man,getting_by,51.0,['none'],employed,['medication_prev'],['none'],tenant,3,53993.0,3333,4511,0,4075,6414,5180,9048,6241,7201,5479,5670,4748,0,0,2,3,0,1,3,2,2,3,3422,4427,2986,5438,4508,4143,4264,6801,3356,2877,4219,3999,5367,2,4,2,2,2,2,2,3,3,9554,4190,3584,5275,3441,4248,3,1,1,1,3,3,2,4,2,2,3,0,2,2,3,2,1,2,2,2,3524,4599,4258,8812,3646,3414,3226,4198,5489,3603,2843,4285,3980,3248,4307,3919,4,4,4,3,3,4,1,1,14,5,22,22,35,5,0 days 00:13:58,0,,,6
670302.0,1,yes,16412.0,[],True,sub_75561,control,no,white_british,woman,getting_by,31.0,['none'],employed,['prefer_not_to_say_tx_prev'],['none'],homeowner,3,69947.0,4360,5210,0,3830,5382,3675,5739,7245,3519,6642,6913,2964,1,0,1,1,0,0,1,1,1,3,2820,2231,1330,2276,2242,5079,5142,10576,2383,3303,3512,1799,9214,2,2,3,2,3,4,2,3,3,7881,3445,1560,4694,4411,7302,3,2,2,1,3,3,1,3,2,2,3,0,2,2,2,3,3,2,2,2,5009,5343,2409,11180,11895,3959,5075,3611,2845,3149,2202,2077,2859,5626,6313,3094,4,4,4,3,4,4,1,1,8,2,24,23,35,7,0 days 00:11:21,0,,,6
867039.0,1,yes,74207.00000000001,[],True,sub_89054,causal,yes,white_british,man,getting_by,23.0,['none'],unemployed,"['talk_therapy_prev', 'medication_prev', 'self_guided_prev']",['social_interaction'],other_housing,3,56584.0,4203,4010,0,9622,3213,4358,6327,7785,6088,3739,5686,8871,2,0,2,2,0,1,3,1,1,1,4244,2841,2335,5404,4874,4190,4839,13372,6354,3708,3688,2572,4666,2,2,4,3,4,2,1,2,3,9748,3756,4076,4989,15061,4240,4,4,4,1,2,2,3,4,2,1,4,3,2,1,3,0,2,0,1,1,5056,4189,7027,9243,8057,4188,2739,4994,8350,5507,3625,2736,6104,3387,6559,5539,5,5,5,1,3,5,1,1,12,4,23,24,31,12,0 days 00:14:48,0,,,6
842069.0,1,yes,40328.89999997616,[],True,sub_50488,causal,yes,white_british,woman,getting_by,26.0,['none'],employed,['none'],['social_interaction'],homeowner,3,66122.0,6942,5270,0,4045,2852,8702,5142,8408,3420,3951,6695,4230,3,0,1,1,1,3,0,1,0,3,2437,2677,3333,24273,4149,3861,3462,12375,2861,2085,2197,2293,4943,1,2,4,3,3,2,1,1,2,6878,4510,6038,6822,7395,5637,4,4,4,1,2,1,2,2,1,2,4,0,3,1,2,1,1,1,3,1,4174,3430,2003,5814,13816,3630,3174,8854,2773,3871,6974,4549,2998,4030,4220,3542,2,2,3,5,5,3,1,1,12,2,19,20,27,12,0 days 00:14:26,0,,,6
845155.0,1,yes,34796.200000047684,[],True,sub_60428,control,no,white_british,man,struggling,23.0,['none'],employed,['none'],['none'],tenant,3,40050.0,2501,30848,0,5756,6459,3039,4139,4594,6880,2706,4136,2874,0,0,1,1,0,1,1,0,0,1,1588,4170,1165,1940,6418,2724,3468,7848,3947,1792,3219,2931,24292,2,3,2,3,3,2,2,3,2,3765,3485,3957,4917,4371,3315,2,1,2,1,3,1,2,2,2,1,3,2,1,1,2,1,1,1,2,2,3541,2039,4396,13172,4424,5435,3886,4662,4436,2762,3042,1923,2933,14185,5560,2696,4,4,2,5,3,1,1,1,5,2,22,19,27,5,,0,,,5
947277.0,1,yes,139064.09999990463,[],True,sub_18816,causal,no,white_british,woman,getting_by,64.0,['none'],employed,['none'],['physical_effort'],other_housing,3,95054.0,4252,10988,0,7395,4954,5367,5910,7634,7667,4524,7591,13053,0,0,1,1,0,0,2,1,0,3,4812,6300,3655,6082,4165,6955,6818,11124,4758,4205,5724,6943,5978,1,2,3,3,3,2,2,2,2,8821,6621,4224,8552,8240,4298,2,2,1,1,1,3,0,0,1,1,1,0,1,1,1,0,2,1,2,2,6340,10012,4376,11461,9839,3852,12484,5340,5620,4147,6087,5228,7535,4725,8132,11043,4,4,4,3,4,4,1,1,7,2,20,23,17,5,0 days 00:16:27,0,,,6
805510.0,1,yes,79095.0,[],True,sub_82161,causal,no,white_british,woman,doing_okay,34.0,['talk_therapy'],employed,['medication_prev'],['none'],tenant,3,43163.0,3036,3289,0,3445,2809,5119,5210,4463,4967,5238,3327,2570,0,1,2,1,0,0,2,1,0,1,1853,2638,2318,2655,2829,2575,2652,3651,3154,3319,3730,2404,5824,2,3,4,2,4,2,3,4,4,5833,4902,5420,5250,3652,3636,4,3,2,1,2,0,2,1,3,1,4,0,3,2,3,1,2,1,3,2,2587,11283,1768,4411,3352,2519,2350,2452,2401,2847,1703,2483,2896,3173,4024,10020,3,2,3,2,3,2,1,1,7,3,28,15,30,9,0 days 00:14:00,0,,,6
811100.0,1,yes,30002.299999952316,[],True,sub_96932,control,no,black,woman,doing_okay,27.0,['none'],employed,['none'],['none'],homeowner,3,43164.0,3752,4254,0,3865,4336,4323,5278,6758,5218,3444,3211,4272,1,0,3,2,0,0,2,1,0,0,2335,2848,2437,3349,5510,2817,4627,7149,3873,3491,3354,3611,4130,1,1,2,2,4,2,2,2,3,5272,5835,2421,4040,3227,4329,0,1,1,1,1,2,1,3,1,1,2,0,0,2,2,2,3,2,1,2,3519,3929,2531,3836,5325,3214,3726,3340,4103,3416,2354,3398,4718,3323,4684,13569,3,5,2,4,4,5,1,1,8,5,19,23,25,2,0 days 00:13:59,0,,,6
1248467.0,1,yes,137819.0,[],True,sub_30505,control,no,mixed,woman,getting_by,29.0,['none'],employed,"['talk_therapy_prev', 'self_guided_prev', 'medication_prev']",['none'],tenant,3,70511.0,4305,6738,0,3752,3507,7147,5668,11930,6679,3833,3630,4030,2,1,2,1,1,0,1,2,2,1,2179,6382,2418,6068,6285,3210,6978,5519,2884,2479,5953,2957,4616,2,2,3,2,3,2,2,2,2,8982,5303,4098,6244,6634,3003,1,3,2,1,2,3,2,2,2,2,3,0,4,2,3,1,3,1,2,1,3734,3231,3200,3917,3953,3270,2403,4231,3719,4232,2223,2767,3202,2717,8981,3646,2,3,3,2,3,4,1,1,11,3,20,17,33,6,0 days 00:21:25,0,,,6
1094262.0,1,yes,90526.19999998808,[],True,sub_44589,causal,yes,white_british,woman,doing_okay,28.0,['none'],employed,['medication_prev'],['none'],tenant,3,78747.0,5079,4727,0,5229,4843,4325,6398,9323,7217,5814,5121,3407,1,0,1,1,0,2,1,1,1,2,2839,7219,2571,6181,5714,3357,9056,8571,4393,3140,2990,5078,5229,3,3,4,3,4,3,2,3,3,6900,7852,6281,10777,8203,8421,3,4,4,1,1,1,1,2,2,1,2,0,2,0,2,1,1,0,1,0,6315,4944,4042,3675,5931,5312,4828,4359,6082,6833,2722,6382,3859,4711,5663,7735,4,4,4,5,5,4,1,1,9,2,28,26,17,11,0 days 00:19:04,0,,,4
1495745.0,1,yes,83770.80000019073,[],True,sub_72781,causal,no,asian,woman,getting_by,40.0,['self_guided'],employed,['none'],['none'],other_housing,3,69757.0,5810,5178,0,6593,12614,7019,7105,14109,8709,7619,15484,6121,1,1,1,2,1,1,1,1,0,1,2493,13343,3006,4226,8295,4675,4800,10188,7169,3081,4680,4354,4741,3,4,3,3,3,4,2,3,2,7923,8357,5545,7245,6794,4997,2,1,3,1,4,3,1,4,2,2,4,4,3,4,4,1,2,3,3,4,3884,5746,9887,3798,4914,3712,4484,4013,3338,4301,2835,3745,4184,2888,5499,5317,3,1,3,1,2,4,1,1,9,3,27,14,48,6,0 days 00:25:35,0,,,5
885089.0,1,yes,30099.299999952316,[],True,sub_59843,control,yes,white_british,man,doing_okay,37.0,['none'],employed,"['talk_therapy_prev', 'medication_prev']",['social_interaction'],homeowner,3,63535.0,3874,5661,0,6154,6291,5096,5835,7896,4146,7779,5189,9167,1,1,1,1,0,1,1,1,0,0,2397,6663,1705,3709,2990,1950,2605,8364,3471,4076,4286,3589,8396,2,3,3,2,2,3,2,3,2,8321,3278,2474,6218,6684,4909,2,4,3,1,2,2,2,2,2,3,3,2,2,2,2,2,1,2,2,2,2555,2751,1804,4747,7632,3052,8015,4079,8383,2647,2984,2846,5209,2824,3255,2761,4,4,4,4,4,4,1,1,6,2,22,24,33,9,0 days 00:14:58,0,,,6
1588659.0,1,yes,92555.69999992847,[],True,sub_64144,causal,no,white_british,woman,struggling,51.0,"['talk_therapy', 'medication']",unemployed,"['medication_prev', 'talk_therapy_prev']",['concentration'],homeowner,3,118487.0,7493,6406,0,7989,7942,5438,8174,22623,8134,6291,10429,4985,1,0,2,1,1,3,1,2,2,3,5270,6291,12969,12450,6522,5373,4311,12092,4205,2733,7824,5068,8118,2,2,4,3,3,4,1,3,4,15881,11039,7743,27744,9835,11085,3,4,1,1,1,1,3,3,3,1,2,0,2,2,3,0,2,1,3,1,6140,7183,4236,7163,11326,7584,8546,5158,20108,9911,4794,7167,5162,5178,4827,9085,3,4,2,4,4,5,1,1,14,3,26,22,28,8,0 days 00:27:16,0,,,6
764797.0,1,yes,56921.70000004768,[],True,sub_27208,control,no,white_british,woman,getting_by,58.0,['medication'],employed,['talk_therapy_prev'],['none'],homeowner,3,59193.0,4312,5286,0,4157,4219,6289,4011,6562,5242,6713,5203,3742,0,0,1,1,0,1,2,1,0,3,3903,3579,4685,4020,4640,3986,5105,12101,3772,4966,3660,4844,4720,2,3,3,3,4,4,3,4,3,8187,4719,10379,5474,4514,4393,2,3,1,1,2,4,1,2,2,2,4,1,3,2,3,2,1,2,3,2,3466,4238,3897,3691,6300,3968,3815,4309,4765,4215,3448,5148,6381,3847,4072,4479,3,4,4,2,3,4,1,1,8,2,29,20,36,6,0 days 00:13:04,0,,,0
679264.0,1,yes,34677.10000000149,[],True,sub_28384,causal,no,white_british,woman,getting_by,51.0,['none'],employed,['none'],['none'],homeowner,3,42242.0,3096,2948,0,5557,3984,5126,4929,4429,5726,3698,3870,2628,2,1,1,1,0,2,1,1,1,3,3150,2932,2477,3677,4122,5421,3923,3291,3187,3415,2607,3980,3578,3,2,3,3,3,3,2,3,3,8460,3217,2885,4017,3945,2698,4,4,3,1,4,2,2,4,3,3,3,2,3,3,2,2,3,3,4,3,3151,2769,2304,3712,3071,2637,2403,3347,2568,2425,2561,2554,2639,4084,3966,2883,2,2,2,4,2,2,1,1,12,2,25,14,46,11,0 days 00:11:31,0,,,6
924340.0,1,yes,67843.0,[],True,sub_41274,causal,no,white_british,woman,doing_okay,25.0,['medication'],unemployed,['medication_prev'],['none'],other_housing,3,40940.0,3884,4022,0,3622,3949,3030,6191,7343,5584,3815,3942,3106,0,0,1,1,0,3,0,1,0,2,2986,2839,2007,2487,2992,3103,3766,6028,2662,2839,2511,2743,3983,2,4,3,2,3,3,2,4,3,5792,3794,4198,4431,4815,4063,4,4,4,1,2,2,2,2,1,3,4,0,2,2,3,2,3,2,3,1,2861,4230,2576,3591,5715,3087,3591,3597,4908,2833,2875,4389,4639,3454,3208,3880,0,0,0,0,1,0,1,1,7,2,26,1,34,12,0 days 00:16:20,0,,,6
658658.0,1,yes,34952.799999952316,[],True,sub_55748,causal,no,white_british,man,doing_okay,39.0,['none'],employed,"['medication_prev', 'self_guided_prev']",['none'],homeowner,3,34475.0,4354,5005,0,4899,4054,3363,3540,6694,6330,3736,4696,3306,1,0,1,1,0,2,1,0,1,1,1733,2202,1854,2487,3364,1944,1963,7056,2326,1604,3198,3193,5189,1,2,3,3,2,3,2,3,2,6100,6188,3793,4753,7528,3024,2,3,2,1,0,2,1,1,2,1,1,0,1,1,0,2,2,1,2,2,6092,5112,1886,2104,4015,2717,5132,3849,3618,3957,4720,2988,6416,2145,4119,2643,3,4,4,2,4,4,1,1,8,2,21,21,19,7,,0,,,0
1172403.0,1,yes,34226.09999990463,[],True,sub_19549,control,yes,white_british,woman,doing_okay,29.0,['medication'],employed,"['talk_therapy_prev', 'medication_prev', 'self_guided_prev']","['social_interaction', 'other_impact']",homeowner,3,49439.0,2797,3231,0,3786,3181,2838,6229,5933,8210,5659,2681,4237,0,0,1,1,0,0,2,1,0,2,3067,2722,2444,7001,2233,2117,5510,5596,4250,1724,1941,2152,4599,2,3,3,4,2,2,2,4,2,7127,3369,4541,6279,4042,4363,4,4,4,1,1,2,2,1,3,4,4,2,2,0,3,0,4,0,3,2,4505,3641,31063,72594,6681,3195,2168,2619,2491,3983,7514,2495,3200,3030,4122,6151,2,2,1,2,2,2,1,1,6,2,24,11,33,12,0 days 00:19:45,0,,,5
1823173.0,1,yes,40708.90000003576,[],True,sub_19004,causal,no,white_british,woman,doing_okay,32.0,['none'],employed,['none'],['none'],homeowner,3,48518.0,4210,3745,0,35504,5391,4261,11355,6105,6666,4066,11500,2865,1,0,1,1,0,2,1,1,2,3,2518,2934,2138,12062,3321,2822,113858,7730,2981,2408,2980,3578,46736,1,3,3,2,4,2,2,4,3,7094,6901,4418,116749,8728,10485,3,3,2,1,3,2,2,4,2,3,3,3,2,4,3,2,1,3,2,3,5082,3335,3347,5039,3963,3352,2749,2838,3299,3523,2148,4195,8449,2872,241832,3254,4,4,2,3,4,4,1,1,11,2,24,21,42,8,0 days 00:30:39,0,,,5
648304.0,1,yes,27068.10000002384,[],True,sub_32438,causal,yes,white_british,woman,getting_by,25.0,['medication'],employed,"['medication_prev', 'talk_therapy_prev']",['none'],other_housing,3,34757.0,2915,3319,0,5419,7043,3717,6727,5277,2453,3733,3153,4944,3,0,1,1,0,3,0,1,2,3,2093,2192,2538,3242,4779,2329,1944,6889,2823,3088,5449,3368,5424,2,2,4,3,4,2,3,3,4,4777,4653,3473,4866,7574,4558,1,1,0,1,2,2,2,3,1,2,4,0,2,0,3,2,1,2,4,0,2680,4816,4189,3681,4027,3060,3485,2593,5893,3804,13551,2878,2282,3777,5127,3477,4,6,5,6,4,5,1,1,13,2,27,30,30,2,0 days 00:11:03,0,,,1
883081.0,1,yes,42730.29999999702,[],True,sub_48301,causal,no,white_british,woman,getting_by,46.0,['none'],employed,"['medication_prev', 'talk_therapy_prev', 'self_guided_prev', 'other_tx_prev']",['none'],homeowner,3,59473.0,9173,4499,0,5270,4668,5592,7474,21112,17178,8362,4350,2892,1,0,2,1,0,2,2,2,2,1,2358,3091,6161,3515,2671,5372,6044,10883,2936,2317,2888,2924,4400,1,2,4,3,2,2,2,2,3,7591,6707,4232,6905,4689,2908,4,4,4,1,3,3,3,4,3,3,4,1,3,3,3,4,2,2,3,3,3309,3353,2664,6405,3840,3221,2941,7498,5825,3564,2670,4025,3504,2758,4123,5078,3,3,3,2,3,3,1,1,11,3,21,17,47,12,0 days 00:15:11,0,,,6
1199294.0,1,yes,108208.5,[],True,sub_90919,control,no,white_british,woman,getting_by,55.0,['medication'],employed,['medication_prev'],"['social_interaction', 'other_impact']",tenant,3,81003.0,3285,6208,0,6866,12685,4805,8354,20160,10638,5729,15237,6920,0,0,1,1,0,3,0,2,0,3,3210,4861,12521,7054,8705,4957,3794,13793,3739,2424,4829,3237,8356,1,1,1,2,2,2,1,2,2,12515,7574,5872,7323,5691,8915,3,3,3,1,1,2,1,2,2,1,3,2,2,2,3,1,1,1,1,2,3430,4048,2986,5292,4697,3486,3536,3140,4039,4803,6886,2705,5920,3961,7595,5207,1,3,2,4,3,4,1,1,8,2,14,17,27,9,0 days 00:20:31,0,,,6
1064026.0,1,yes,32603.0,[],True,sub_59311,causal,no,white_british,man,getting_by,28.0,['none'],employed,['none'],['none'],homeowner,3,313490.0,5468,3987,0,3002,4456,4328,6902,8629,4885,3086,4091,7129,3,0,1,1,0,3,1,1,0,2,2220,3083,1978,3259,3514,2788,2398,7133,3138,1860,2825,3132,4882,1,2,4,4,3,3,2,2,3,5265,3334,3352,3337,2347,2266,2,1,1,1,1,0,1,2,2,2,1,0,1,1,0,1,1,3,2,1,1766,5429,2468,3677,1433,3574,2705,3147,3149,2549,1980,2749,2164,4991,2869,1615,4,1,3,5,6,3,1,1,11,2,24,22,19,4,0 days 00:18:03,0,,,6
1192227.0,1,yes,142936.30000001192,[],True,sub_82681,causal,yes,black,woman,struggling,37.0,"['medication', 'self_guided']",employed,"['talk_therapy_prev', 'medication_prev', 'self_guided_prev']","['social_interaction', 'other_impact']",tenant,3,67525.0,4870,4348,0,4365,3165,5014,5148,11202,5432,3298,10394,3665,1,0,1,1,0,2,1,2,1,3,3182,2982,2681,4258,6098,3631,3715,5131,2999,4982,4398,3414,3999,2,1,3,3,1,1,1,2,1,8566,5248,11116,6949,3894,4331,1,4,2,1,3,4,3,3,1,0,1,0,2,2,2,1,1,1,2,1,3465,5282,3698,5732,6015,5417,4284,4031,5166,4032,4213,3283,4531,5464,4399,5081,4,4,4,5,4,4,1,1,10,2,15,25,27,7,0 days 00:21:24,0,,,6
995152.0,1,yes,66653.29999923706,[],True,sub_48573,control,no,white_british,man,getting_by,43.0,['none'],employed,"['talk_therapy_prev', 'medication_prev']","['other_impact', 'social_interaction']",tenant,3,85260.0,4333,5489,0,3931,7273,5801,6161,7779,8115,6287,5358,3446,1,1,2,1,0,2,3,1,1,1,2733,3293,2627,5135,2719,3393,3871,7119,5541,2703,3891,3337,4481,1,3,3,2,3,2,1,2,1,8426,7329,7175,6119,4321,5043,3,4,4,1,2,3,2,3,2,2,1,0,3,2,1,2,1,2,2,2,4595,4083,5921,7649,10033,3935,5473,5199,4009,4659,3295,5661,5919,3697,5361,8095,4,3,4,4,3,3,1,1,12,3,18,21,30,11,0 days 00:17:18,0,,,5
648809.0,1,yes,29656.000000000004,[],True,sub_53596,control,no,asian,man,getting_by,31.0,['none'],employed,['none'],['none'],homeowner,3,40719.0,2832,4348,0,3859,7139,4166,6338,5672,3862,5209,4126,4045,1,0,1,1,0,1,1,1,1,1,1726,2729,1010,2752,2071,1077,2726,5061,1009,1041,2728,2927,4832,2,2,3,1,1,2,1,2,1,5736,4463,4163,4259,3342,3053,2,2,1,1,0,2,0,1,2,1,1,1,1,0,1,1,1,0,1,1,1441,2696,2642,21630,3259,3560,2277,976,5904,3158,2691,1842,4174,3159,6893,4759,5,6,5,5,5,6,1,1,7,2,15,32,14,5,0 days 00:11:07,0,,,6
2241075.0,1,yes,79887.70000004768,[],True,sub_39254,causal,yes,white_british,woman,struggling,31.0,['none'],employed,"['talk_therapy_prev', 'medication_prev']",['social_interaction'],tenant,3,62946.0,5191,6776,0,19736,10510,5913,7860,14086,9681,4366,4172,4984,1,0,1,1,1,1,1,1,2,1,2039,7117,4681,9634,7207,4807,7061,9542,3912,2258,7778,4013,6864,3,3,1,1,2,1,1,2,1,5489,5703,2570,4933,8698,3689,3,4,4,1,1,1,0,0,1,0,4,0,3,0,3,0,2,0,1,0,8114,5108,28380,8253,6438,4661,5577,4835,7045,4919,5177,2924,8192,3837,15692,7698,5,5,5,5,5,5,1,1,9,2,15,30,16,11,0 days 00:38:23,0,,,5
920553.0,1,yes,58733.59999999404,[],True,sub_37378,control,no,white_british,man,struggling,51.0,['none'],employed,['medication_prev'],['none'],tenant,3,44565.0,4689,5400,0,5931,6381,9394,5312,15700,9633,4132,8577,3493,2,0,1,1,0,3,0,0,0,1,7483,3271,11533,13096,5301,6589,3828,11705,4088,3526,5952,5766,7758,1,4,2,1,3,1,2,2,1,10569,7429,5560,6307,5174,5354,2,1,2,1,1,1,1,0,0,0,0,0,1,0,1,0,1,0,0,0,6305,4683,7945,4378,3779,2835,6083,5305,9581,4483,7727,2203,6202,3744,3562,5998,5,5,1,5,5,5,1,1,8,2,17,26,6,5,0 days 00:16:03,0,,,2
666501.0,1,yes,68369.60000002384,[],True,sub_54662,causal,no,white_british,woman,getting_by,52.0,['self_guided'],employed,['none'],['none'],homeowner,3,45284.0,3420,4081,0,3266,4280,4270,3891,8521,6507,3467,3867,4066,1,0,1,1,0,2,0,1,1,2,4674,2700,6820,3649,4688,2919,3450,4775,4085,2420,3289,2935,3445,1,1,2,2,2,1,1,1,1,5370,4668,4155,4793,4226,4026,1,4,2,1,2,2,1,1,2,1,3,1,2,2,1,2,1,0,1,1,2756,3924,3581,4493,4901,4678,4277,3155,4391,4237,5020,4947,4492,4781,5520,4253,4,3,4,3,4,3,1,1,8,2,12,21,23,7,,0,,,6
1360107.0,1,yes,64101.60000014305,[],True,sub_85541,causal,no,white_british,woman,getting_by,60.0,['none'],employed,['none'],['none'],other_housing,3,109100.0,13782,9895,0,4804,7401,6292,8988,20588,6140,4521,12354,5203,1,0,3,3,0,0,3,2,1,2,5090,11474,6187,8066,8660,3956,6244,17664,5438,5385,10532,10557,6103,2,2,3,3,2,2,2,3,2,8321,10622,5920,6708,10338,4865,2,3,0,1,2,2,2,2,2,2,2,2,2,2,2,2,2,2,2,2,4145,4481,5239,7211,6150,8315,5336,8824,7402,5042,6916,5314,9084,6102,6728,7485,3,2,3,4,2,2,1,1,13,6,21,16,32,5,0 days 00:23:03,0,,,5
1120446.0,1,yes,43544.0,[],True,sub_63174,causal,no,white_british,woman,doing_okay,20.0,['medication'],not_seeking,['self_guided_prev'],['none'],other_housing,3,59906.0,4742,107496,0,4480,3977,3559,3429,5755,3624,2829,2983,4484,2,0,1,2,1,1,1,2,1,1,2542,2862,3268,3193,2951,2661,2879,5648,2579,2156,2752,2598,3452,2,3,2,2,3,3,2,3,2,5403,76490,5605,24216,2914,7455,3,3,4,1,2,2,2,1,1,2,2,1,2,2,2,1,2,1,2,2,17106,4130,2316,3464,5223,3863,2521,2828,2474,4408,1920,3501,3212,3318,3927,3226,4,4,4,4,3,4,1,1,10,3,22,23,27,10,0 days 00:19:15,0,,,2
1592631.0,1,yes,192399.10000002384,[],True,sub_52453,control,no,white_british,woman,doing_okay,49.0,['none'],employed,['none'],['none'],homeowner,3,52091.0,6215,6399,0,6515,11349,9446,7897,9465,10834,5964,7964,5782,1,0,2,1,0,2,3,0,0,3,7200,9465,3614,18568,6382,4713,7914,36315,7647,4131,8966,5580,9450,2,2,3,3,3,3,2,3,4,16113,15831,7832,11698,11865,42466,3,4,4,1,2,4,0,3,4,3,3,0,4,3,4,1,4,2,4,2,10348,4331,7931,6732,9648,7815,9284,9865,7999,5664,6680,12682,6391,7281,4465,22215,3,3,4,4,2,3,1,1,12,3,25,19,43,11,0 days 00:28:01,0,,,6
1383320.0,1,yes,155393.29999995232,[],True,sub_67351,causal,yes,white_british,woman,doing_okay,20.0,['none'],not_seeking,['talk_therapy_prev'],"['concentration', 'reading_writing_maths', 'social_interaction']",other_housing,3,94963.0,7261,7499,0,8524,5094,5841,10003,13197,6053,4763,7567,4247,0,0,1,1,1,0,2,1,1,2,5304,5317,6730,8670,9745,4546,6566,10650,3961,3776,5736,4174,6741,3,3,3,3,4,2,3,3,3,26403,5563,5629,7246,6395,6318,3,3,4,1,2,1,1,1,2,1,3,0,3,1,2,1,3,0,4,2,4810,6772,4725,5619,8471,6778,6492,5374,4957,7094,3158,3391,5255,5749,7332,5920,3,2,3,1,2,2,1,1,8,2,27,13,27,10,0 days 00:23:58,0,,,0
1505262.0,1,yes,113718.79999995232,[],True,sub_56376,control,yes,white_british,woman,struggling,61.0,['none'],employed,"['talk_therapy_prev', 'medication_prev', 'self_guided_prev']","['physical_effort', 'concentration', 'social_interaction']",tenant,3,103185.0,7550,13518,0,12494,8782,6542,9502,15398,10750,7678,12534,7150,0,0,2,2,2,3,1,2,2,2,4894,7334,5726,6791,9214,6222,7558,9009,11398,6302,10918,7334,7740,3,4,3,3,2,2,2,3,3,18255,7686,19295,12310,7470,9951,1,2,3,1,3,4,3,3,3,2,3,1,2,4,2,3,3,3,4,2,6014,5486,3838,7422,7606,8030,6031,7702,14567,5390,7078,6886,8967,5606,6950,7454,4,1,2,1,3,1,1,1,14,4,25,12,45,6,,0,,,6
1199383.0,1,yes,97972.89999997616,[],True,sub_53855,control,yes,white_british,man,getting_by,46.0,['medication'],employed,"['talk_therapy_prev', 'medication_prev', 'self_guided_prev']","['social_interaction', 'other_impact']",tenant,3,99075.0,5305,6304,0,5364,5648,7104,14274,8132,8020,5638,12571,5862,0,0,1,2,0,0,1,1,1,3,6147,4931,4056,6107,6131,4956,4811,10062,4667,5438,4393,5020,5213,1,2,1,2,2,1,1,2,1,8403,7103,5256,6989,14065,6272,4,4,3,1,1,2,2,3,0,1,3,0,1,0,2,2,1,0,1,1,8684,5682,6531,5972,7909,5648,5232,4857,19860,6030,4641,4515,7520,9679,5690,5168,6,4,6,4,2,4,1,1,8,3,13,26,20,11,0 days 00:20:51,0,,,6
1033100.0,1,yes,29398.60000014305,[],True,sub_70737,causal,no,asian,woman,doing_okay,33.0,['none'],employed,['none'],['none'],tenant,3,39205.0,6462,5485,0,5352,5644,5197,5399,12675,6132,3352,6997,6087,0,1,1,1,0,0,1,0,0,1,2320,7059,2240,7437,3816,9614,3984,14560,8261,3676,3569,3654,4570,1,1,2,2,3,1,1,1,3,9399,5766,4886,7493,4480,5786,1,1,1,1,0,0,0,1,0,0,1,0,0,0,0,0,0,0,0,0,4741,3427,4557,6912,4337,3203,4863,3504,11306,3071,5282,3038,7332,3595,3520,4314,5,5,5,5,5,5,1,1,5,2,15,30,2,3,0 days 00:17:39,0,,,6
1308090.0,1,yes,30463.60000000056,[],True,sub_38488,causal,yes,white_british,man,getting_by,57.0,['none'],not_seeking,"['talk_therapy_prev', 'medication_prev']","['physical_effort', 'social_interaction']",homeowner,3,61451.0,2973,4138,0,7134,3141,4831,4911,6741,2763,3153,9751,3325,1,0,1,1,1,2,1,1,2,2,6136,4451,3767,4574,2771,4673,7840,5632,3047,2125,4913,3455,48702,2,1,2,2,2,2,1,2,1,8254,9564,6573,8990,4717,6039,4,4,3,1,3,3,2,2,3,2,4,1,2,3,2,2,2,1,3,3,3291,4679,3135,5724,3933,3461,4168,7928,2941,3775,2627,3505,244257,3464,4145,6778,5,5,6,6,5,5,1,1,11,2,15,32,38,11,0 days 00:22:12,0,,,6
892978.0,1,yes,85450.59999996424,[],True,sub_44994,control,no,asian,man,doing_okay,34.0,['none'],employed,['none'],['none'],homeowner,3,53541.0,4464,6980,0,3814,4314,5297,4847,6347,6164,3947,10880,5447,1,1,1,1,1,0,1,0,1,1,3298,5698,3631,5997,4847,4380,3164,9297,2815,2514,4297,2415,5465,2,2,3,2,3,2,2,2,2,8966,3064,5998,6547,4648,2748,1,1,2,1,1,0,0,1,0,0,1,0,1,0,1,0,1,0,0,1,2664,6947,2831,6031,5584,2531,3214,3715,4263,4214,4232,3614,9665,3398,13148,3729,5,5,4,4,4,4,1,1,8,2,20,26,7,4,0 days 00:15:22,0,,,6
1367753.0,1,yes,108098.70000001788,[],True,sub_30487,causal,no,white_british,woman,doing_okay,29.0,['none'],employed,['none'],['none'],tenant,3,62804.0,3464,4546,0,3896,11127,3164,5080,8263,4563,4614,3248,3512,0,0,1,1,0,1,2,1,1,1,2463,3463,2265,4899,6030,2797,3149,4831,4746,2530,4279,4501,3396,2,3,3,2,3,3,3,3,3,6800,3230,3846,5729,5380,9794,3,1,2,1,1,2,1,1,1,1,2,0,2,1,1,1,1,1,2,1,3180,2380,2280,2764,4096,2200,2264,5514,3281,2182,2997,2629,3214,2363,2766,3164,4,4,4,3,3,4,1,1,7,2,25,22,19,6,0 days 00:24:22,0,,,6
1476123.0,1,yes,112453.3999999999,[],True,sub_10851,causal,no,white_british,man,getting_by,35.0,['none'],unemployed,['talk_therapy_prev'],['physical_effort'],other_housing,3,127452.0,7456,8695,0,10655,9407,17863,12087,18695,9247,7783,12559,8767,0,0,2,2,0,3,1,1,0,3,4983,6391,6231,8775,8543,5655,9295,13144,6799,5440,8519,8887,11376,2,1,2,3,2,1,1,2,2,20783,9831,16623,9263,19391,12263,1,3,2,1,0,3,3,2,2,1,0,0,1,1,1,0,2,2,2,1,23567,6527,12279,10503,14199,5895,18328,8767,9512,8751,11463,5271,8463,10031,12927,9135,4,4,4,5,4,4,1,1,11,4,16,25,21,6,0 days 00:25:12,0,,,6
1409908.0,1,yes,111663.80000001192,[],True,sub_96670,control,no,black,man,getting_by,27.0,"['talk_therapy', 'self_guided']",employed,"['medication_prev', 'self_guided_prev']","['concentration', 'reading_writing_maths']",homeowner,2,67653.0,10478,4675,1,6493,7564,5723,5516,12628,9468,5643,10171,4339,1,1,1,2,1,1,1,1,1,2,2980,4724,5173,5629,16045,2780,3372,18301,5437,2300,4316,3772,4894,2,2,2,3,3,1,2,2,1,8318,3397,2852,2621,2690,7997,1,2,2,1,2,2,2,1,2,2,1,3,2,2,1,1,2,2,1,1,3237,3980,4405,6077,2613,2956,6716,6789,5645,4405,10669,3660,6133,8869,7029,2468,4,4,3,4,3,4,1,1,11,3,18,22,27,5,0 days 00:23:59,0,,,6
1158659.0,1,yes,124848.10000014304,[],True,sub_22068,control,no,white_british,man,doing_okay,35.0,['none'],employed,['none'],['concentration'],homeowner,3,29174.0,4957,5255,0,6052,3821,3148,5218,4901,4622,3915,4683,2707,1,0,2,1,1,3,0,1,1,3,2818,3247,1943,2708,4678,2887,4469,5477,2860,1795,2704,2133,2810,2,3,4,3,2,2,2,3,3,4888,4711,6354,4732,2854,2396,2,3,3,1,3,2,1,2,1,1,3,0,2,3,3,2,0,1,2,2,2301,2226,2051,3365,5462,2030,1901,2670,3033,2439,2008,1714,4098,2420,2585,3135,2,2,2,2,2,2,1,1,12,3,24,12,28,8,,0,,,5
1801676.0,1,yes,58298.20000001788,[],True,sub_17738,control,no,white_british,man,struggling,40.0,['none'],employed,['none'],['none'],tenant,3,123248.0,8124,7364,0,9499,8316,10602,16063,10567,10294,5787,8841,6393,0,0,0,2,0,0,2,0,2,3,4556,8105,8745,10310,11370,5669,11145,15033,7772,4756,4941,4587,7066,1,1,3,1,2,4,1,3,1,11630,7984,11446,8660,8881,8418,0,0,0,1,0,3,0,0,0,2,1,0,0,0,0,2,0,0,0,0,7453,16979,4258,9062,11575,9605,6135,6350,6688,5562,3684,4441,8024,6216,6680,8551,3,0,4,0,0,0,1,1,9,2,17,7,8,0,0 days 00:31:16,0,,,0
670890.0,1,yes,27926.30000001192,[],True,sub_27713,causal,yes,white_british,woman,getting_by,37.0,['medication'],not_seeking,['medication_prev'],['none'],tenant,3,46957.0,3286,3366,0,22276,3245,2839,2918,17259,4613,2708,8449,2379,2,0,1,1,0,0,1,1,1,3,21392,3108,2162,52295,3228,2998,6677,6378,2670,4434,8331,4035,4702,1,2,2,2,2,3,2,2,2,5231,3248,6196,3975,2756,3584,0,3,0,1,0,0,0,0,0,0,1,1,1,0,1,0,0,0,0,0,3186,3134,6926,4493,7105,3577,2448,3506,7858,2999,2947,2858,3465,3215,3747,3029,4,4,4,4,4,4,1,1,9,2,18,24,4,3,0 days 00:11:17,0,,,4
1229623.0,1,yes,84645.69999999553,[],True,sub_38971,control,no,white_british,man,getting_by,60.0,['none'],not_seeking,['none'],['none'],homeowner,3,69311.0,6977,7248,0,5431,7947,9031,9748,11655,6345,5929,6556,4439,0,0,1,1,0,3,0,0,0,3,6498,5094,6346,4734,4886,5164,7030,9314,4378,5065,4745,4346,8284,2,2,3,2,2,2,1,2,2,12919,5678,9678,7709,8007,8329,3,2,3,1,1,2,1,2,1,0,2,0,1,1,0,0,2,0,1,2,5329,7831,4361,4770,8145,4912,6033,5897,10666,4558,4680,5099,6109,5549,7548,9046,3,4,4,5,4,4,1,1,8,2,18,24,16,8,,0,,,6
885751.0,1,yes,36250.099999997765,[],True,sub_41386,control,no,white_british,man,doing_okay,39.0,['none'],employed,['none'],"['concentration', 'social_interaction']",homeowner,3,35230.0,6075,4013,0,5170,6289,4171,6299,7017,4538,3982,50642,3268,0,0,1,2,0,2,0,2,2,2,2023,3947,2552,6253,7233,2529,3647,8505,2897,1913,4242,3208,3966,1,1,4,3,3,2,1,3,3,5801,8271,4921,5785,5472,3542,3,3,3,1,1,3,1,2,1,1,4,2,3,1,3,1,1,1,1,3,2558,3302,7114,18736,5548,2408,4538,5266,3884,4771,2198,3129,3542,6010,5021,2829,4,4,1,2,4,4,1,1,9,3,21,19,29,9,0 days 00:15:06,0,,,4
1163950.0,1,yes,38999.29999995232,[],True,sub_96343,causal,yes,mixed,woman,getting_by,52.0,['none'],employed,"['talk_therapy_prev', 'medication_prev']","['social_interaction', 'other_impact', 'concentration']",homeowner,3,59180.0,3901,3670,0,3549,6008,4185,5859,11876,3706,5187,6582,5265,0,0,1,2,0,0,1,1,2,1,2168,2406,6448,8767,2756,2911,3780,9421,4154,3363,3412,3434,6295,1,1,3,3,3,2,2,3,3,12195,5404,5222,7789,14044,3932,0,4,1,1,2,2,1,0,1,2,2,0,0,1,2,2,2,2,3,1,7700,8252,7244,5980,5328,4094,4777,3242,4528,8878,5256,3645,4406,3266,4329,4213,2,3,4,4,4,3,1,1,7,3,21,20,23,5,0 days 00:19:55,0,,,6
1020647.0,1,yes,20024.30000001192,[],True,sub_76126,control,no,white_british,woman,doing_okay,43.0,['medication'],employed,['talk_therapy_prev'],['none'],homeowner,3,48959.0,5994,4772,0,4670,3770,4217,8735,6458,8094,5994,5617,4289,0,0,1,1,0,1,1,1,1,2,4750,2670,4568,4361,3357,5240,6720,6089,3217,3686,4444,6059,4614,2,3,3,2,3,3,2,3,2,8245,3930,5454,7140,4126,5531,1,1,1,1,1,1,1,2,1,1,2,0,1,1,1,1,1,0,1,1,3275,4078,3223,6046,5901,4578,4584,4283,4498,7318,3743,4736,4982,7467,4352,6403,4,4,4,5,4,4,1,1,7,2,23,25,16,3,0 days 00:17:14,0,,,5
1835227.0,1,yes,117756.59999996424,[],True,sub_74161,control,no,black,man,getting_by,21.0,['none'],not_seeking,['none'],['none'],other_housing,3,110530.0,14369,10363,0,8100,5332,10791,10004,11230,9470,6697,8755,7042,1,0,1,1,0,1,0,0,1,1,3603,5742,6033,4410,5368,7988,7022,14281,12855,4137,7014,6410,7179,1,1,3,1,4,2,1,1,2,10753,9310,17339,13174,8867,7343,1,1,1,1,1,1,0,1,1,1,1,1,1,0,1,1,1,0,2,1,6028,8479,5348,9575,11562,8096,6221,6131,8091,11364,7313,4705,8686,10799,7616,8480,4,4,5,4,4,4,1,1,6,2,16,25,14,3,0 days 00:31:40,0,,,6
782699.0,1,yes,55532.5,[],True,sub_40871,control,yes,white_british,woman,doing_okay,38.0,"['talk_therapy', 'medication']",employed,"['talk_therapy_prev', 'medication_prev', 'self_guided_prev']","['concentration', 'physical_effort', 'social_interaction', 'other_impact']",homeowner,3,50065.0,3326,3585,0,5170,2975,4130,4195,6691,4367,2818,3829,2861,3,0,1,1,0,1,2,1,1,3,2173,3437,2459,2373,3132,5055,2442,74971,2358,2164,2725,3162,3141,2,4,4,4,4,3,3,3,4,37957,6369,6245,9100,3125,2811,3,1,2,1,2,1,1,2,2,1,2,1,4,1,3,0,2,2,3,1,4360,3607,3679,3605,73570,2438,2588,4891,2544,2581,2201,2473,2394,2768,2560,4547,2,4,2,4,3,2,1,1,12,2,31,17,28,6,0 days 00:13:11,0,,,5
1069061.0,1,yes,68068.70000000298,[],True,sub_30326,control,no,white_british,woman,doing_okay,25.0,['self_guided'],employed,['medication_prev'],['concentration'],tenant,3,86093.0,4055,7376,0,3323,3371,6403,7130,8651,7554,4484,7597,4188,0,0,2,1,0,2,1,1,2,2,6075,3328,7300,5346,4857,3576,4379,7597,3241,4535,2867,3185,10532,2,3,3,2,3,2,2,3,2,5368,5052,3728,5059,15066,6257,4,4,4,1,1,2,0,3,2,2,3,1,2,2,3,0,2,2,2,3,3495,5428,4078,4431,4118,3415,4142,7768,4060,4913,4441,6606,7998,4078,4908,4857,3,2,3,2,3,2,1,1,10,3,22,15,30,12,0 days 00:18:35,0,,,6
1350210.0,1,yes,69520.5,[],True,sub_82689,causal,no,white_british,man,doing_okay,42.0,['none'],employed,"['talk_therapy_prev', 'self_guided_prev']",['none'],homeowner,3,56900.0,4334,4689,0,6331,5849,4449,6425,11978,7226,7497,8696,32593,0,0,1,1,0,1,0,0,1,1,2329,7114,2729,10299,12916,3979,5978,19626,5195,2707,3768,6090,6228,2,1,3,2,3,1,1,2,2,17823,8953,4936,7473,5258,7264,2,2,2,1,1,1,0,0,1,0,2,0,1,1,1,0,1,0,1,1,5042,10507,3201,6995,6707,4241,5603,5515,5780,5371,3089,4242,9251,3425,12498,6849,5,5,5,5,5,5,1,1,5,2,17,30,11,6,0 days 00:23:38,0,,,6
858244.0,1,yes,57879.5,[],True,sub_63641,control,yes,white_british,woman,doing_okay,23.0,['medication'],not_seeking,"['medication_prev', 'talk_therapy_prev']",['social_interaction'],tenant,3,50208.0,3502,5527,0,4034,3044,3419,5505,14437,5069,3652,4229,2309,0,0,1,1,2,2,1,1,2,2,2579,8871,2196,4620,13515,2189,4379,7784,6967,1574,4424,3585,4552,1,3,4,4,4,3,2,3,3,4755,3277,3194,4582,10566,3171,3,2,2,1,0,3,0,1,1,1,4,1,3,0,3,0,2,1,3,3,4544,3967,4253,4514,5099,2617,3397,6164,4118,4116,3531,3194,3292,3389,3562,3367,4,4,4,4,4,5,1,1,11,2,27,25,26,7,0 days 00:14:52,0,,,6
1770441.0,1,yes,63260.0,[],True,sub_65602,control,no,white_british,man,getting_by,35.0,['none'],employed,['none'],['none'],tenant,3,53140.0,3572,3543,0,4429,4681,6896,12422,11092,3136,16869,3692,2360,1,0,1,1,0,0,1,1,1,1,2786,2893,2429,5932,2732,2627,19171,10499,3484,1969,3513,13101,3505,1,2,3,2,4,2,2,1,2,24455,3826,5537,3474,34061,3344,1,2,1,1,2,1,0,2,0,0,2,1,2,1,1,0,1,0,2,1,3432,2280,40218,23114,9094,8162,3624,4256,2665,2535,1950,2252,3843,2927,2759,4151,4,3,4,2,2,4,1,1,6,2,19,19,16,4,0 days 00:29:45,0,,,0
1399851.0,1,yes,751193.7000000001,[],True,sub_35769,control,yes,white_british,woman,getting_by,37.0,"['talk_therapy', 'medication', 'self_guided']",not_seeking,"['talk_therapy_prev', 'medication_prev', 'self_guided_prev']","['concentration', 'reading_writing_maths', 'social_interaction']",homeowner,3,75176.0,4378,4463,0,5375,7122,4075,8223,9319,4396,5417,7574,3157,2,0,1,2,1,2,2,2,2,2,2324,5153,2311,199116,3315,2166,3415,8438,2149,1508,2986,2899,3525,3,2,3,3,3,4,2,3,4,9675,4034,6819,133477,7399,6952,4,4,3,1,4,1,3,3,2,2,3,1,3,2,3,3,0,1,3,0,5822,5979,7638,6031,7412,3782,3103,5219,3678,4177,2427,4225,6640,3912,5238,7447,3,4,3,4,4,4,1,1,14,3,27,22,34,11,0 days 00:23:40,0,,,6
913146.0,1,yes,79667.5,[],True,sub_63821,causal,no,asian,woman,doing_okay,20.0,['prefer_not_to_say_tx_current'],not_seeking,['none'],['none'],other_housing,3,68669.0,8095,7483,0,9364,10072,6284,9766,13890,10422,4871,8118,7259,3,0,0,2,1,1,2,1,2,1,5903,5176,7290,35557,8682,3300,6274,10038,7992,2139,7012,7061,7630,2,1,2,2,3,1,1,3,3,12213,6476,8211,7415,7289,9040,3,1,2,1,2,0,0,1,2,0,2,0,2,0,0,0,0,0,1,3,4990,15217,4121,6280,6690,3543,5590,5475,5376,5329,6705,5090,9848,6083,5541,6647,3,5,4,6,4,3,1,1,12,2,18,25,13,6,,0,,,1
1084128.0,1,yes,41784.0,[],True,sub_55648,causal,no,white_british,woman,getting_by,63.0,['medication'],not_seeking,['medication_prev'],['none'],homeowner,3,67808.0,5757,5408,0,5586,7275,4227,5340,6750,6822,4476,4356,5155,3,0,2,2,1,3,1,1,0,2,3989,7237,3991,5035,6404,7236,4733,18500,5174,3240,3540,3274,4702,3,2,3,3,3,3,2,4,3,6699,5090,6742,4974,4640,6673,4,3,4,1,1,2,1,2,1,1,1,0,1,1,1,1,2,1,1,2,3586,4809,3052,5570,5619,3626,4723,4633,5036,4189,4603,3106,4703,3438,4737,4967,3,4,4,4,3,3,1,1,14,4,26,21,19,11,0 days 00:18:28,0,,,5
775130.0,1,yes,39029.39999999991,[],True,sub_69894,causal,yes,white_british,man,struggling,18.0,['prefer_not_to_say_tx_current'],employed,['other_tx_prev'],['social_interaction'],other_housing,3,65651.0,4503,4050,0,4165,4593,3173,6134,6128,6119,5600,3919,3453,2,1,2,2,0,2,2,2,0,3,3013,3749,2581,3428,3752,4145,4778,4960,4322,3197,4301,4898,5346,4,3,3,3,4,3,3,4,4,5257,4854,4341,4263,3291,5671,4,4,4,1,3,4,4,4,4,4,4,3,4,4,4,4,2,4,3,4,4842,3964,5987,4751,5072,3475,4469,3936,3804,3884,3396,4016,6181,4139,4294,4539,1,1,0,0,0,0,1,1,14,4,31,2,59,12,0 days 00:13:17,0,,,6
753168.0,1,yes,27795.200000047684,[],True,sub_35527,causal,yes,white_british,woman,getting_by,24.0,['none'],employed,['none'],"['social_interaction', 'physical_effort']",other_housing,3,45864.0,3660,5697,0,3658,3550,2585,5984,6674,2582,2916,3793,2476,2,0,2,1,1,2,1,1,0,2,2213,2781,1497,2798,4113,1530,1300,44597,2222,1148,9924,7564,11630,2,2,3,3,3,1,1,2,2,4941,2812,4155,3636,4396,3685,1,2,1,1,1,0,0,2,1,1,2,1,2,1,2,0,2,0,1,0,2317,3453,1965,4668,1556,2331,1758,2005,2413,2253,1429,2325,23532,3796,2379,5422,3,1,1,1,1,2,1,1,11,3,19,9,16,4,0 days 00:12:58,0,,,6
836760.0,1,yes,68114.89999997616,[],True,sub_19048,causal,no,white_british,man,getting_by,43.0,['none'],employed,['none'],['none'],homeowner,3,28471.0,4119,6246,0,4774,5157,46161,14807,9327,5551,3167,4230,3937,0,0,1,2,0,1,1,1,1,2,2415,3542,1744,3740,4552,2190,2527,8159,4783,2926,2014,3103,2696,4,2,2,2,4,3,2,3,4,2608,1974,2766,2072,3678,1911,1,0,0,1,3,2,2,1,3,2,3,3,3,2,4,2,2,2,3,2,2150,2639,4647,3215,49353,3560,2944,3574,4382,1872,2631,3038,3726,2397,2622,2223,4,3,5,4,3,3,1,1,8,3,26,22,39,1,0 days 00:15:08,0,,,6
637419.0,1,yes,61312.5,[],True,sub_43549,causal,yes,white_british,woman,getting_by,24.0,['none'],unemployed,['none'],['none'],other_housing,3,58819.0,5092,4093,0,4246,4481,3843,6429,5563,5781,4095,3912,5163,1,0,1,1,0,2,1,1,1,2,3195,3344,2862,5200,3800,3011,4928,5648,3661,2894,3964,3331,4617,1,2,2,2,3,3,1,2,2,7096,4537,4704,6430,4648,3484,2,2,2,1,1,1,1,1,1,1,2,1,1,0,2,1,1,0,1,1,3678,6434,3048,4980,3765,8509,4363,3831,5289,4211,3246,3677,3463,4433,4210,6843,4,4,4,4,4,4,1,1,9,2,18,24,16,6,,0,,,5
1081405.0,1,yes,64712.10000002384,[],True,sub_68571,causal,no,white_british,woman,getting_by,59.0,['none'],employed,['talk_therapy_prev'],['physical_effort'],homeowner,3,76989.0,6514,7652,0,5354,5314,4495,5393,7315,5362,5013,6391,5680,2,0,1,3,0,2,1,1,0,2,5649,4879,4261,12855,6137,5662,5985,9711,4388,3598,5198,4494,7866,2,3,3,4,1,3,3,3,3,9668,5525,8683,7187,7478,6138,1,1,1,1,1,3,0,3,2,2,3,1,1,1,2,1,3,2,2,2,4854,4134,4162,5665,6038,4549,4493,5832,4301,4001,8167,4780,5538,5970,5934,4934,1,2,3,2,3,3,1,1,11,4,25,14,29,3,0 days 00:18:50,0,,,6
653036.0,1,yes,68013.20000004768,[],True,sub_21469,causal,no,mixed,woman,doing_okay,41.0,['none'],employed,['self_guided_prev'],['none'],homeowner,3,62041.0,5036,3267,0,4257,3622,4092,4099,5656,4135,3694,3687,3717,3,0,1,1,0,1,2,1,0,3,3516,2396,3216,2767,2908,3152,3138,7652,3388,3409,10042,6695,5263,2,2,2,3,3,3,1,2,3,6282,4393,4499,6284,4614,18845,2,3,2,1,3,3,0,3,2,3,3,0,3,4,3,2,3,4,2,3,3216,7229,3616,3372,5376,2738,3088,3887,3309,3209,3773,2918,3237,3082,9942,6604,4,4,4,3,3,4,1,1,11,2,21,22,41,7,0 days 00:11:04,0,,,6
866604.0,1,yes,110535.0,[],True,sub_58355,control,no,white_british,man,struggling,52.0,['none'],employed,['talk_therapy_prev'],['social_interaction'],tenant,3,84330.0,5079,5929,0,4596,5632,4581,11650,10101,6379,5881,7146,4845,1,0,1,1,0,3,2,2,2,3,3179,5178,7647,3325,10779,3863,3795,10330,3862,2428,3030,3680,4351,1,2,3,3,3,3,2,3,3,9709,4330,7297,6813,4531,6229,4,4,4,1,1,2,0,1,1,1,3,1,3,1,2,1,2,1,2,1,5879,15231,3697,4178,4979,3062,3544,3711,3017,3844,3512,2944,3295,3162,5712,5728,4,4,5,2,4,4,1,1,13,2,23,23,23,12,0 days 00:15:01,0,,,5
668502.0,1,yes,33636.60000014305,[],True,sub_86169,causal,no,white_british,woman,doing_okay,34.0,['none'],employed,"['talk_therapy_prev', 'medication_prev']",['none'],homeowner,3,28131.0,2191,2415,0,2535,8491,2527,2495,6895,4151,2455,3102,1675,2,0,1,1,0,1,1,1,1,3,1763,2295,2315,2159,2247,3131,2227,4775,2172,2875,2047,2087,4207,2,2,3,3,2,3,2,3,3,7263,7659,9375,3671,3355,5779,3,4,3,1,2,2,1,3,1,1,2,0,2,2,2,1,1,2,2,1,1687,1879,1819,3923,3735,3123,6011,3331,7283,1935,3063,3055,4099,17959,2967,3223,2,3,2,3,2,2,1,1,10,2,23,14,25,10,,0,,,6
1238738.0,1,yes,49446.0,[],True,sub_23936,causal,no,white_british,woman,doing_okay,32.0,['none'],employed,['medication_prev'],['none'],homeowner,3,45006.0,62806,4111,0,17471,44729,15820,6386,8813,4083,6198,61039,4631,2,1,1,1,0,2,2,2,1,3,2402,3521,3277,3137,3469,2627,46504,4605,3407,2427,3459,19377,4340,3,3,4,2,4,2,1,3,3,12535,5080,3756,5895,3257,41141,2,3,3,1,3,3,2,3,2,3,3,0,3,3,4,2,2,2,3,3,14771,3281,2346,6485,9216,2668,12923,3892,3505,2556,2477,32513,2871,2717,3664,34017,1,1,1,1,1,1,1,1,13,2,25,6,41,8,0 days 00:21:06,0,,,6
1174478.0,1,yes,47712.0,[],True,sub_77760,control,no,asian,woman,doing_okay,25.0,['none'],not_seeking,['none'],['none'],other_housing,3,62127.0,6755,4451,0,6344,6120,7145,7364,8165,5406,4340,5713,4891,1,0,0,2,0,1,1,1,0,0,1867,8342,3320,3512,5936,2828,5529,37433,5138,2548,5275,4719,6943,2,1,3,3,3,1,1,2,2,8127,8808,6447,7727,5569,4198,1,2,3,1,4,2,1,1,0,1,3,0,1,2,2,2,1,1,0,2,3804,5690,4166,12210,5174,3670,5334,3194,7946,3291,2990,3425,17456,3914,7940,5192,4,5,5,5,5,4,1,1,5,2,18,28,23,6,,0,,,6
1506705.0,1,yes,437944.6999999881,[],True,sub_87271,control,no,black,man,getting_by,34.0,['none'],employed,['none'],['none'],tenant,3,73195.0,5008,4688,0,7217,10496,9371,8584,11237,5736,8029,5150,3917,0,0,0,2,0,1,0,0,1,1,3147,6434,8979,19495,31270,4738,7352,10919,7021,4345,5261,4393,8085,2,1,3,1,3,1,2,1,1,8704,6716,8387,8497,6273,5864,1,2,0,1,0,0,2,0,1,0,1,1,0,0,1,0,2,0,0,1,6188,10105,5931,10864,19407,4959,11290,10741,5605,6739,3564,3313,4665,3820,7569,13902,3,3,4,4,5,5,1,1,5,2,15,24,9,3,0 days 00:26:38,0,,,6
790749.0,1,yes,67157.09999990463,[],True,sub_67051,causal,no,white_british,man,getting_by,31.0,['none'],employed,['none'],['none'],homeowner,3,31678.0,3615,3487,0,3327,2807,2279,4111,4463,3343,2999,3390,2823,3,0,2,2,0,0,3,1,0,3,2255,3031,1351,2679,2623,2231,2655,5271,5143,1871,2703,3359,3783,2,3,3,4,1,1,1,3,1,5455,3783,3327,4031,4463,3303,4,4,1,1,0,4,3,4,3,2,1,2,0,1,1,1,3,2,0,3,2671,2567,2535,4295,3519,1631,2487,2679,2879,2823,2031,3863,2231,2303,5863,2247,5,4,5,0,0,3,1,1,13,4,19,17,30,9,,0,,,5
1547793.0,1,yes,67354.29999999981,[],True,sub_13740,control,no,white_british,man,getting_by,56.0,['none'],employed,['none'],['none'],homeowner,3,58953.0,3634,6908,0,7131,6425,4772,9041,9535,7570,4815,4992,88864,1,0,1,1,0,3,1,2,1,3,4204,3959,10459,6492,6440,3419,6322,7251,5413,3429,4240,5465,6848,2,3,2,1,3,3,1,3,1,9402,6997,6609,8713,5942,22939,4,2,2,1,2,4,2,2,2,1,2,1,1,2,2,1,3,1,2,3,39513,7986,5917,10526,9834,4082,4079,4669,4423,5137,14318,4703,13513,7082,5799,10352,4,4,4,5,4,4,1,1,11,2,19,25,31,8,0 days 00:26:08,0,,,6
2375135.0,1,yes,303541.19999999925,[],True,sub_59053,control,no,white_british,woman,struggling,30.0,['medication'],employed,"['medication_prev', 'talk_therapy_prev']",['none'],homeowner,3,46327.0,3820,4935,0,5233,5342,6301,5720,7210,6463,218333,4734,3092,2,1,1,1,1,1,1,1,0,1,2048,4820,1747,3805,5477,6260,3789,9010,5878,3040,3149,3310,4835,2,2,2,2,4,2,1,3,2,8768,5744,5128,5791,4343,3989,3,4,3,1,2,2,0,2,1,0,2,0,1,3,3,0,1,1,0,2,5114,182153,4207,4764,5315,4491,4304,4104,4382,4362,3717,3400,5110,4421,6917,10449,1,3,1,4,3,3,1,1,9,2,20,15,20,10,0 days 00:40:09,0,,,6
856071.0,1,yes,46247.5,[],True,sub_65698,causal,no,white_british,woman,doing_okay,50.0,['none'],employed,['medication_prev'],['none'],homeowner,3,39536.0,3198,4605,0,5662,5798,4206,5862,11157,5006,11309,5221,6037,1,0,2,2,0,1,2,1,1,2,2454,2734,2222,3854,3638,2398,3998,5638,3166,2926,3142,3718,5254,3,3,3,3,2,4,3,4,2,8385,4893,7997,6518,5534,3310,4,4,4,1,2,2,1,3,2,2,3,1,2,2,3,2,2,2,3,2,2078,4206,6030,5590,2966,2646,3342,6414,4566,2542,2582,3294,3246,7414,4486,3630,3,4,2,4,4,4,1,1,11,4,27,21,34,12,0 days 00:14:49,0,,,6
617959.0,1,yes,1228469.1000000015,[],True,sub_24762,control,no,mixed,woman,getting_by,37.0,['none'],employed,['none'],['none'],tenant,3,73258.0,3486,6650,0,2909,3904,4232,5178,7843,4390,4471,6299,5006,2,0,0,2,0,0,2,0,0,2,7240,2145,4134,8424,2661,3139,9580,3319,3915,2492,2322,1925,3895,2,2,3,2,4,2,2,3,2,6302,2034,7205,2593,2680,2760,0,0,0,1,0,2,0,0,0,0,2,0,1,0,0,0,2,0,0,1,2102,3642,3338,2669,6153,5247,3089,3695,5840,2024,3794,3297,5417,3567,4830,5889,3,3,3,3,3,3,1,1,8,2,22,18,8,0,0 days 00:10:26,0,,,5
826388.0,1,yes,100783.5,[],True,sub_67043,control,yes,white_british,woman,getting_by,38.0,['medication'],unemployed,"['talk_therapy_prev', 'medication_prev', 'other_tx_prev']","['other_impact', 'concentration']",tenant,3,59394.0,3498,3832,0,3747,4916,4548,8205,6864,5222,3364,4205,3687,0,0,2,2,0,1,1,1,1,2,3857,2009,1682,7365,2121,2122,2630,12465,2442,2648,3038,5682,4330,1,3,3,2,1,2,1,2,2,5083,4088,3529,5132,4990,2872,1,0,1,1,0,1,0,0,1,0,2,0,1,1,1,0,0,1,0,1,3522,4097,4616,6180,6440,3340,4058,5556,5113,4906,4689,2214,6580,3782,3890,4014,3,3,3,3,4,3,1,1,9,4,17,19,9,2,0 days 00:14:22,0,,,6
700608.0,1,yes,69188.09999999963,[],True,sub_22899,causal,prefer_not_to_say_neurodiv,white_british,man,doing_okay,41.0,['none'],employed,['medication_prev'],['prefer_not_to_say_disability'],other_housing,3,52614.0,2823,4255,0,3271,2543,2967,5342,3574,5911,2271,3606,3223,0,0,2,2,0,2,0,0,1,0,2342,5808,1375,2182,7606,2623,2871,4959,2992,3271,4046,2535,3015,1,1,2,1,2,2,1,2,1,4983,3927,6839,5431,3095,2927,3,2,2,1,0,2,0,2,0,1,2,0,2,0,0,0,0,1,0,0,2543,2735,2119,4031,4719,3367,3287,2262,2903,2903,5487,2943,3719,3551,3271,4151,4,6,4,6,6,6,1,1,7,4,13,32,10,7,0 days 00:12:16,0,,,6
1584268.0,1,yes,220917.70000004768,[],True,sub_57309,control,prefer_not_to_say_neurodiv,white_british,woman,getting_by,52.0,['none'],unemployed,"['medication_prev', 'self_guided_prev', 'talk_therapy_prev']",['concentration'],homeowner,3,137886.0,9484,16245,0,10457,7636,6864,10187,22214,18388,7562,6947,6088,1,1,1,1,2,1,3,0,1,2,4325,5550,7375,9970,8861,3131,6814,12773,5124,2605,3472,5818,9376,2,3,4,1,2,2,2,2,2,17043,4136,10577,7391,6502,6427,3,3,2,1,0,2,1,3,2,3,0,1,1,0,0,1,1,2,0,0,5550,4855,4732,5933,7115,5720,6509,6422,12834,3408,4300,3824,7079,4346,9113,5520,4,5,1,1,3,2,1,1,13,2,20,16,17,8,0 days 00:27:36,0,,,6
1235966.0,1,yes,85895.0,[],True,sub_81787,control,yes,white_british,woman,getting_by,28.0,['none'],unemployed,"['medication_prev', 'talk_therapy_prev', 'self_guided_prev']","['concentration', 'other_impact']",other_housing,3,67839.0,3298,9800,0,8180,3314,6197,6531,11131,6913,14814,5780,5065,2,0,1,1,0,0,1,1,0,3,3214,3580,2398,6481,4531,4931,5464,6732,3683,4248,4665,8781,6749,1,1,3,1,3,2,1,1,2,5381,5581,8097,5615,15914,4547,1,4,3,1,0,0,1,1,3,0,2,0,4,0,2,0,1,0,4,0,7115,4231,4181,52531,6915,3531,5949,3447,4431,4482,4915,3065,23048,4615,7914,5432,2,4,4,4,6,4,1,1,8,2,15,24,18,8,0 days 00:21:21,0,,,6
1114483.0,1,yes,51333.70000004768,[],True,sub_66192,causal,no,white_british,woman,doing_okay,59.0,['none'],not_seeking,['none'],['none'],homeowner,3,60315.0,4419,7847,0,5314,6743,9385,5518,8473,7773,7062,4364,5056,1,0,1,1,0,2,1,0,0,1,4146,8969,5409,3606,4054,8340,4560,23006,5624,4157,6311,5512,5626,3,2,4,3,3,3,3,3,3,8803,4785,5627,6209,5546,5376,2,1,2,1,1,1,0,2,2,1,1,0,1,0,1,0,0,0,2,1,6004,6405,4021,37918,7130,4591,13242,6895,6113,4815,7033,13905,5428,5933,7272,9692,5,5,5,4,6,6,1,1,7,2,27,31,13,5,0 days 00:19:27,0,,,6
1165661.0,1,yes,110774.0,[],True,sub_96861,control,no,black,woman,getting_by,28.0,['medication'],employed,['medication_prev'],['none'],tenant,3,74936.0,6275,8424,0,9750,9348,11883,7821,13022,10846,6288,6836,8856,1,0,1,1,1,1,1,1,1,1,3878,5759,12339,5580,7275,6193,5911,9008,5473,4496,5905,5408,8009,3,2,3,3,3,2,3,3,3,9556,4980,5508,4061,6391,3182,3,2,3,1,1,1,1,1,1,1,2,2,1,0,2,1,1,1,2,1,5725,5938,6872,5976,7192,6860,5523,8656,5699,5764,4511,5491,5893,5591,5526,8927,4,4,4,4,3,4,1,1,8,2,25,23,19,8,0 days 00:20:10,0,,,6
843856.0,1,yes,34469.5,[],True,sub_67219,causal,yes,white_british,woman,getting_by,38.0,['medication'],employed,"['talk_therapy_prev', 'medication_prev', 'self_guided_prev', 'other_tx_prev']","['social_interaction', 'other_impact']",other_housing,3,68564.0,3973,4586,0,4065,8824,4648,6697,6780,5460,4571,4710,4947,0,1,2,1,0,0,2,1,1,2,2320,3016,3751,7060,2771,9261,3967,5335,3230,3953,4676,4912,5967,1,2,2,2,2,2,2,1,1,5704,3662,6177,7080,4676,2452,1,0,1,1,0,0,1,1,1,0,1,0,1,0,2,0,1,0,2,0,6037,3925,4085,5002,6295,3412,7232,4119,7365,4494,8797,3272,7941,6119,7990,11819,4,5,4,5,4,4,1,1,9,3,15,26,10,2,,0,,,6
951317.0,1,yes,59572.5,[],True,sub_93085,causal,no,white_british,woman,doing_okay,56.0,['none'],employed,['none'],['none'],homeowner,3,138809.0,4334,4024,0,7544,5239,4567,5892,7804,6047,4091,5799,3581,0,0,1,1,0,2,1,1,1,1,2695,4347,1841,2657,4312,2698,4417,7901,4406,2351,5220,3825,5462,1,2,4,1,3,2,2,2,2,7295,5061,4337,11350,4618,3615,3,2,1,1,2,1,2,1,1,4,2,2,2,2,1,1,1,1,3,2,5351,5866,3031,5303,5447,4229,3726,3547,4307,5609,4834,2837,5401,3893,5746,6370,5,5,5,6,5,5,1,1,7,2,19,31,28,6,0 days 00:16:29,0,,,6
1349201.0,1,yes,60811.0,[],True,sub_38556,causal,no,white_british,man,struggling,40.0,['none'],employed,['talk_therapy_prev'],['none'],homeowner,3,39013.0,3873,10523,0,30349,19122,13996,6529,5475,36813,17269,5095,5288,1,0,1,1,0,0,1,0,0,1,3707,5366,10623,7090,6884,4079,5253,7488,6498,7373,3624,17262,43064,1,3,3,2,4,2,3,2,2,25939,4435,8431,6790,5790,4132,0,0,1,1,1,1,1,1,1,1,0,0,1,1,1,3,2,1,1,0,5499,2979,5508,3968,17694,6366,3886,4834,6256,3324,2597,2813,4139,5542,14048,14196,5,5,5,3,5,5,1,1,5,2,22,28,16,1,0 days 00:23:02,0,,,6
921075.0,1,,30181.60000002384,,,sub_34281,causal,,,,,,,,,,,3,,4529,4905,0,7653,16642,4156,36487,10954,16101,13851,5810,4917,0,0,0,0,0,1,0,0,0,1,3033,3688,16803,19459,9099,4352,15828,12390,5425,3971,4216,3239,4735,1,2,2,2,2,2,2,2,1,7474,6873,8015,6101,10920,7616,4,3,3,1,0,3,1,2,2,2,2,1,2,0,1,0,2,0,2,1,5712,4297,10674,6580,7170,6238,10943,9205,12606,12118,7206,6804,14840,6523,10713,6782,5,5,5,4,5,6,1,1,2,0,16,30,21,10,0 days 00:17:44,1,133873.0,yes,6
547383.0,1,,22912.799999713898,,,sub_21469,causal,,,,,,,,,,,3,,3153,4580,0,3726,4279,5462,4227,8879,8849,3781,4356,4041,2,0,1,1,0,0,1,0,0,2,5353,2975,3002,3533,4120,3970,6968,5352,3691,4593,4149,4830,6329,1,2,3,3,3,3,1,2,2,6874,4895,5989,5834,4294,4393,2,3,1,1,3,3,0,4,2,3,3,0,3,4,3,0,3,3,2,2,3813,3605,6660,7897,4722,4630,3368,4523,4675,3339,3589,4180,4537,3410,6319,3949,3,3,3,2,2,2,1,1,7,2,20,15,38,6,0 days 00:09:38,1,20810.0,not_sure,6
566724.0,1,,1152605.3000000045,,,sub_32438,causal,,,,,,,,,,,3,,2552,2274,0,4044,4074,2473,6384,3453,2030,2727,2345,1807,3,0,1,2,2,3,0,1,0,3,1439,1897,1378,2530,3621,1615,1724,3615,2879,1631,2229,3015,4471,3,2,4,3,3,2,4,4,4,4282,2258,2602,4851,15222,4625,1,0,0,1,3,4,0,3,1,2,4,0,3,1,3,2,1,0,2,3,6360,2275,4322,2483,2721,2273,2262,2235,2407,4023,2311,2067,3178,4442,5473,3042,6,5,6,6,5,4,1,1,14,3,29,32,32,1,0 days 00:10:17,1,39104.0,yes,1
798842.0,1,,18464.5,,,sub_53855,control,,,,,,,,,,,3,,5222,5191,0,5387,7666,5675,9894,11130,6587,5398,6319,6658,0,0,0,0,0,0,0,0,1,0,3473,5007,7061,6683,7753,4084,4973,8386,4890,6104,5463,5839,9528,2,2,1,3,2,2,1,2,1,14457,5441,6687,12709,6521,8161,3,3,1,1,1,1,2,2,0,1,2,0,1,0,3,1,1,0,2,2,4665,6806,4681,7003,10434,17487,7883,4907,8737,8036,4552,5306,18850,9818,6172,4873,4,4,6,3,4,4,1,1,1,0,16,25,19,7,0 days 00:14:01,1,36723.0,yes,6
634943.0,1,,10440.100000023842,,,sub_69047,control,,,,,,,,,,,3,,2890,4440,0,5365,4846,2384,4578,13624,3484,3396,3894,2834,2,0,2,1,1,2,1,1,1,2,2260,3149,4418,2453,5124,3700,3116,6953,4153,3036,2745,3135,4558,2,2,2,2,2,2,2,2,2,6247,3227,3184,3380,6276,4106,1,1,2,1,1,2,2,2,2,2,2,1,2,2,2,1,2,1,1,2,2834,2829,2225,2936,3947,3020,3992,4465,3870,3870,6251,2620,5039,3041,3907,2653,5,5,5,4,5,5,1,1,12,3,18,29,27,4,0 days 00:11:08,1,31186.0,yes,6
916830.0,1,,4482.4000000059605,,,sub_96096,causal,,,,,,,,,,,3,,5992,18500,0,5805,9525,5550,7099,11465,6476,33301,9300,8386,1,0,1,1,0,1,1,1,1,1,5338,3928,4077,7357,9847,3501,13333,12018,14155,8190,6136,5808,5446,2,2,3,3,3,2,2,3,2,8851,8426,8102,9292,7502,7983,3,3,1,1,0,2,0,2,1,1,2,1,2,0,1,1,2,1,2,1,4861,6901,7035,6126,20475,4805,5371,5104,5253,5011,5107,9718,6355,4592,9905,7675,5,5,5,5,4,5,1,1,7,2,22,29,19,7,0 days 00:17:39,1,81512.0,yes,6
788915.0,1,,13363.899999976158,,,sub_49544,control,,,,,,,,,,,3,,4248,3590,0,3936,5903,3272,6863,7168,6759,5039,4527,4303,0,0,2,2,0,2,0,0,0,3,2880,5184,2527,3319,2976,4239,7063,7575,3279,2663,3023,4632,4439,1,1,3,3,2,1,1,1,2,8087,2943,6608,4542,4552,3711,1,1,1,1,0,1,0,1,0,1,0,0,0,0,0,0,0,0,0,0,4184,4231,2774,4752,5184,6553,5167,3344,3792,2896,5879,3719,4591,3317,4608,4055,5,5,5,5,5,5,1,1,9,4,15,30,3,3,,1,23093.0,yes,6
409804.0,1,,3739.79999999702,,,sub_31545,control,,,,,,,,,,,3,,6857,4106,0,2390,2166,1335,2753,23227,1124,52093,3026,1910,0,0,0,0,0,0,0,0,0,0,1054,2142,1022,4031,1724,1039,1291,4371,1545,991,1183,1044,2810,2,2,2,2,3,2,1,2,2,6633,2753,1324,1082,6878,11262,1,1,1,1,1,1,1,1,2,1,1,0,1,1,1,1,1,1,1,3,998,2377,1370,966,915,1746,926,2614,3388,1068,1638,1227,807,1673,946,1310,4,4,4,4,4,3,1,1,0,0,18,23,18,3,0 days 00:07:35,1,42934.0,yes,6
466604.0,1,,7587.899999976158,,,sub_35769,control,,,,,,,,,,,3,,4083,4709,0,6148,4261,9717,4715,7402,5894,4072,8544,3335,1,0,1,1,1,2,1,2,2,2,2282,2912,2299,2318,1736,1838,2861,6864,3651,2416,2873,3115,4095,2,2,3,3,3,4,2,3,3,6770,4074,6092,6052,6443,4345,4,4,3,1,4,2,2,3,2,3,2,1,2,1,2,4,0,2,3,2,3799,3947,5058,5311,3894,3698,3468,3874,5246,3620,3920,2574,4422,4114,4148,4861,3,4,4,4,3,4,1,1,11,2,25,22,35,11,0 days 00:08:09,1,19599.0,yes,6
689776.0,1,,37848.5,,,sub_88770,causal,,,,,,,,,,,3,,5165,7497,0,5816,6466,5233,28917,7406,11399,4148,5958,3997,1,1,1,1,0,0,1,0,1,0,3115,10380,4284,4201,5591,10698,4248,5683,17736,3514,4283,6565,4816,1,1,2,2,2,2,1,1,1,5769,4516,4932,4965,7314,3966,1,1,2,1,0,3,1,1,2,1,2,0,2,0,1,1,3,0,3,1,4232,7016,3632,6052,5866,4196,5318,4397,4551,4513,4764,3398,5981,4813,5464,4199,5,6,5,4,5,5,1,1,6,2,13,30,21,4,0 days 00:12:06,1,19704.0,yes,6
991704.0,1,,59987.59999999963,,,sub_98938,control,,,,,,,,,,,3,,2895,3806,0,4453,2814,3765,4430,8308,3734,3701,4774,5837,0,0,1,1,0,0,1,1,0,2,2886,4592,2823,4421,3859,4438,2927,5406,3717,3726,5654,4093,5319,2,2,3,2,3,2,1,2,2,4092,11340,6188,3471,4775,9045,3,4,3,1,2,1,0,1,2,1,1,0,2,1,3,0,1,1,1,1,3774,3458,3198,4406,6125,3983,5039,7027,4454,2582,2759,3178,7751,5100,3966,4102,6,6,6,6,6,6,1,1,5,2,19,36,18,10,0 days 00:17:55,1,78036.0,yes,6
599719.0,1,,30858.0,,,sub_44776,causal,,,,,,,,,,,3,,7033,4232,0,5528,5628,8015,5532,6915,6315,5269,4684,5131,1,1,1,1,0,2,0,1,0,2,6032,4043,2974,4674,5838,3386,4993,20505,4665,3100,4749,4698,6732,2,2,4,2,3,3,3,3,3,6737,3923,13021,12898,5348,4261,2,1,2,1,2,2,2,3,1,2,2,0,2,1,2,1,1,2,2,2,32985,3288,13654,5433,5800,3914,5021,4475,8025,4406,3739,4063,20592,5770,3648,4443,4,4,4,4,3,4,1,1,8,2,25,23,27,5,0 days 00:10:27,1,17174.0,yes,6
436961.0,1,,4515.5,,,sub_86169,causal,,,,,,,,,,,3,,2079,2055,0,3127,3595,2530,2495,9519,3135,3407,2610,2539,1,0,0,1,0,0,1,1,1,1,1607,2066,4391,3171,1621,3131,3099,5155,3719,1983,2703,1839,4943,1,3,3,4,3,3,2,4,3,14008,3199,22151,4359,4296,3758,3,4,3,1,3,2,1,1,2,1,2,0,3,2,1,1,2,1,1,1,2375,3107,1995,3051,3827,1847,3255,4259,2827,3047,3832,1971,2291,2575,3535,3827,2,2,2,5,1,2,1,1,5,1,26,14,24,10,,1,187261.0,yes,6
984635.0,1,,33952.59999996424,,,sub_96670,control,,,,,,,,,,,2,,6989,7403,1,7039,4732,4875,11610,11442,8028,6861,20706,4098,2,1,2,1,2,2,1,1,2,1,3348,3724,2349,5749,28597,2909,9300,18405,4973,7588,2749,4796,5485,4,3,2,2,2,1,2,3,2,7165,3252,3189,2405,4132,6492,2,3,2,1,0,1,1,2,2,1,2,2,3,0,2,1,1,1,2,3,3813,5357,3245,11997,7532,7101,5941,6532,6374,4861,6781,8813,3797,3381,4053,9101,4,6,5,4,4,5,1,1,14,3,21,28,24,7,0 days 00:17:20,1,50273.0,yes,6
587999.0,1,,6247.299999982119,,,sub_62753,causal,,,,,,,,,,,3,,4157,4614,0,6471,4685,3718,6510,8527,4958,4302,4989,3208,0,1,1,1,0,1,2,1,1,2,3032,4303,1775,2853,15727,7886,4301,6246,4183,4062,3462,3670,4071,2,2,2,2,3,3,2,3,2,7144,3110,7950,4536,5167,5158,2,3,2,1,3,2,2,3,2,2,3,2,2,3,2,3,1,2,1,3,2440,3037,2925,4455,4759,3160,3758,3662,2541,2919,1894,2295,4536,3006,5061,3582,4,4,1,2,3,4,1,1,9,2,21,18,36,7,,1,17865.0,yes,5
555020.0,1,,15906.099999904633,,,sub_44010,causal,,,,,,,,,,,3,,4423,3495,0,3254,11785,2674,5454,6098,2995,2671,2890,3084,1,0,1,1,0,2,2,2,2,3,1714,3816,3581,2679,3813,5137,3623,4610,4233,2535,3266,3695,3390,2,2,3,2,2,2,2,2,2,4182,3843,4120,34209,5572,3424,3,3,2,1,1,2,3,1,2,3,2,1,3,2,2,1,1,2,3,3,3697,3071,3176,2766,4892,3291,3274,3438,4465,2507,3224,2852,2142,4098,4882,3240,4,4,4,4,3,4,1,1,12,2,19,23,32,8,0 days 00:09:42,1,18639.0,yes,4
533641.0,1,,9576.799999952316,,,sub_44574,causal,,,,,,,,,,,3,,3577,2485,0,2595,3849,4367,3386,4337,4428,2891,3938,3005,1,0,0,0,0,1,0,1,0,2,2669,1939,3367,6064,2176,3158,2126,3065,2365,4024,2920,2854,4971,1,2,3,2,2,1,2,2,1,4597,6227,3516,7905,5471,2660,3,2,2,1,2,3,2,3,2,1,2,0,3,2,2,1,3,1,1,1,3218,2407,1743,3115,5512,2299,3006,3505,2870,3692,2609,2232,2351,2542,3333,5627,4,4,5,3,2,3,1,1,4,0,16,21,29,7,0 days 00:09:10,1,13080.0,yes,6
530987.0,1,,20025.5,,,sub_23667,control,,,,,,,,,,,3,,3659,4300,0,6002,4078,4395,8525,5854,6715,7511,7120,3915,0,0,1,2,0,1,2,1,3,3,4128,2926,3750,4108,2729,4264,4236,6122,5740,2915,3175,5060,5479,2,3,2,2,2,2,2,3,2,5106,6329,5507,4742,4699,4357,2,1,1,1,1,2,2,4,0,3,2,0,2,1,1,2,1,1,2,1,3175,5110,3174,4343,7781,4954,3382,3848,3306,3919,3104,4640,3846,4156,5465,4036,3,4,4,4,4,4,1,1,12,3,20,23,25,4,0 days 00:09:12,1,17113.0,yes,6
662958.0,1,,5956.0,,,sub_75669,control,,,,,,,,,,,3,,6223,4184,0,4098,4201,5731,5594,15048,3016,9702,4521,7366,1,0,1,1,0,1,1,1,2,3,3454,2342,1212,9435,2044,2549,3250,3787,3377,2300,3718,4101,9660,2,2,2,2,3,3,2,2,2,5018,2876,1881,7016,5382,17739,1,3,1,1,2,2,1,1,1,2,2,0,2,2,2,1,1,1,1,2,16919,4967,2743,9780,41173,52710,4668,12489,2451,19117,2049,8476,6703,5725,6711,18298,4,4,4,5,4,4,1,1,10,2,20,25,23,5,0 days 00:12:13,1,68084.0,yes,6
731554.0,1,,11201.19999998808,,,sub_54662,causal,,,,,,,,,,,3,,3503,3825,0,5431,8656,5467,70748,16091,4649,4155,7945,5445,1,0,1,2,0,2,1,1,0,1,4944,3520,3061,5285,4522,2972,7603,6756,5448,3307,11367,6655,4417,1,2,2,3,2,1,1,1,1,27185,5055,4653,11151,4852,4945,2,3,3,1,0,2,1,2,2,1,2,0,1,1,2,1,1,0,2,1,3443,3178,6205,4914,5147,3279,3319,4294,6969,4612,3403,3825,4380,4923,5510,6409,3,3,4,3,2,2,1,1,8,3,14,17,19,8,,1,65206.0,yes,6
494763.0,1,,7892.099999427795,,,sub_61731,causal,,,,,,,,,,,2,,5055,3894,0,4934,3398,4006,4710,5912,4174,3943,3789,2990,0,2,1,1,2,2,2,2,2,2,2591,8543,1567,2431,2943,2015,4327,10327,4679,1631,5959,101631,4047,2,3,3,2,3,3,3,2,3,3087,5231,7550,1783,3479,9047,2,2,2,1,1,3,1,1,3,1,3,0,3,1,3,3,3,0,3,3,3839,4583,3599,1255,5383,4391,1679,5671,9279,7543,2799,2167,1319,1711,3791,6295,3,6,5,4,5,5,1,1,14,2,24,28,32,6,,1,10189.0,yes,6
1000736.0,1,,24974.20000000001,,,sub_64703,causal,,,,,,,,,,,3,,6515,7878,0,6485,25859,21377,7655,8806,5644,5603,7607,6576,0,0,1,2,0,2,1,1,1,1,18497,6775,5650,7827,7970,17008,12377,9324,9578,16202,8015,9081,15248,1,1,2,1,2,1,1,1,1,7810,9242,6615,8442,10791,7408,2,2,1,1,1,1,0,2,1,0,1,0,1,0,4,1,1,0,0,3,9247,10808,4904,8678,7924,6799,85222,8389,9382,13211,8139,5276,8943,11440,6711,10617,6,6,6,5,5,6,1,1,8,3,11,34,16,5,,1,40894.0,yes,5
1100622.0,1,,6682.5999999940395,,,sub_60061,control,,,,,,,,,,,3,,3694,2638,0,3657,2969,3748,5430,7911,3796,2445,4937,3933,0,0,1,0,0,0,1,1,2,1,4828,2707,2590,5189,2642,5629,2947,3819,3147,24916,3192,2129,4910,2,2,3,2,3,2,1,2,2,5209,15721,5331,4953,2833,2627,2,2,2,1,2,2,1,2,1,2,3,1,1,2,2,1,2,2,2,2,5197,2144,2629,7599,14253,5891,3427,15041,4407,2352,2135,3781,2568,221488,147258,53907,3,3,2,2,2,2,1,1,5,1,19,14,28,6,,1,15954.0,yes,5
409877.0,1,,6001.700000047684,,,sub_51454,control,,,,,,,,,,,3,,4741,4973,0,4949,3920,3441,4433,4399,4230,4740,4467,3292,1,1,2,1,0,0,3,0,0,1,3680,6481,2879,3561,4543,4161,4460,4875,3910,2809,3180,4395,4930,3,3,3,4,3,4,3,3,3,4696,3661,7427,6481,3976,5592,2,2,2,1,1,3,1,3,2,3,2,1,3,0,3,3,3,0,3,3,4275,3777,4293,5225,4877,4747,4361,4877,3666,4997,3274,4976,5544,4973,6349,3591,6,5,6,5,5,5,1,1,9,3,29,32,34,6,0 days 00:07:02,1,8672.0,yes,5
633034.0,1,,7220.600000023842,,,sub_30284,control,,,,,,,,,,,3,,2471,6670,0,3494,2990,2607,4295,6818,2654,2855,3281,2502,3,0,1,1,0,3,1,1,2,3,1855,2783,2134,3790,3142,3743,3862,9455,2999,2326,2743,2470,6431,1,1,3,3,3,2,1,2,3,3848,3886,6851,5287,3591,2678,4,3,2,1,0,2,1,2,2,2,1,0,2,0,1,0,1,0,1,1,4127,3263,2654,3431,3863,2990,4534,2896,3056,4615,4687,2350,3662,3095,6327,4174,6,5,6,6,5,5,1,1,14,2,19,33,16,9,,1,20375.0,yes,5
344333.0,1,,17660.899999976158,,,sub_85647,control,,,,,,,,,,,3,,6028,7704,0,1756,1818,5041,4967,43133,1551,1462,4860,4831,0,0,1,1,1,1,1,1,1,2,2924,2402,4286,6698,2711,3925,2173,2534,1751,3303,1758,3997,4887,3,2,2,2,2,3,2,3,1,7008,4977,3775,2190,5165,1585,1,2,3,1,0,2,0,1,2,1,2,1,2,1,2,0,2,2,2,2,1820,1246,7742,1557,1645,1378,1879,1789,3079,2522,1249,3175,1363,1433,1639,1101,3,5,2,3,1,3,1,1,8,2,20,17,22,6,,1,13177.0,yes,6
863622.0,1,,3573.7000000476837,,,sub_45608,causal,,,,,,,,,,,3,,3455,6015,0,6159,5367,3574,4831,9896,9375,5023,4390,6630,0,0,0,0,0,1,0,0,0,1,4527,4150,6887,6376,5839,6687,8096,8144,5823,2535,26592,5223,6528,3,3,2,3,3,3,2,2,3,27009,15424,16087,9823,6038,6159,0,1,1,1,0,1,0,1,1,1,1,1,2,0,2,1,2,0,2,1,4031,12951,4559,5776,54912,10255,6375,8719,10383,4630,8711,4855,5302,6455,8743,12455,4,5,4,5,5,5,1,1,2,0,24,28,16,2,0 days 00:15:29,1,64327.0,yes,6
555181.0,1,,5128.600000023842,,,sub_41307,control,,,,,,,,,,,3,,4247,4810,0,5044,4516,5921,6114,14859,7107,5009,6345,4801,0,0,0,2,0,3,0,0,0,3,4963,4066,5213,4773,4767,4840,5654,7172,5181,4859,4453,5203,6218,2,2,2,3,2,2,2,2,2,7441,4417,5352,5753,6015,4498,0,2,0,1,0,1,0,1,0,1,2,0,0,0,0,0,1,0,1,2,4722,6487,3805,6078,6650,4513,6022,4813,5042,5085,3576,4178,4977,4996,5634,5036,4,4,4,3,3,4,1,1,8,2,19,22,9,2,0 days 00:09:37,1,18078.0,yes,6
672279.0,1,,3986.5,,,sub_69375,causal,,,,,,,,,,,3,,5880,7101,0,8230,3546,4135,5099,11470,5784,6162,9493,4351,1,0,1,1,0,0,2,0,0,1,2223,3671,2591,4978,2719,2742,6105,5983,3492,3184,3432,3566,9982,1,1,1,1,1,1,1,2,1,5993,5582,6582,5511,5229,4135,3,4,4,1,0,0,0,0,0,0,1,0,2,0,0,0,1,0,1,0,8364,4814,2739,12835,9725,3566,6113,4208,4967,3254,3534,2823,5381,3395,5967,3782,3,4,0,0,1,1,1,1,6,2,10,9,5,11,,1,126115.0,yes,6
439224.0,1,,20389.89999997616,,,sub_40871,control,,,,,,,,,,,3,,3093,3379,0,5052,3328,3056,4567,4076,6136,2910,2681,2366,3,1,1,1,0,2,1,1,1,3,2458,3284,5571,4153,4775,3584,5579,6251,2553,3172,4122,6334,13410,1,4,4,3,4,3,4,3,4,5406,5719,4559,4821,5629,4276,4,0,2,1,2,1,1,2,1,2,2,1,4,0,2,0,2,1,4,1,2903,3151,3828,3779,3824,2712,2847,3122,4302,3013,2757,2604,3951,3715,3119,3204,4,4,4,4,3,4,1,1,13,2,30,23,26,6,0 days 00:10:21,1,177833.0,not_sure,5
738244.0,1,,36355.900000002235,,,sub_65654,control,,,,,,,,,,,3,,4162,4675,0,7993,4769,3721,6465,8565,5706,4060,5276,4298,1,0,1,0,0,1,0,1,0,1,2604,3017,4284,5825,4372,2864,6357,11261,4281,2514,3643,2708,5379,1,1,2,1,2,2,2,2,2,6411,5012,5034,9658,3986,4242,0,0,0,1,0,1,1,1,1,0,2,1,1,1,1,0,0,1,0,0,4917,5107,7661,5819,8676,4903,4307,13881,5091,3362,4115,3714,4467,4514,5203,10098,5,5,5,5,5,5,1,1,4,1,15,30,11,0,0 days 00:13:04,1,39097.0,yes,6
992857.0,1,,9115.0,,,sub_41154,causal,,,,,,,,,,,3,,4450,4394,0,4397,8459,3910,4421,6415,6311,3967,4933,3341,0,0,1,1,0,1,1,0,1,1,4842,6423,3027,3522,22992,5021,70048,9900,3724,2462,5211,4765,5803,2,2,2,2,3,3,2,2,3,7062,4173,4713,9339,4731,3557,2,1,1,1,1,1,0,2,0,1,3,0,1,0,1,0,2,0,2,1,3892,4410,4829,6053,7879,5241,25933,5558,5868,220190,4340,3461,4249,3695,3714,11468,3,3,3,3,3,3,1,1,6,2,21,18,15,4,0 days 00:17:49,1,69009.0,yes,6
554490.0,1,,14152.79999998212,,,sub_17998,causal,,,,,,,,,,,3,,4507,3390,0,5406,5831,2906,5285,11668,6757,6122,3507,2625,1,0,1,0,0,1,2,0,1,1,2984,3479,4609,6584,3072,2435,3964,7046,2882,2944,3909,2875,4297,3,2,3,3,3,3,3,3,3,5938,3270,3836,12692,6116,6244,2,3,3,1,1,2,2,2,2,1,1,1,2,1,1,2,2,2,2,1,2584,3828,2388,15958,5565,2937,2986,2992,3742,3496,3047,2634,3342,2522,3798,3335,4,4,4,3,5,4,1,1,7,1,26,24,25,8,0 days 00:10:14,1,56568.0,yes,6
522998.0,1,,3597.2999999523163,,,sub_56229,causal,,,,,,,,,,,3,,3647,3921,0,4192,7615,3906,5154,8221,4754,4582,13036,3375,0,0,1,1,0,2,1,1,1,1,5299,3761,4637,5119,5755,3409,5773,6784,4522,2861,3416,4242,4613,2,1,3,3,1,4,1,2,3,6770,6638,6891,6789,3695,3758,4,4,1,1,2,2,1,1,2,2,0,1,2,2,4,2,2,1,3,1,2632,4429,3163,13274,5278,3239,7244,5276,3919,3378,4707,5288,4898,5025,5862,5739,3,5,2,3,5,4,1,1,7,2,20,22,28,9,0 days 00:09:26,1,33207.0,yes,5
2245430.0,1,,113727.89999999852,,,sub_94350,control,,,,,,,,,,,3,,4770,25575,0,6015,52076,5446,6626,154188,7741,147614,7277,5052,1,1,1,1,0,2,1,1,0,1,5329,9397,3188,5910,13014,4924,25816,6546,7118,8864,17773,4792,4955,1,1,1,1,4,1,1,1,1,6149,12187,4306,5691,4955,6141,1,3,1,1,1,1,0,3,0,0,1,0,2,1,1,1,3,0,1,1,5148,9220,3338,47883,17158,6301,7977,4456,4724,31995,3807,26932,6735,4489,7139,14045,6,5,6,4,4,5,1,1,8,2,12,30,16,5,0 days 00:37:58,1,18968.0,yes,6
730091.0,1,,50023.59999990463,,,sub_56376,control,,,,,,,,,,,3,,4734,9814,0,8958,5750,5070,10414,10567,7110,5702,10053,6542,0,0,3,2,3,3,2,1,1,2,4262,5022,5294,7247,6334,3838,4958,12278,5574,3662,7942,5902,5743,3,2,3,2,2,2,2,3,3,10343,8086,11102,7078,5670,8670,0,3,2,1,3,4,3,3,3,3,3,1,3,3,3,3,3,3,3,3,3694,5094,3342,5286,7326,5198,5718,6310,6991,3710,5662,4422,4222,4510,7742,6142,3,4,2,1,1,3,1,1,16,5,22,14,47,5,,1,70669.0,yes,6
1103609.0,1,,31543.5,,,sub_72440,control,,,,,,,,,,,3,,7660,9738,0,16919,5549,8516,21517,7991,6723,45046,5709,5121,1,1,1,1,0,2,3,1,1,3,7261,8105,30114,5694,7359,6277,5290,10095,4534,3726,3675,5173,8739,1,2,4,3,3,2,2,2,3,14571,8801,15334,8088,6915,8048,4,4,4,1,2,2,2,4,1,2,4,1,1,2,2,1,1,1,2,1,24159,6322,4985,10920,12937,5316,5412,4483,7614,5359,5624,4530,7493,8885,7224,6392,5,4,4,4,4,5,1,1,13,2,22,26,29,12,,1,128802.0,yes,6
741159.0,1,,5060.0,,,sub_99182,causal,,,,,,,,,,,3,,4115,7133,0,4815,7314,6665,9530,8499,15481,5149,10029,3464,1,0,1,1,1,0,1,0,1,1,2748,4415,3363,3782,11714,4366,5648,21815,5714,3098,4015,8047,6033,3,2,2,2,3,3,2,2,2,8833,4881,6363,7684,5647,5149,1,1,1,1,0,0,1,1,0,1,1,0,1,0,1,0,1,0,1,4,4164,5780,5183,5115,9731,5015,4782,3948,4415,5348,3281,3832,3881,5331,5215,5982,6,6,6,6,6,6,1,1,7,2,21,36,12,3,0 days 00:12:59,1,28177.0,yes,6
735456.0,1,,9083.799999999814,,,sub_96343,causal,,,,,,,,,,,3,,4217,8050,0,5762,8993,3745,7018,10156,14635,4304,8325,9327,0,0,1,1,0,0,0,1,1,1,2570,2954,2536,7860,2610,3049,5755,10329,4243,2930,4681,2930,11127,1,2,3,3,3,2,1,3,1,9234,8004,16602,7939,4682,4019,2,4,0,1,1,0,2,4,1,0,2,0,0,1,1,3,2,1,2,0,12236,4407,4028,7064,7186,3115,4375,3556,12136,3818,4466,3562,5312,4178,7332,3690,4,4,4,3,4,4,1,1,4,2,19,23,20,6,0 days 00:15:00,1,162326.0,yes,6
1082881.0,1,,21025.39999997616,,,sub_28130,control,,,,,,,,,,,3,,6026,5262,0,8544,7816,7811,12838,15474,7312,6682,5084,10956,0,0,0,0,0,1,1,1,0,0,5224,4707,12308,18920,10164,6964,6326,31752,6724,6066,15192,8527,9242,2,2,2,2,3,1,1,3,2,15705,20017,10556,22126,16436,24589,2,0,2,1,1,0,2,0,0,3,1,0,1,1,1,2,0,1,2,0,7872,8648,16812,10459,8756,13503,10376,5202,19210,12276,8603,7222,10048,6052,11021,10206,5,2,5,3,3,3,1,1,2,0,18,21,15,4,0 days 00:23:57,1,337149.0,yes,4
608302.0,1,,9847.0,,,sub_55648,causal,,,,,,,,,,,3,,11451,9508,0,6755,4505,3461,9253,8068,4406,5659,6656,3657,2,0,1,2,1,1,1,1,0,1,4037,3622,7359,10950,7086,3620,6119,29480,7288,3272,4006,4407,6352,3,2,3,2,3,3,2,3,3,7286,4621,6574,6956,7336,4771,4,3,3,1,1,1,0,1,2,1,0,0,1,1,0,0,1,0,1,1,4670,4339,3519,5055,10717,10637,7303,3968,5017,5872,6188,3958,8835,8335,6169,11002,4,4,3,3,3,2,1,1,9,3,24,19,11,10,0 days 00:11:18,1,64442.0,yes,5
1087905.0,1,,9858.79999999702,,,sub_24762,control,,,,,,,,,,,3,,5957,69620,0,11025,4094,9094,10794,11073,10000,8448,10986,9254,2,0,0,0,0,0,0,0,0,3,3707,3280,8889,122080,4523,5816,4802,5838,3041,30742,5997,7041,4684,2,2,3,1,3,2,2,2,2,8509,3251,6797,4786,4576,2884,1,1,2,1,0,3,0,1,2,1,1,0,1,0,0,0,3,1,0,1,4299,4118,3204,5818,15682,10549,37804,8587,64665,5331,8563,39067,50728,12889,7273,27983,3,3,3,3,3,3,1,1,5,0,19,18,14,4,0 days 00:18:30,1,18799.0,yes,5
953119.0,1,,11394.199999928474,,,sub_99601,control,,,,,,,,,,,3,,4485,6715,0,5048,4910,10026,8349,14343,5676,5804,5970,7404,0,0,0,0,1,0,0,0,0,1,2913,5403,2930,5137,14298,5226,9653,11028,6073,5934,8063,5546,6063,1,1,2,1,3,1,1,1,1,6422,4736,4719,5990,6381,6648,1,4,0,1,0,0,0,1,0,0,0,0,1,0,0,0,1,0,0,0,4387,4371,3512,11364,8361,3878,5046,9072,5971,4146,3563,3191,7077,10196,5766,7131,5,5,5,6,6,5,1,1,2,0,12,32,3,5,,1,99107.0,yes,6
468405.0,1,,3377.7000002861023,,,sub_29876,control,,,,,,,,,,,3,,2903,2599,0,2807,4263,3141,3717,5544,3425,2743,3879,2590,0,2,2,2,0,0,2,1,1,1,1777,6270,1759,3735,2665,3768,2854,4614,3696,3389,1726,2135,6048,1,2,4,4,4,1,1,2,3,4449,2735,4439,5988,5384,2942,4,4,4,1,4,4,4,4,3,3,4,1,3,4,4,3,4,3,3,4,1854,2327,1999,13560,4210,2765,2015,4201,4357,1864,2495,2285,2000,3447,2943,3927,6,4,6,4,4,4,1,1,10,4,22,28,55,12,0 days 00:08:09,1,15283.0,yes,6
1727832.0,1,,7458.0,,,sub_95111,control,,,,,,,,,,,3,,10602,16962,0,14681,6456,7577,14154,23724,44457,261036,33126,8552,2,0,1,1,0,2,1,1,0,2,7120,6019,9726,13363,12164,13823,14990,18582,11198,3600,14209,22920,24029,2,2,2,2,2,2,2,2,1,49290,10173,7921,11787,11811,7832,1,0,2,1,0,0,0,1,0,0,1,1,2,0,0,0,0,0,0,0,7098,6716,9013,12660,19820,13645,9848,14644,15035,5056,20370,6389,14908,4229,9399,18372,4,3,5,5,3,4,1,1,9,2,17,24,5,3,0 days 00:29:12,1,14155.0,yes,6
453953.0,1,,8790.5,,,sub_88820,control,,,,,,,,,,,3,,4154,3218,0,3858,2517,3881,5130,5375,4885,2647,4901,3038,1,0,1,0,0,1,0,1,1,1,1363,2771,1739,4788,5971,2100,4027,6507,2882,1610,2130,2411,3620,2,2,2,2,3,2,2,3,2,6549,3402,5211,4411,5930,5226,3,3,3,1,0,1,0,1,0,0,3,0,1,0,3,0,2,0,1,0,7074,5345,2243,5058,3715,2809,4683,3028,3932,2308,2858,2003,5041,2107,3639,4423,6,6,4,6,6,4,1,1,5,1,20,32,12,9,0 days 00:07:58,1,21840.0,yes,4
1225609.0,1,,255462.19999998808,,,sub_99022,control,,,,,,,,,,,3,,4326,6573,0,5409,7942,10452,33769,15447,6035,7252,9971,33203,0,0,1,1,0,0,0,0,0,1,1826,3938,3415,4987,2603,2052,3221,9455,6266,2586,6560,4721,31932,1,2,2,1,3,4,2,2,2,6609,4669,2948,3990,9453,6867,3,4,2,1,0,0,0,2,1,0,2,0,2,1,1,0,4,0,0,2,45110,6299,4694,10150,15096,2930,2698,85485,5487,8641,3690,10463,5748,3836,7935,36096,6,5,6,6,6,6,1,1,3,2,19,35,15,9,0 days 00:20:52,1,20897.0,yes,6
1686066.0,1,,35783.5,,,sub_93528,control,,,,,,,,,,,3,,8294,6815,0,8202,11015,11806,15161,16086,7847,12083,7725,12534,1,0,1,1,1,1,0,0,2,1,6969,7331,4729,8727,32546,6484,9141,34826,9569,7412,7208,13073,10407,3,2,2,2,3,1,2,1,1,20032,6828,10877,12523,13685,16219,3,2,1,1,0,0,0,0,0,0,2,0,1,0,1,0,1,0,0,0,7243,8104,5032,8982,9549,5600,9785,8394,21080,7020,12011,4900,15332,6065,8015,33427,5,5,1,5,5,5,1,1,8,2,17,26,5,6,0 days 00:28:56,1,46911.0,yes,6
670452.0,1,,23812.200000000183,,,sub_48070,control,,,,,,,,,,,3,,3893,6597,0,9389,4485,4701,6285,7342,4077,4037,5059,4773,1,0,1,1,0,0,0,0,0,1,2869,3397,3389,4526,3245,6549,3821,8573,4765,3885,4669,4141,6238,1,2,2,1,2,2,1,1,1,10061,8389,6517,12116,7149,7749,1,2,1,1,0,1,1,2,0,1,1,0,0,0,1,0,2,0,0,0,5390,7085,5013,6021,6797,5246,4005,3821,8823,3917,5412,3469,5926,4605,5277,7285,4,3,4,4,3,4,1,1,4,2,13,22,9,4,0 days 00:12:07,1,52001.0,yes,4
521791.0,1,,11011.90000000596,,,sub_75737,causal,,,,,,,,,,,3,,3469,3284,0,3780,4612,4852,4164,5644,5779,3092,4827,4019,0,1,1,1,0,1,0,0,0,1,2558,7485,3156,5222,2588,9190,5733,5029,2733,3443,4797,2581,3357,1,2,1,2,2,2,1,2,1,8142,7453,13780,4524,5260,6293,1,1,0,1,1,1,0,1,1,0,1,0,1,1,1,1,1,0,1,1,4285,3701,3421,4278,7875,7836,2846,3085,5493,3239,2437,7655,7061,4068,5892,8485,4,3,4,4,4,4,1,1,5,2,14,23,12,2,0 days 00:09:35,1,49100.0,yes,6
368973.0,1,,6547.4000000059605,,,sub_19004,causal,,,,,,,,,,,3,,3665,2956,0,4267,3040,2676,7449,3500,3026,3010,2874,2256,1,0,0,1,0,2,0,1,2,2,1534,2313,2597,2524,2195,1709,2051,3550,2404,1553,4901,2886,2876,3,4,3,2,3,4,2,4,3,4156,2389,2581,5567,2780,4146,2,4,2,1,3,2,2,3,2,3,2,1,3,4,3,3,1,3,3,2,2414,3394,1972,4148,6476,2779,2641,4169,6216,2277,2080,1797,3265,5531,3038,3067,3,4,4,3,4,3,1,1,8,1,28,21,40,8,0 days 00:07:03,1,51229.0,yes,5
2076191.0,1,,54829.90000000002,,,sub_77377,causal,,,,,,,,,,,3,,3133,5727,0,9351,4662,8755,22615,5695,5804,4479,8840,2855,1,0,1,1,0,1,1,1,1,1,4091,5697,2946,6066,32543,4370,4958,9527,299865,3323,7048,43852,7542,1,1,1,1,4,1,1,1,1,12929,6406,7047,205870,32814,6045,3,3,2,1,0,0,0,2,0,0,0,1,0,0,0,0,0,0,0,0,4029,4109,3374,8764,4539,138287,6952,5851,6297,44130,4097,9031,9375,4711,7069,11173,6,6,6,6,6,6,1,1,7,2,12,36,3,8,0 days 00:34:53,1,13368.0,yes,6
1191403.0,1,,27522.59999999404,,,sub_89951,control,,,,,,,,,,,3,,8708,11755,0,7392,7042,11297,12534,11776,6217,19462,6835,10024,1,0,0,1,0,0,0,0,0,1,6009,8307,4745,7445,13422,6225,16160,10023,12660,5641,9822,16984,6360,2,1,2,1,4,2,2,1,2,9278,8998,11949,10265,16897,28843,3,0,2,1,0,0,0,0,1,0,2,0,1,0,2,0,2,0,0,2,14834,6783,9540,54998,13087,6445,6243,17597,6350,8507,5609,7397,7208,29956,7665,9357,6,6,6,6,6,6,1,1,3,1,17,36,10,5,,1,27617.0,yes,5
549998.0,1,,3061.5999999940395,,,sub_88967,causal,,,,,,,,,,,3,,4022,7062,0,4229,2801,7033,5727,13270,6984,2704,4550,4183,0,0,1,1,0,1,0,1,1,1,2598,3462,2503,6983,20449,2946,7305,6995,3354,3861,4432,3227,5226,1,2,3,2,2,2,2,1,2,16544,5212,3408,4114,4009,5574,1,1,2,1,0,1,0,0,1,0,1,0,0,0,1,0,0,0,1,1,2756,3893,8180,8197,4948,3181,3838,4251,7600,5259,3365,2786,4538,4216,3933,3892,4,2,4,5,4,4,1,1,5,2,17,23,6,4,0 days 00:10:13,1,62179.0,yes,6
907465.0,1,,9667.0,,,sub_82681,causal,,,,,,,,,,,3,,5231,5981,0,7580,5049,13399,9115,12318,6631,4482,4911,5863,1,0,1,1,0,1,0,1,1,2,6500,3315,14615,7333,10265,5599,8915,11616,4632,3348,11165,3848,12999,1,1,3,1,2,2,1,1,1,9465,6098,5949,8367,6166,5513,1,3,1,1,1,3,1,2,1,1,1,0,1,0,1,1,2,0,1,1,6582,5432,6832,6865,12299,5265,6017,4398,7116,4882,6981,6482,5033,4015,6682,6115,4,5,4,6,5,5,1,1,7,2,13,29,17,5,0 days 00:15:35,1,24629.0,yes,6
615292.0,1,,23666.10000002384,,,sub_12585,causal,,,,,,,,,,,3,,6154,8722,0,4815,4598,5378,6502,7329,5060,4122,5251,5608,0,0,0,1,0,3,0,0,0,3,2813,5533,3673,4063,2768,3602,4261,12249,2841,2688,5072,3959,5124,1,2,3,1,2,2,1,2,2,8567,5816,11584,8381,13307,5581,1,1,0,1,0,1,2,2,0,1,2,0,1,2,1,3,0,0,1,3,4961,5517,3191,5943,8448,6237,3990,6089,4555,5955,3208,4210,3630,6778,4989,9501,2,4,4,4,3,4,1,1,7,1,16,21,19,2,,1,19543.0,yes,6
738879.0,1,,35568.40000000596,,,sub_99369,causal,,,,,,,,,,,3,,5556,6073,0,7548,5774,3710,5845,9414,8211,4523,5727,5619,1,0,1,1,1,2,1,1,1,2,3722,38954,3507,6063,37075,3537,17871,15664,4543,5416,4030,3799,6297,1,3,3,3,4,1,3,2,1,8167,10445,8808,7706,7105,8298,3,1,2,1,1,3,0,3,1,2,2,2,1,1,2,1,1,3,1,1,6594,3883,6623,5908,9708,3575,4984,5230,4032,3698,4399,5005,4529,2940,6538,4245,5,5,4,4,4,4,1,1,10,2,21,26,25,6,0 days 00:15:48,1,202374.0,yes,4
1558586.0,1,,14030.200000047684,,,sub_42471,control,,,,,,,,,,,3,,5983,145925,0,47944,5721,70902,18048,14300,62628,6160,6318,6925,0,2,3,1,0,1,3,1,0,0,3101,9495,5383,5082,9567,14282,5887,13601,4055,6146,16354,3691,4859,1,1,4,4,3,1,2,4,3,9362,7005,48794,10304,6174,5140,4,4,4,1,3,3,3,3,1,3,0,1,3,3,2,2,3,4,2,2,17046,13894,4695,21196,7821,4619,8474,7507,7071,4459,4306,4062,8662,4327,6289,10068,4,4,4,5,4,5,1,1,10,4,23,26,38,12,,1,28507.0,not_sure,6
935977.0,1,,13969.099999904633,,,sub_59311,causal,,,,,,,,,,,2,,9563,9523,0,4679,3842,5184,102972,6139,13853,2417,4685,2793,2,1,1,1,1,1,1,1,1,2,1426,18991,43838,30509,2439,1892,6998,18218,2178,2825,1224,1333,3635,2,2,3,4,2,1,2,2,3,4623,3791,2117,2860,2232,2119,2,1,1,1,2,2,1,1,1,3,2,2,1,1,1,1,1,1,1,2,897,1896,1491,1480,2690,1794,4867,1934,20064,1441,1926,1667,1507,4240,2919,1921,4,5,4,4,4,3,1,1,11,2,21,24,23,4,0 days 00:17:08,1,88949.0,not_sure,6
521076.0,1,,13670.5,,,sub_27365,control,,,,,,,,,,,3,,3209,3856,0,7656,5328,3977,5357,5344,3995,6512,6214,3768,1,0,1,1,0,2,2,1,0,1,3644,3106,5940,4117,3616,4443,7024,5380,5133,3008,4897,4160,5767,3,2,4,3,4,2,3,4,4,4533,4274,5253,6455,4620,4458,3,4,2,1,1,3,0,2,2,1,1,0,3,1,2,1,2,1,2,1,3922,2986,4501,4706,4003,5172,4804,3576,5733,5162,6166,3762,3087,5429,7627,4244,5,5,5,4,4,4,1,1,8,2,29,27,23,9,,1,174462.0,yes,6
630960.0,1,,24377.300000190735,,,sub_42341,causal,,,,,,,,,,,3,,5914,7715,0,4382,6382,4815,5296,12782,5414,4547,6911,4397,1,0,0,0,0,0,1,1,0,1,3348,3983,5382,7849,3430,7415,6931,10448,3449,3581,5583,6115,7764,2,2,3,3,3,2,1,2,1,6598,3900,6298,5664,6016,5830,1,1,1,1,2,2,2,2,2,1,3,1,1,2,2,1,2,2,2,2,3679,4715,4630,5832,4665,3781,4614,3914,6497,4832,4199,5799,6682,3781,5647,6364,4,4,4,3,4,4,1,1,3,0,19,23,29,3,0 days 00:13:28,1,152088.0,yes,6
902900.0,1,,23730.89999999851,,,sub_76446,causal,,,,,,,,,,,3,,3513,6149,0,37648,4541,3274,5944,3838,4843,4465,2800,35123,0,0,0,0,0,1,1,1,0,1,2298,3094,2945,7466,3275,2453,4004,7600,2896,2046,2256,3801,5193,1,2,3,2,2,2,1,2,2,10269,2651,56431,5390,4344,4619,1,1,1,1,2,1,0,1,1,0,2,0,3,0,3,0,2,0,1,0,4870,19296,3462,14683,4718,3822,16351,3717,3516,3041,2689,2573,2355,3723,6404,4801,5,4,4,4,5,5,1,1,3,0,17,27,16,3,,1,26590.0,yes,6
1303862.0,1,,44302.60000000056,,,sub_50488,causal,,,,,,,,,,,3,,5598,5534,0,30313,68398,14504,53412,26819,39682,9622,10214,89585,3,0,1,1,0,2,0,1,1,2,2447,15151,6734,10639,49212,6246,2884,7190,5303,3437,5398,2470,4829,1,1,2,2,2,1,2,1,2,43171,2414,3109,3269,46540,33633,3,4,4,1,2,3,2,2,2,4,4,2,3,3,3,3,3,4,4,3,4373,9455,3926,5703,4454,3141,13167,5318,2484,5510,2565,1821,9590,2845,5302,49595,4,5,1,4,4,3,1,1,10,2,14,21,47,11,0 days 00:22:05,1,15674.0,yes,6
642113.0,1,,19293.300000000745,,,sub_40534,control,,,,,,,,,,,3,,2282,3724,0,3483,2453,3260,3280,4495,4150,2987,2706,2255,3,0,1,0,0,2,1,0,0,2,1995,2098,2266,3413,2501,2525,4154,3458,1818,1683,3184,1844,3137,3,3,3,3,3,4,2,3,2,5473,2736,3231,3882,9560,2433,3,2,2,1,2,1,1,3,2,2,1,1,1,0,2,1,1,1,2,0,11653,2600,1938,3203,4508,3006,1904,2453,3069,3297,1572,2045,2746,2636,3077,2472,4,5,3,1,3,2,1,1,9,1,26,18,21,7,0 days 00:11:54,1,68616.0,yes,6
337528.0,1,,12481.600000023842,,,sub_41386,control,,,,,,,,,,,3,,2244,3299,0,4298,4827,3903,13334,6555,5528,3901,8772,2284,0,0,0,1,1,2,0,0,1,1,1884,3064,2400,5393,6703,2039,5670,4981,3110,1878,2815,2652,4040,1,1,3,3,1,2,1,1,2,3891,2952,4064,5376,2747,3047,2,2,1,1,1,2,0,3,2,1,0,3,1,1,0,0,0,1,3,1,2156,4195,2334,4713,6695,3310,3088,4972,2551,3101,2212,2371,6597,3318,5319,3176,4,1,5,4,4,2,1,1,6,1,15,20,19,5,0 days 00:06:17,1,35422.0,yes,4
856490.0,1,,31796.10000014305,,,sub_96839,control,,,,,,,,,,,3,,7508,7140,0,6924,8650,8915,12468,12367,6868,5837,11048,6574,0,0,0,0,0,0,0,0,0,1,5085,5676,7021,11116,6020,4933,6693,16140,4677,4732,9610,6147,9308,2,1,4,2,3,1,2,1,2,8325,7292,9810,6699,6563,8411,2,4,2,1,1,1,0,2,1,1,0,0,1,1,1,0,1,1,1,1,5429,6205,6347,6518,14372,5685,12685,6020,8838,6140,5331,8613,7588,8179,10012,6813,6,6,6,6,6,6,1,1,1,0,18,36,13,8,,1,127847.0,yes,6
745390.0,1,,49538.09999999404,,,sub_30326,control,,,,,,,,,,,3,,3116,3771,0,3437,3849,5119,4279,230502,4904,4324,3306,6284,0,0,1,1,0,1,0,0,1,1,2276,2415,3711,6788,2353,4839,4520,4506,9259,3053,2758,3621,37704,1,3,2,1,3,2,2,2,3,6382,25305,3542,6736,4711,4232,2,3,1,1,1,1,0,1,0,0,2,1,1,1,1,0,1,1,1,1,2984,2603,2619,4125,3866,5803,2939,5218,2964,3806,3207,6052,4654,2774,3429,3955,4,4,4,3,2,3,1,1,5,2,19,20,13,6,0 days 00:13:05,1,29333.0,yes,6
776874.0,1,,39359.39999997616,,,sub_57309,control,,,,,,,,,,,3,,9776,6323,0,6008,8344,5329,7837,9274,6756,5093,6052,6728,0,0,1,1,1,0,1,0,1,1,3820,5264,4761,13279,7553,3471,4585,7982,5156,2950,4756,5538,4628,3,3,4,3,3,2,2,2,3,7866,6106,11720,7157,6557,10254,2,3,3,1,3,3,1,4,1,2,0,0,2,1,1,3,2,2,1,0,5044,4004,8224,8404,7050,4455,5298,16995,6044,4422,10014,3065,3740,3775,4868,6185,4,4,2,4,4,1,1,1,6,2,25,19,26,8,0 days 00:17:05,1,198356.0,yes,6
450048.0,1,,7745.0,,,sub_59757,causal,,,,,,,,,,,3,,2268,2980,0,3428,3088,3976,2962,6665,3082,2796,2755,1920,1,0,1,1,0,2,1,0,1,2,1701,1969,1587,4321,2251,1853,3937,23407,2413,1627,2779,2721,9057,2,3,3,2,3,2,1,3,2,25184,7057,4138,4746,3661,2394,0,2,1,1,0,1,0,0,1,1,2,1,2,0,2,0,1,0,1,1,2127,2537,2903,6529,2977,2052,2718,3954,2829,2619,1919,2754,2403,2670,4570,2484,4,3,4,3,3,4,1,1,9,2,21,21,13,3,0 days 00:08:34,1,45884.0,yes,2
494290.0,1,,30805.29999999993,,,sub_22899,causal,,,,,,,,,,,3,,2863,4383,0,3095,3006,3550,3454,5104,5439,2375,4325,2263,0,0,0,0,0,0,0,1,0,0,2439,3407,2487,4935,5263,2359,3368,6439,2070,2519,3007,3135,3439,1,1,2,1,4,3,1,3,1,6543,3951,4039,4335,3919,3519,3,2,3,1,0,1,0,0,0,0,3,0,3,0,0,0,0,0,0,0,2215,2941,2351,2871,5887,2631,3335,2887,3415,2823,2551,2519,5199,2951,3208,4151,4,6,4,4,6,6,1,1,0,0,17,30,7,8,0 days 00:08:43,1,26332.0,yes,6
713828.0,1,,6188.9000000003725,,,sub_59604,causal,,,,,,,,,,,3,,23647,4055,0,4639,5919,3639,4263,6385,3671,4055,4405,4911,0,0,0,0,1,2,1,1,0,3,5511,3511,2567,8911,6215,4263,5039,11143,4648,3128,3223,3119,4352,2,3,3,3,4,3,2,3,3,6839,45743,25959,4623,4439,4607,3,2,3,1,0,2,1,2,0,2,2,0,2,0,2,1,3,1,2,1,3695,3952,4895,4999,6015,3448,4095,4847,4071,142559,3887,4047,3744,4871,7615,7495,5,5,6,3,3,5,1,1,7,0,26,27,21,8,0 days 00:12:15,1,17996.0,yes,6
662795.0,1,,20183.89999985695,,,sub_37015,causal,,,,,,,,,,,3,,3643,7779,0,4907,9386,3778,8130,9560,3835,3635,5733,4018,1,0,1,1,0,2,1,1,0,1,5043,4842,5105,7978,4811,6570,6947,9019,4945,5899,3523,5163,5243,1,4,3,3,2,2,2,3,2,11283,5210,4650,5099,6811,5675,3,2,3,1,3,2,0,2,1,3,3,1,3,2,4,0,1,4,2,2,5193,3498,7963,5538,5739,5475,3155,4729,4675,4579,3258,4107,8802,17698,5418,9651,2,2,1,3,3,2,1,1,7,2,22,13,33,8,0 days 00:11:43,1,32007.0,yes,6
683327.0,1,,9528.700000047684,,,sub_64240,causal,,,,,,,,,,,3,,4286,5919,0,6775,4654,4751,8999,8463,6654,5991,5003,7519,2,1,2,2,2,2,2,2,2,2,3830,5696,6064,6207,2911,4038,3616,14111,2830,2191,7359,5335,9648,2,2,3,2,3,2,1,3,3,6512,4519,4951,8351,9839,5079,1,3,1,1,2,3,3,2,2,2,1,0,3,2,0,3,1,2,1,2,4623,4695,3655,6151,7871,7462,5759,16632,8761,5343,9246,5447,5599,4824,7695,4799,4,4,4,4,2,4,1,1,17,4,21,22,29,5,,1,360573.0,yes,6
981221.0,1,,8484.70000000298,,,sub_81787,control,,,,,,,,,,,3,,4146,3331,0,4948,25431,10331,5898,8616,9931,15365,4996,8964,1,0,2,1,0,2,3,2,1,3,3231,41965,2331,6665,11481,2847,18499,6782,4198,3033,5531,7999,58797,1,1,2,1,3,2,1,1,1,42986,10034,11845,7363,11613,8081,0,4,2,1,1,0,0,3,0,0,1,0,3,0,2,0,1,0,2,0,6181,5832,7381,6747,4931,3864,26630,4864,9032,5881,21031,7565,8065,3632,4948,5598,3,3,4,3,4,3,1,1,13,3,13,20,13,6,0 days 00:16:58,1,35161.0,yes,6
837973.0,1,,22763.900000095367,,,sub_78800,causal,,,,,,,,,,,3,,6877,7818,0,15165,9545,10154,12214,10834,8454,5665,5698,8819,0,0,0,1,2,3,0,0,0,1,11083,4570,6168,9737,9449,5305,5814,9633,9186,6199,5483,7678,24346,2,2,2,3,2,2,2,2,1,15844,5670,5423,16636,10998,11116,1,2,3,1,1,1,0,1,1,1,1,0,1,0,1,0,0,0,0,1,5847,7420,8653,7456,20595,6191,14160,5041,14066,8992,4072,10239,9002,4719,6030,7354,3,3,3,5,4,3,1,1,7,1,18,21,9,6,,1,61042.0,yes,5
617513.0,1,,18065.60000000056,,,sub_49333,causal,,,,,,,,,,,3,,2396,2513,0,2998,2282,3280,4548,16330,2547,3297,2796,2564,0,1,1,1,1,0,1,1,2,2,2396,2114,2231,1914,5131,2998,5183,3032,3281,4282,2280,2348,3946,2,3,4,3,3,3,2,3,3,3479,78134,4214,3531,4032,3331,4,2,3,1,3,4,2,3,2,4,4,0,2,2,3,1,3,2,3,3,6166,2447,1715,7665,5214,3831,2298,3247,3245,2248,3231,3133,2230,3680,3831,2466,3,3,2,4,2,2,1,1,9,2,26,16,41,9,0 days 00:11:48,1,83935.0,yes,6
557844.0,1,,12272.30000001192,,,sub_72618,control,,,,,,,,,,,3,,4342,5877,0,5137,3811,3231,4579,5380,4499,3102,3937,2775,2,0,1,1,0,2,1,1,0,1,2968,3431,2321,5057,3510,3134,5968,11854,3718,2120,2419,2897,6165,2,3,4,3,3,3,3,4,3,5912,9151,3390,5015,5005,4793,4,4,4,1,1,1,3,2,1,4,3,1,3,2,3,3,2,2,3,2,5596,3839,2471,3592,6168,4058,4301,3101,3501,3566,2107,2458,2338,3834,3548,5424,4,5,4,3,4,5,1,1,8,2,28,25,36,12,0 days 00:12:16,1,171773.0,yes,6
496631.0,1,,3559.800000011921,,,sub_27301,control,,,,,,,,,,,3,,3063,3975,0,3263,3719,4119,4095,6350,2911,3335,4686,3063,2,0,1,1,0,1,0,2,1,2,1807,2991,2111,3640,5031,2895,6191,4063,3279,2487,3079,2639,4159,1,2,1,2,3,2,1,1,1,6415,4503,4399,6232,4616,3791,3,4,1,1,1,2,2,1,2,0,3,1,1,1,2,1,1,0,1,2,2920,3335,3167,6295,6375,3255,2944,3119,6735,3631,3255,3183,2695,3479,4911,4247,4,3,4,1,2,2,1,1,8,2,14,16,21,8,0 days 00:08:43,1,20326.0,yes,3
544449.0,1,,4533.099999964237,,,sub_88514,causal,,,,,,,,,,,1,,3764,4865,0,4981,3897,11315,9748,6731,4497,4814,3298,2914,0,0,1,1,0,2,0,1,0,2,2815,4665,2748,5249,6582,2681,4932,28717,4598,1997,2531,3231,4116,2,2,3,2,2,3,1,3,1,5765,4565,9599,6531,5948,3181,3,2,2,1,1,1,2,1,1,1,3,3,1,1,2,2,1,1,1,1,2299,3415,3248,2481,6044,3982,3914,2781,3298,2781,2148,3118,3015,2730,4999,4299,2,3,4,4,2,4,0,1,6,2,19,19,23,7,0 days 00:09:22,1,15800.0,yes,6
545685.0,1,,9292.100000023842,,,sub_41296,causal,,,,,,,,,,,3,,3676,3730,0,3774,3569,4083,4150,9298,6243,3338,3855,2601,1,0,1,1,0,2,2,2,1,2,2891,13863,2363,2473,3718,2516,8642,5261,2055,2370,3568,2972,2521,1,2,3,3,2,2,2,2,2,3998,2984,2694,5425,5133,3878,1,3,2,1,3,4,3,3,1,4,2,1,2,2,3,4,1,2,2,2,2725,3046,2968,3450,4408,3203,2690,3000,9805,2935,2081,2791,4280,3031,5605,19569,2,2,3,3,2,2,1,1,10,2,19,14,39,6,0 days 00:09:36,1,25435.0,yes,6
1087524.0,1,,87539.10000000149,,,sub_97353,causal,,,,,,,,,,,3,,5029,5325,0,6757,6210,5497,14725,9526,6107,7120,6128,4292,1,0,1,1,0,1,0,0,0,1,7085,4658,4813,10303,9490,3685,11417,9867,6948,3913,4353,13966,5637,1,1,2,2,4,1,2,2,1,10920,5126,7363,7374,5162,9619,0,1,1,1,0,0,0,2,0,1,2,1,1,0,0,0,0,0,0,0,6279,7531,3452,10817,16625,5342,11592,7182,7137,6931,4543,3530,10166,3503,4926,9211,6,6,6,6,6,6,1,1,5,2,16,36,7,2,,1,155434.0,yes,6
453186.0,1,,4691.5,,,sub_19048,causal,,,,,,,,,,,3,,4255,10879,0,5389,5055,3966,7183,8719,3486,7049,4895,5063,1,1,1,1,1,1,2,2,1,1,3366,2903,2727,4031,10159,4200,4846,8847,3319,23983,3447,5423,4695,2,2,3,2,3,3,2,2,3,4919,3271,3279,8303,4991,1982,2,2,1,1,4,3,4,3,3,3,2,3,4,3,3,4,3,3,2,3,4055,4215,4894,4287,5135,4869,4520,8112,4167,7567,3511,3919,4463,4951,3143,5670,4,4,2,5,4,4,1,1,10,2,22,23,50,5,0 days 00:07:52,1,16957.0,yes,6
532348.0,1,,15324.900000000373,,,sub_67043,control,,,,,,,,,,,3,,5374,4200,0,3979,5879,3740,4327,13433,4675,3438,5513,3912,1,0,2,1,0,2,1,2,1,3,4160,6716,2858,9182,3469,6028,6426,7690,3669,3555,5168,4811,5961,1,1,3,1,1,3,1,2,3,7230,4307,4723,4558,4213,3069,1,1,1,1,1,1,3,2,1,1,2,0,1,1,1,0,3,2,1,1,4297,4591,2675,6143,4415,3504,3170,5218,6115,3420,3794,4880,4819,3624,3535,3466,3,3,2,3,3,3,1,1,11,3,16,17,21,3,0 days 00:09:21,1,19583.0,yes,6
753294.0,1,,12892.09999999404,,,sub_80698,control,,,,,,,,,,,3,,2786,4614,0,3108,5356,3017,3943,6190,3689,6350,4060,4144,1,0,1,1,2,1,2,1,2,2,1883,2275,1519,3703,3899,2892,2961,3395,2695,3696,3331,2737,4026,1,2,2,3,3,3,2,3,2,6294,3010,3037,7029,7771,3101,2,3,3,1,2,2,0,2,1,2,3,1,2,2,2,0,1,1,2,2,2892,2961,2653,5132,3213,5371,5370,2939,5377,8100,2365,4691,4088,3422,4809,18638,4,4,4,2,4,4,1,1,12,2,21,22,25,8,,1,18586.0,yes,6
3179049.0,1,,17834.0,,,sub_48294,control,,,,,,,,,,,3,,3212,3541,0,3440,5856,3136,5050,99591,3895,3415,2796,2510,0,0,0,0,0,0,0,0,0,1,1776,2807,1877,3302,2143,1213,2560,7104,1692,1526,1908,4912,2352,2,3,2,2,2,2,1,1,2,3485,3804,1044,3771,4111,2307,1,1,0,1,0,0,0,0,0,0,0,0,0,0,0,0,1,0,0,0,1992,2108,1075,1726,2642,1639,1175,3243,2187,1443,1242,1508,3727,2027,2107,2008,3,4,3,4,2,2,1,1,1,0,17,18,1,2,0 days 00:53:12,1,8808.0,yes,6
590504.0,1,,11866.60000000149,,,sub_66192,causal,,,,,,,,,,,3,,3091,4672,0,5417,4553,4040,5127,6115,9959,5313,4128,5315,0,0,0,0,0,1,0,0,0,1,3325,3912,5468,4786,3057,3934,3589,27562,3924,5295,3851,4532,5503,3,3,3,3,3,2,3,3,2,5985,4272,4477,5271,3505,4783,3,1,2,1,1,1,0,1,1,1,1,0,1,0,1,0,1,0,1,2,5040,6954,3609,4931,7407,10351,11583,5009,5885,4906,34774,5054,4611,3939,5687,5682,5,4,5,5,5,5,1,1,2,0,25,29,12,6,0 days 00:11:07,1,70322.0,yes,6
281228.0,1,,8266.700000047684,,,sub_18096,control,,,,,,,,,,,3,,3999,2647,0,7699,1876,2647,3647,4446,2295,2179,2772,2012,1,0,1,1,1,1,1,1,0,1,2074,2493,1131,2297,3265,2293,1200,3580,1414,1382,1784,1681,2457,2,2,2,2,2,2,2,2,2,4784,2484,4902,5244,3009,3014,1,1,1,1,0,1,1,0,1,0,1,0,1,1,1,0,0,1,1,0,1413,1650,1566,1819,1565,2247,1497,3564,2211,1911,1397,1627,4379,1839,1613,1596,5,4,5,4,4,5,1,1,7,2,18,27,9,3,0 days 00:04:49,1,6260.0,yes,6
766089.0,1,,11291.19999998808,,,sub_33677,control,,,,,,,,,,,3,,7329,3820,0,30498,3580,4630,6912,5688,10495,7403,4835,3228,0,0,1,1,0,3,1,1,0,1,2089,2544,2064,12747,2299,6353,4485,11045,3700,2877,2995,3348,6690,2,2,3,2,3,2,1,2,2,9518,5270,8154,13955,23392,5063,2,3,3,1,1,4,2,2,1,3,2,1,2,2,1,2,3,1,3,1,4748,9134,3234,4607,5679,4068,10784,3283,4985,6187,61741,2251,3756,4047,10484,5038,4,5,4,5,4,5,1,1,7,2,19,27,31,8,0 days 00:13:26,1,32064.0,yes,5
617140.0,1,,6092.899999856949,,,sub_77760,control,,,,,,,,,,,3,,4791,3760,0,4964,4990,8559,15741,9695,4742,4359,5550,4854,0,0,0,0,0,1,0,1,0,1,4398,3243,2577,4449,3576,2313,3282,13064,5097,3725,4354,5317,5837,1,1,2,3,2,1,1,1,1,8673,7398,4861,5001,3638,2984,2,1,1,1,1,1,2,1,0,1,1,1,0,0,2,1,3,0,0,1,5222,3548,3895,4853,4892,4643,4201,3406,4407,4772,4908,2654,5965,4706,7920,4989,6,5,5,5,5,4,1,1,2,0,13,30,15,4,,1,28187.0,yes,6
823708.0,1,,4700.4000000059605,,,sub_55341,control,,,,,,,,,,,3,,6237,8543,0,3921,9892,10336,8971,11034,8490,4503,6210,2935,1,0,1,1,0,1,1,1,0,2,2070,4037,5551,7549,3287,3071,3622,12941,6223,5484,4766,6709,4911,1,2,3,2,2,2,2,2,2,6565,4528,3982,7174,3126,4886,1,1,0,1,1,1,1,2,2,1,1,1,2,0,2,1,1,1,2,1,49831,29113,2764,14335,5543,30483,5822,4246,5246,4574,5772,2895,4181,11382,7173,3676,5,4,5,4,4,3,1,1,7,2,18,25,20,2,0 days 00:13:59,1,12303.0,yes,6
862661.0,1,,12917.5,,,sub_61720,control,,,,,,,,,,,3,,3741,9242,0,13191,50102,4426,4256,44263,10428,5735,13126,13059,2,0,1,1,0,3,3,1,1,3,4569,3555,3659,3494,222492,4172,4664,4102,13701,9711,2646,3841,8901,2,3,4,3,2,3,1,2,2,5827,4567,7394,9836,3697,3209,4,4,4,1,1,4,1,3,4,3,4,0,4,1,4,2,4,2,4,2,3109,3101,4294,23940,3094,3606,4289,4313,2748,3256,5515,2270,3840,34981,3798,7286,3,4,3,4,4,4,1,1,14,2,22,22,43,12,0 days 00:14:49,1,18949.0,yes,1
377269.0,1,,6162.9000000003725,,,sub_29774,causal,,,,,,,,,,,3,,3351,7040,0,3543,4071,3465,4630,11240,4159,3129,3105,3550,1,0,1,1,0,1,0,1,1,2,2565,2163,1785,5295,4742,1828,3373,10749,3194,1907,2514,3679,3129,1,2,3,2,3,3,1,2,1,7759,4908,5773,4216,4080,4738,2,4,2,1,0,0,0,0,0,1,1,0,0,0,1,0,0,0,0,0,1821,2257,2035,1843,3593,3959,2886,3085,3785,2622,2522,1786,3092,2277,4359,3014,3,4,2,5,4,4,1,1,7,2,18,22,3,8,0 days 00:06:34,1,12499.0,yes,5
931245.0,1,,9319.5,,,sub_47805,control,,,,,,,,,,,3,,5142,8301,0,5657,5342,5611,8133,7267,5669,5723,12115,8584,1,0,2,2,3,3,3,2,3,3,7448,7096,2744,9875,6884,8258,9269,16718,5005,9616,5410,3621,5611,3,4,4,2,3,4,2,3,2,8954,8605,19135,11225,6546,6894,3,4,4,1,3,3,3,3,4,3,3,2,3,2,4,3,2,2,4,3,4949,5421,3825,12341,6781,5060,5600,6559,4273,7367,4105,3992,7278,7536,10608,8382,6,6,5,5,6,5,1,1,20,4,27,33,47,11,0 days 00:16:15,1,38598.0,yes,6
561403.0,1,,10945.0,,,sub_60428,control,,,,,,,,,,,3,,2392,2504,0,2856,2573,3581,4244,3948,8180,4588,2413,3138,0,0,1,1,2,0,1,0,0,1,1430,2138,3922,2153,2974,10305,1459,3045,3351,1350,2506,2815,11831,3,3,2,2,3,3,3,2,4,6436,4056,4267,3838,4396,2905,3,2,2,1,3,1,0,2,1,1,3,0,1,1,2,2,1,1,1,2,4365,5615,5386,2702,2888,2663,2944,3360,3074,3447,1688,3311,3771,3600,3062,3467,2,1,4,4,3,1,1,1,6,2,25,15,22,7,,1,28823.0,yes,5
710746.0,1,,6459.0,,,sub_51485,causal,,,,,,,,,,,3,,5838,7466,0,7094,9510,5318,11162,10843,9302,4430,5805,3866,1,1,1,1,1,1,1,1,1,2,8362,5558,4146,12593,6554,4006,4798,10926,5614,4170,5806,5118,6174,3,2,3,3,3,4,2,3,3,12051,6130,9914,4998,9722,10326,3,4,3,1,2,3,3,3,2,3,2,1,3,3,2,2,3,3,3,2,4464,5923,3482,7490,5286,6270,4534,5070,4775,3727,3986,4598,5054,4598,4474,6126,5,5,4,5,4,5,1,1,10,2,26,28,40,10,0 days 00:15:51,1,236831.0,yes,6
824207.0,1,,3022.7999999821186,,,sub_39254,causal,,,,,,,,,,,3,,3451,4948,0,4796,2812,3299,4957,14075,7919,3871,4949,7052,2,1,3,3,1,2,0,1,3,3,2390,7019,1808,5279,7889,2855,5457,17105,2865,2969,3845,6733,6301,3,4,2,2,3,2,2,2,1,9824,6099,4377,7606,8074,12799,4,4,2,1,2,1,2,3,2,1,3,0,3,2,3,0,2,0,2,2,4593,4063,2879,7568,8709,3561,3824,5396,7057,5763,3805,3864,6229,5341,5611,5397,4,4,5,6,4,4,1,1,18,6,21,27,28,10,0 days 00:18:37,1,245509.0,yes,5
658367.0,1,,5900.900000035763,,,sub_20817,control,,,,,,,,,,,3,,3533,5598,0,7762,5328,3867,5668,12879,10253,3303,5665,6008,2,0,1,0,0,1,0,0,1,1,4640,3605,1977,75802,8241,2264,6440,5669,2091,2027,4937,3726,64140,2,2,2,2,4,3,2,2,3,4270,3112,7238,5007,3793,5224,1,3,0,1,0,1,0,0,0,0,2,0,2,0,0,0,1,0,2,0,2431,4302,2632,15811,3716,5271,3768,4084,4162,3566,3732,3565,4291,4347,7136,5411,5,4,5,4,4,4,1,1,6,1,22,26,8,4,,1,14587.0,yes,6
676029.0,1,,11183.799999952316,,,sub_48301,causal,,,,,,,,,,,3,,5410,4574,0,4744,3646,3810,5385,6275,3250,4373,8067,7412,0,0,1,1,0,1,2,2,2,1,3391,2193,7484,3041,2143,3977,2728,41486,2676,3666,2812,2859,5023,2,2,3,3,3,2,2,2,2,4395,2636,3024,5513,5961,2692,4,4,4,1,3,4,3,4,2,3,3,1,4,3,3,3,3,3,2,3,7699,3449,5224,10166,6504,4698,2949,3836,5530,4902,3756,2603,2605,5814,4025,5461,3,3,3,3,3,3,1,1,8,2,21,18,47,12,0 days 00:12:03,1,44788.0,yes,6
1028157.0,1,,24343.200000047684,,,sub_63499,causal,,,,,,,,,,,3,,6558,4095,0,5728,3359,5706,14191,19092,6593,8583,22916,4613,0,0,1,1,0,1,0,1,1,1,5993,4237,2782,10096,10655,5312,5438,13239,4247,3260,7055,4630,5871,1,1,2,2,1,1,1,2,1,16568,7864,5053,12574,6079,10295,3,1,1,1,0,0,0,0,0,0,1,1,0,0,0,0,0,0,0,0,4751,5856,3776,4965,13384,3600,4182,9610,5787,4646,3098,6502,7553,6052,4769,5385,0,0,0,0,6,6,1,1,5,2,12,12,2,5,,1,32797.0,yes,6
983130.0,1,,333349.5,,,sub_30505,control,,,,,,,,,,,3,,3850,14718,0,4584,119507,17299,4571,19130,9196,18939,4840,2430,1,0,2,1,0,3,2,1,2,2,3292,5495,2454,18056,3263,4054,6447,6205,2506,10556,3846,2666,3831,1,3,3,3,3,3,2,2,3,8817,5188,5217,5100,7521,9777,1,3,2,1,1,2,1,3,1,1,3,0,3,2,2,1,2,0,2,2,4411,3285,2760,4344,7288,3737,20697,4555,4097,5048,6189,6160,31242,5773,44901,4290,4,3,4,2,3,4,1,1,13,3,23,20,26,6,0 days 00:19:01,1,135267.0,yes,6
1081893.0,1,,6737.299999952316,,,sub_84427,control,,,,,,,,,,,3,,2938,2894,0,4685,3469,3394,2333,3891,4821,3695,2403,2806,1,2,2,2,0,2,1,0,1,2,4134,5282,4130,4311,6426,4149,7318,5951,3904,2789,6057,8332,3953,1,1,3,2,3,2,1,2,1,4107,7515,5530,8394,7816,2663,1,0,2,1,1,1,1,1,1,1,2,1,1,1,1,0,1,1,1,1,5475,34419,4179,3895,7439,4392,3059,3024,4168,3711,3997,5381,5099,4239,7482,7282,4,4,4,4,4,4,1,1,13,4,16,24,16,3,0 days 00:19:30,1,85107.0,yes,6
564925.0,1,,32691.30000001192,,,sub_16209,control,,,,,,,,,,,3,,2878,4215,0,12003,4967,8754,4195,8778,6356,3519,6453,3062,1,0,1,1,0,1,0,0,0,1,3010,4027,23387,3438,3514,2659,4134,5360,3385,2542,16232,13606,8143,2,1,2,2,4,1,2,2,2,7175,7924,4104,14991,4846,5303,3,3,2,1,0,1,1,1,0,1,1,0,1,0,1,0,1,1,2,1,2533,4369,2166,2843,5105,3666,2039,2993,13278,3191,2213,3119,4520,2855,2698,4010,4,4,2,4,4,2,1,1,5,2,18,20,12,8,,1,108012.0,yes,6
743861.0,1,,17599.69999998808,,,sub_50583,causal,,,,,,,,,,,3,,6919,4662,0,4410,6903,5474,11645,6043,6066,4192,4927,10103,0,1,2,2,0,1,3,0,1,3,4176,3799,3192,5644,3776,3691,4028,11511,4220,4411,2977,3449,4550,2,3,2,3,1,3,2,1,2,10405,9380,13228,4937,4045,4347,4,4,4,1,4,4,3,3,3,3,4,0,3,3,4,2,4,3,4,2,4612,7194,2982,5577,8199,4743,4344,5461,11494,3676,6837,5821,4522,5186,4658,7386,4,4,3,4,4,4,1,1,13,4,19,23,49,12,0 days 00:14:34,1,124426.0,yes,6
667796.0,1,,9414.0,,,sub_19803,causal,,,,,,,,,,,3,,3869,5063,0,5468,8267,4987,6374,10131,5995,5850,11552,4737,0,0,1,0,0,2,1,1,0,0,3628,3659,4313,6631,3711,5644,6920,11149,6216,3879,4112,3826,6183,2,2,3,2,3,2,2,3,2,11467,6010,4816,5758,4304,6780,3,3,3,1,0,1,0,1,1,0,0,0,1,0,0,0,0,0,1,0,5086,5461,3688,13488,8908,6478,5793,4436,9795,4786,4274,4381,6231,5168,7775,4704,4,4,4,4,4,4,1,1,4,1,21,24,5,9,0 days 00:12:13,1,63038.0,yes,5
632550.0,1,,87910.79999995232,,,sub_86573,causal,,,,,,,,,,,3,,23839,4185,0,3451,4133,2503,5053,35264,3659,9667,3604,3321,0,1,1,1,0,2,1,1,1,2,26897,6195,7011,5889,3481,2613,3865,6254,6025,2751,4803,13165,6717,2,3,3,3,3,3,3,3,3,3690,23763,7431,12975,3829,3589,1,2,2,1,2,3,2,3,1,2,3,3,2,2,1,2,1,3,2,2,4495,5027,3015,13135,13333,7217,14761,5694,44457,3328,22663,4834,3479,3197,3897,9147,4,3,2,4,4,3,1,1,9,2,26,20,34,5,,1,16930.0,yes,6
1629149.0,1,,160217.30000007153,,,sub_97111,causal,,,,,,,,,,,3,,12255,7175,0,5761,6115,4355,14420,19212,6627,3256,6479,5329,0,0,0,0,0,1,0,0,0,1,3842,3940,12781,10882,92782,5906,5880,126846,5298,3806,11215,5878,31696,1,1,2,2,3,1,1,1,1,18431,11555,7484,8156,10175,6440,0,0,0,1,0,0,0,0,0,0,0,0,0,0,2,0,1,0,0,0,6780,5165,10808,3535,7636,4044,132602,7069,7636,4225,36958,3179,8793,5309,7921,6166,1,5,4,5,5,5,1,1,2,0,13,25,3,0,0 days 00:28:31,1,59483.0,yes,6
630607.0,1,,65324.0,,,sub_30712,causal,,,,,,,,,,,3,,2170,2705,0,3989,4331,3864,58112,101799,4330,2872,6959,2979,0,0,0,1,0,1,0,0,1,1,1313,1304,1730,6467,1788,2013,4222,5823,2228,1394,2271,1838,11221,1,2,2,3,3,2,2,3,2,4751,3956,5122,5681,5056,20239,2,2,1,1,1,1,0,1,1,1,2,1,2,2,1,0,1,0,1,0,2379,9660,2204,5340,2789,2663,3030,2179,8912,3628,2589,2479,4005,3037,3405,3278,5,5,4,4,5,4,1,1,4,1,20,27,15,5,0 days 00:11:22,1,42722.0,yes,6
590183.0,1,,42451.5,,,sub_34815,control,,,,,,,,,,,3,,2686,3762,0,3303,19168,6550,6583,8208,1941,2810,6600,2572,1,2,1,1,3,1,1,1,1,3,3435,3361,2209,5318,5190,2072,2980,5278,14362,2917,2239,3093,5502,2,3,3,2,3,3,2,3,3,7129,3888,6304,3520,8716,3422,3,3,2,1,3,2,2,2,2,2,3,3,2,1,2,2,1,1,2,2,3877,5269,3583,2358,3204,2493,2249,3783,3495,4214,1908,2621,4157,3819,4072,3666,4,5,4,4,4,4,1,1,14,2,24,25,32,8,0 days 00:10:07,1,13442.0,yes,4
460307.0,1,,11165.20000000298,,,sub_11640,control,,,,,,,,,,,3,,5245,4660,0,5308,4736,3372,4881,4127,3552,4771,3898,3794,0,0,1,1,0,0,0,1,1,1,4947,4103,5096,3910,3783,3607,3430,4731,3389,8790,5785,3827,4840,2,2,3,3,3,2,2,2,2,4345,4236,4947,5293,3932,4487,1,3,3,1,2,1,1,1,2,2,2,1,2,1,2,1,3,1,2,1,6341,4432,3192,3421,4858,4103,3955,5109,3227,4460,3564,4009,7941,6948,4782,4188,4,4,4,5,4,4,1,1,4,2,21,25,25,7,0 days 00:08:18,1,33918.0,yes,6
1790686.0,1,,103559.0,,,sub_45656,control,,,,,,,,,,,3,,2485,3039,0,1846,82168,46432,2564,7580,2533,1907,2885,3510,1,0,1,1,0,3,1,1,0,1,16479,2854,1607,3450,10499,1724,38523,13781,8809,2051,104162,2020,2651,1,2,3,4,3,2,1,2,2,3776,57170,2506,2947,2912,2810,3,3,2,1,0,4,1,2,3,4,2,0,2,0,2,2,3,0,2,2,2174,2281,2155,4258,5107,2673,1936,2431,48953,2710,2627,1924,4588,3035,2310,163139,2,1,2,3,2,1,1,1,8,2,20,11,29,8,0 days 00:30:01,1,8684.0,yes,6
504543.0,1,,8497.09999999404,,,sub_24697,causal,,,,,,,,,,,3,,2617,5101,0,8895,4582,6661,4256,20340,4806,2303,3971,2734,1,1,1,1,1,1,1,1,2,1,1976,3802,2282,2629,2202,3682,1743,5637,2543,3030,3351,3931,7448,1,2,3,2,2,3,2,2,1,7211,2990,3073,4616,4289,3787,2,3,3,1,2,1,1,1,1,1,3,1,1,1,2,1,2,1,1,2,4697,4290,2495,3843,5420,2605,2119,2559,3328,2246,2402,2273,3308,2470,4409,4539,3,3,3,3,2,3,1,1,10,2,18,17,22,8,0 days 00:09:11,1,43786.0,yes,6
586175.0,1,,10813.90000000596,,,sub_90194,causal,,,,,,,,,,,3,,3416,4300,0,4048,5864,5200,5280,6613,4247,4849,3881,3865,2,0,1,1,0,1,0,1,0,1,2747,4053,7565,5748,8693,3149,4432,16079,13736,2696,4580,3982,10114,1,2,3,2,3,2,2,2,2,12580,4214,3447,5664,4916,5215,1,2,1,1,0,2,0,1,1,0,1,0,2,0,2,0,1,0,1,1,4097,3732,2900,4464,6847,4599,3947,4015,3746,3448,4419,3464,6531,4080,5680,6764,4,4,5,4,4,5,1,1,6,2,19,26,12,4,0 days 00:11:50,1,118258.0,yes,6
441967.0,1,,3743.199999809265,,,sub_67051,causal,,,,,,,,,,,3,,3471,2791,0,3567,2623,3135,4239,5688,4375,4086,4710,3224,1,0,0,0,0,1,0,0,0,1,1655,1687,1663,2503,3191,4055,3839,4871,3015,1839,3167,3191,5159,1,3,3,3,1,3,1,3,1,5695,9919,2175,4519,5191,2527,4,4,1,1,0,1,1,2,0,1,1,0,0,0,1,0,0,0,0,0,1911,3743,2088,3567,8199,3343,2351,3399,4863,2742,2759,2407,3487,3295,3983,3879,0,4,0,3,4,4,1,1,3,0,19,15,7,9,,1,9087.0,yes,5
548867.0,1,,7337.0,,,sub_13426,control,,,,,,,,,,,3,,3718,5615,0,4093,4405,4808,7992,11417,7328,9694,5040,3768,1,0,1,1,0,0,1,0,1,1,2509,3085,2790,3735,2973,2957,4852,7094,3885,2653,6932,3598,4703,1,3,2,2,4,2,1,3,2,7886,3614,7302,7245,4078,5430,3,4,3,1,1,1,1,2,1,2,3,1,1,1,2,1,1,1,1,1,3389,4156,4084,4806,5925,2926,4726,5206,6118,4174,3510,4046,3909,3486,4662,4390,4,5,5,5,5,4,1,1,6,2,20,28,21,10,0 days 00:10:13,1,61710.0,yes,6
1227532.0,1,,25543.19999998808,,,sub_87653,control,,,,,,,,,,,3,,6070,7557,0,8984,5033,7250,10263,8557,6265,11212,15837,4708,0,0,1,1,0,2,1,0,0,1,6466,35200,11044,19012,14864,4408,9733,11817,5628,3418,6485,4378,6804,1,1,2,1,1,2,1,1,1,8840,7560,12779,7055,7242,12171,2,1,0,1,0,0,0,1,2,0,2,1,0,0,1,0,1,0,0,1,4796,6945,4366,8934,8160,4772,6482,6161,6707,20814,4054,3370,7231,6392,6603,16131,3,5,4,5,6,5,1,1,6,2,11,28,9,3,0 days 00:25:36,1,304791.0,yes,6
495026.0,1,,25298.29999999702,,,sub_30494,causal,,,,,,,,,,,2,,2785,2322,0,4878,2497,2346,5665,8113,2962,2505,2695,2437,0,0,1,0,0,2,0,1,0,2,2107,2601,3306,3464,2656,2645,2528,8693,3295,2022,3307,2572,2997,3,3,3,2,4,4,3,3,3,10067,1246,38146,3932,2641,5999,1,0,2,1,1,2,1,2,1,3,1,0,1,0,0,2,1,1,1,0,2890,2818,1800,2939,3276,3848,1649,4094,2843,2899,4746,2331,3083,4014,15525,3683,4,3,5,3,4,5,1,1,5,1,28,24,17,3,0 days 00:08:28,1,10480.0,yes,5
789402.0,1,,12230.600000023842,,,sub_59843,control,,,,,,,,,,,3,,2949,13275,0,7150,7075,4486,7183,11954,3468,2952,8421,5739,1,1,1,1,0,2,1,1,0,1,2105,4647,13055,3105,18450,3624,2484,7148,3156,3549,3551,4773,24633,2,2,2,2,3,3,2,2,2,5869,1990,2767,17976,6217,16435,2,3,2,1,2,2,2,2,2,2,2,2,1,1,2,2,2,1,2,1,4011,4049,2028,41513,4358,3425,3604,4751,9124,3968,5476,2010,4022,16478,15652,5741,4,4,4,4,4,4,1,1,8,2,20,24,28,7,0 days 00:13:27,1,14030.0,yes,6
903356.0,1,,147493.19999999972,,,sub_97440,control,,,,,,,,,,,3,,4474,4769,0,6364,4270,297238,4887,9952,6831,4035,5766,5356,1,0,1,1,0,1,1,1,1,1,3313,2902,2736,4456,5532,2646,4906,5796,3283,3694,5122,4064,4447,1,2,2,2,3,1,2,1,2,6510,6795,6667,4378,4330,5737,3,3,3,1,1,1,1,1,0,1,2,0,0,1,2,1,1,1,1,1,4408,4252,4429,5074,14587,5228,3078,3821,6687,3730,3252,3605,5435,4143,3898,5298,6,6,6,6,6,6,1,1,7,2,16,36,15,9,,1,18118.0,yes,4
507123.0,1,,4141.5,,,sub_32238,causal,,,,,,,,,,,3,,2763,2744,0,3714,4248,2816,6531,5281,3800,2816,2629,3082,1,0,1,1,1,2,1,1,2,1,1664,1799,1633,4599,2366,1996,2118,3465,3676,2700,4063,4202,5399,2,2,3,2,3,3,3,3,2,5297,2964,4432,4747,6900,7430,2,1,2,1,3,2,0,1,1,0,3,1,2,2,1,0,2,1,1,1,3701,7829,2363,4216,11393,2632,9981,3313,3347,2965,8349,3499,3122,2482,5860,4482,4,4,4,4,4,4,1,1,10,2,23,24,21,5,0 days 00:10:38,1,127431.0,yes,5
399901.0,1,,3094.699999988079,,,sub_37075,control,,,,,,,,,,,3,,2775,3964,0,3210,2272,2101,3069,4251,2644,1850,2081,2996,1,1,1,1,0,1,2,1,2,1,2165,3548,1453,2650,3187,1677,2826,5209,2440,3027,2086,3298,6447,3,2,2,2,2,1,2,2,2,5359,2337,2745,5351,2623,2195,3,3,3,1,1,2,1,1,2,1,2,1,3,1,3,1,2,1,2,1,1459,2307,1407,1757,1773,2267,1614,2366,3712,1382,1690,1991,4909,1705,2164,2214,2,4,2,3,1,1,1,1,10,2,18,13,25,9,,1,18148.0,yes,4
747536.0,1,,15723.600000023842,,,sub_30048,causal,,,,,,,,,,,3,,3901,6015,0,6488,4847,5009,10915,7851,5015,3912,6987,7120,1,0,1,1,0,2,1,1,1,2,3420,13268,3239,3503,4074,4105,3674,6123,4441,10189,5507,7738,6436,2,2,2,2,3,4,2,3,3,5005,27072,4955,5156,3589,12220,2,2,1,1,1,2,1,2,1,2,2,1,2,1,2,1,1,2,1,2,3870,10972,3596,3481,15498,7356,5770,6544,4024,10388,4556,4887,9021,3457,18987,4187,3,3,3,2,2,3,1,1,9,2,23,16,24,5,0 days 00:12:56,1,25503.0,yes,6
494930.0,1,,18623.0,,,sub_83672,causal,,,,,,,,,,,3,,4343,3589,0,3989,3912,5104,4067,5014,3391,5853,3524,2746,2,0,1,1,2,2,1,1,1,2,2013,3779,1797,2516,3428,2323,4940,4337,3007,1840,3803,2239,3129,1,3,2,2,2,3,2,1,1,3875,5184,4672,4458,6216,4646,1,4,3,1,4,3,3,2,3,4,3,2,2,4,3,3,2,2,3,3,2479,1960,2611,6410,7162,2407,2100,2966,2429,2995,2589,2292,2116,2295,2265,3263,2,2,2,3,2,1,1,1,12,2,17,12,46,8,0 days 00:08:27,1,9866.0,yes,6
427693.0,1,,7293.600000023842,,,sub_21739,causal,,,,,,,,,,,3,,3407,2631,0,2396,2223,2716,5905,3757,2969,2630,2845,2248,2,0,1,1,0,2,1,1,2,3,1593,2475,3106,2249,3263,1757,2417,3886,2764,2966,2178,2678,7753,1,3,2,1,3,4,3,3,2,5083,4774,2727,2860,2999,4487,3,1,2,1,3,3,2,3,1,2,2,0,3,2,3,1,1,2,2,2,2498,2328,1905,2809,3536,2678,3802,3443,4069,2413,2132,3575,2849,2146,3456,3681,5,5,5,4,4,5,1,1,12,2,22,28,32,6,,1,38552.0,yes,5
619746.0,1,,33522.700000047684,,,sub_73368,causal,,,,,,,,,,,3,,3898,4695,0,2745,3897,4409,6594,4276,2936,2309,2709,2353,0,0,1,1,0,2,2,1,1,2,3868,2979,2231,2205,5327,3508,2864,5942,2713,1528,1907,1944,4952,2,3,3,2,3,4,3,3,3,8201,3343,2802,2878,136241,1543,3,3,4,1,2,1,1,1,1,1,1,1,2,2,1,2,1,2,1,2,2308,5068,3766,2305,6369,1872,3477,2565,2232,2364,3180,1978,2263,2881,2383,3512,4,4,4,4,4,3,1,1,9,2,26,23,22,10,0 days 00:11:05,1,43306.0,yes,5
464981.0,1,,6600.4000000059605,,,sub_44800,causal,,,,,,,,,,,3,,2798,3663,0,4621,3511,5407,5214,5944,4173,4119,4269,3525,0,0,0,1,0,2,0,0,1,2,3014,3566,3200,5175,4296,3382,3192,4358,4246,2188,3454,5229,6073,2,2,3,2,2,2,1,2,1,7662,3287,3407,6005,5848,4173,2,1,1,1,0,0,0,2,1,0,2,0,0,0,0,0,0,0,0,0,4069,3767,3160,4622,4735,3791,3999,3175,7192,3622,2863,2302,4670,3646,5575,4958,4,4,4,3,4,4,1,1,6,1,17,23,5,4,0 days 00:08:10,1,20195.0,yes,6
514120.0,1,,3410.300000190735,,,sub_46086,control,,,,,,,,,,,3,,3148,3110,0,4719,7921,6279,5025,6209,4372,6024,5501,4541,2,0,1,1,1,3,0,2,2,2,3985,3908,2587,3369,8551,4297,4954,8230,2853,3200,3071,3123,9179,2,2,3,2,3,2,1,1,2,11173,2457,3855,4942,7291,2369,0,3,1,1,2,0,2,2,0,0,1,0,2,1,1,0,0,0,2,1,3730,3896,2432,6653,6879,2818,2803,3138,3621,3659,4022,3752,3815,3545,5851,4247,5,5,5,6,5,5,1,1,12,2,18,31,14,4,0 days 00:09:14,1,37408.0,yes,6
775948.0,1,,30077.800000000017,,,sub_68571,causal,,,,,,,,,,,3,,7607,8328,0,6979,8239,5154,5133,10237,6939,5821,6019,4237,3,0,0,2,0,3,0,1,1,1,4607,5035,8108,9688,6766,4287,7055,7674,4422,4686,4528,5026,7167,1,3,2,3,3,2,2,3,2,8315,7822,7657,7917,7710,8304,1,1,0,1,1,4,1,2,3,3,3,0,2,0,1,0,2,1,1,2,5819,5452,4099,7889,5886,5332,8267,4359,5223,6306,5297,5272,4999,6891,6797,5185,2,5,2,4,4,4,1,1,10,2,21,21,26,2,0 days 00:15:31,1,148303.0,yes,6
419696.0,1,,13299.29999999702,,,sub_35046,causal,,,,,,,,,,,3,,2425,2731,0,2468,5830,4631,3120,3935,2733,4928,3240,3509,2,0,0,2,0,3,0,0,2,3,2189,2275,1975,4091,2297,2773,2801,3337,2278,1829,4028,2529,3539,1,1,3,3,3,1,2,4,2,3389,3397,3829,2411,2815,3211,3,4,3,1,0,2,1,2,2,2,2,2,3,0,4,3,3,1,2,3,2983,2114,2567,8913,3463,2806,2443,2965,2767,3079,2708,2325,2397,3095,3275,3602,3,4,4,3,2,4,1,1,12,2,20,20,32,10,0 days 00:07:30,1,28462.0,yes,6
437054.0,1,,117850.2999999998,,,sub_80853,control,,,,,,,,,,,3,,4438,3449,0,3295,6433,3312,5397,5230,3438,3175,3362,2772,1,0,0,1,3,0,1,1,2,1,1929,5864,2876,6334,5028,4795,2866,10363,3383,2482,3344,3645,6240,2,3,3,2,4,3,2,2,2,12723,6156,3896,3953,4602,2897,3,2,3,1,1,1,0,3,1,0,1,0,1,0,1,2,2,1,0,1,10762,2962,3312,4238,6108,3303,2307,3259,14532,3747,2397,2628,4765,3279,3417,2736,2,3,3,4,2,4,1,1,9,1,23,18,15,8,0 days 00:07:34,1,12831.0,yes,6
950557.0,1,,13068.800000000048,,,sub_10851,causal,,,,,,,,,,,3,,6543,6311,0,7335,11231,14719,10967,15568,13175,9800,9766,7999,0,0,2,2,0,1,2,1,0,3,5095,8344,7431,10504,5295,15215,14263,13599,5368,4559,8847,8367,12271,2,1,3,4,2,1,1,2,2,17464,12295,13199,10271,23799,15087,1,3,1,1,0,4,3,2,2,1,1,0,3,1,2,0,1,1,3,1,14095,6727,11760,11999,10663,8423,12119,10383,7824,9567,12175,8992,11432,9911,15111,12183,4,4,4,5,3,4,1,1,10,4,18,24,25,5,0 days 00:24:02,1,488294.0,yes,6
406854.0,1,,3928.800000011921,,,sub_79007,control,,,,,,,,,,,3,,4670,6855,0,5814,5014,4078,5646,10879,6926,3695,6661,4799,1,0,1,1,1,1,1,1,1,1,2439,3055,5254,4927,5695,2415,2351,11870,4303,1343,4261,1327,3207,2,1,3,3,4,2,1,2,2,8583,5271,4238,2471,5199,4318,1,1,1,1,0,0,0,1,0,0,2,1,0,0,3,0,0,0,0,3,4695,3782,2855,7526,6735,4439,4855,4871,5238,4903,4751,6263,8678,4759,5719,6375,3,5,3,3,4,4,1,1,8,2,20,22,10,3,,1,36664.0,yes,6
1226155.0,1,,24173.200000047684,,,sub_30487,causal,,,,,,,,,,,3,,3701,5057,0,5714,75888,5049,4663,7923,6490,3545,5536,6121,0,0,1,0,0,0,0,1,0,0,12049,2501,3081,23422,4525,2681,2943,34216,6779,76519,4391,3448,5551,2,3,2,2,3,2,2,2,3,10966,4675,4780,4664,5347,4478,3,1,1,1,0,1,1,2,2,2,2,1,1,0,1,1,1,1,2,1,3618,2869,3065,4983,90482,2899,3365,22356,4731,6057,2696,2659,2580,2797,6357,2864,4,4,5,3,4,5,1,1,1,1,21,25,19,5,0 days 00:20:50,1,21333.0,yes,6
743904.0,1,,22842.099999904633,,,sub_15771,control,,,,,,,,,,,3,,6415,8715,0,5997,4480,4431,7382,6648,5548,3598,5082,3698,2,0,2,2,0,3,1,1,1,3,2797,31933,3282,3981,4564,4498,5331,7449,4065,3366,3566,3915,6313,1,2,3,2,2,3,2,1,2,5181,4133,4298,38832,11732,11098,1,4,2,1,2,3,1,3,1,2,2,0,1,2,3,2,3,3,1,3,3764,4566,3748,9865,16514,3614,4030,6383,3714,4182,3532,3382,4516,4166,5614,9499,5,4,5,2,4,4,1,1,14,4,18,24,32,7,0 days 00:12:52,1,23956.0,yes,6
701528.0,1,,15961.29999998212,,,sub_81621,causal,,,,,,,,,,,3,,3803,4568,0,19427,9893,4254,5006,4426,5092,3825,5996,3337,1,0,0,1,0,3,0,1,0,2,4299,4515,4216,4234,4946,4652,4805,5660,7592,3008,4334,4015,5558,2,2,1,1,2,1,1,1,1,9264,6805,4540,5537,3694,6240,1,3,1,1,0,1,0,2,1,0,0,4,1,0,0,0,0,0,0,0,4535,39968,3290,8379,18219,4086,3281,4701,11738,6708,3188,2708,5228,5641,6737,3941,5,6,5,6,6,5,1,1,7,1,12,33,9,5,0 days 00:12:15,1,31364.0,yes,6
877091.0,1,,31693.0,,,sub_71029,control,,,,,,,,,,,3,,6995,6678,0,6837,18441,10290,16717,15238,11253,4671,9032,6733,0,0,1,1,0,1,0,1,1,1,3353,4899,4213,5921,4511,3991,6291,10332,5205,7388,7184,5925,8067,3,2,3,3,1,1,1,2,1,10124,6372,5731,7984,6820,8522,3,3,2,1,2,2,0,2,0,2,2,0,0,1,2,0,0,0,0,1,5422,9307,4280,9276,6376,11722,6097,6444,8496,7843,5284,4912,6556,5778,6513,8036,4,4,4,4,4,5,1,1,5,2,17,25,14,8,,1,79576.0,yes,6
1202331.0,1,,9724.699999999257,,,sub_59053,control,,,,,,,,,,,3,,4649,4182,0,30107,8738,3703,65262,5858,6091,4566,4613,3011,2,2,1,2,1,2,3,1,2,1,2878,3044,4294,4582,20386,4763,4704,7651,5221,72505,3417,2945,5781,1,3,2,4,3,2,2,3,2,6937,5288,48421,5439,5328,9360,3,4,3,1,2,2,2,3,3,2,2,0,1,4,3,2,2,2,1,3,3433,5099,5114,6371,5744,4503,7615,4295,6500,4082,4494,5138,11782,59876,38824,28729,4,4,4,3,4,4,1,1,16,3,22,23,34,10,0 days 00:21:00,1,55678.0,yes,6
1566464.0,1,,123950.5,,,sub_84560,control,,,,,,,,,,,3,,6040,13145,0,5074,5357,5431,7848,25942,8762,6736,5430,7170,1,0,0,0,0,1,0,0,0,1,6214,4909,12291,7738,88801,5085,8658,7831,5162,5539,5381,7556,7000,1,1,1,1,3,1,1,1,1,20257,9041,7688,10019,16798,8296,2,2,1,1,0,3,0,2,0,0,1,0,2,0,0,0,0,0,0,2,6968,56098,4021,14565,12632,5977,6558,5882,4919,6314,9173,5619,6498,4875,7013,5552,5,6,5,6,1,5,1,1,3,0,11,28,10,5,,1,131092.0,yes,2
344239.0,1,,3257.7999999523163,,,sub_54507,control,,,,,,,,,,,3,,2464,2665,0,2115,2148,2433,2797,3948,4214,1798,2847,2081,1,1,2,2,0,2,1,1,1,2,2484,3965,1565,3916,2481,1365,1964,5264,2515,1347,2448,3981,4565,2,2,2,2,3,2,2,2,2,3299,3665,3298,5448,3165,2564,2,2,2,1,2,3,2,2,1,2,3,0,2,2,2,2,3,2,2,2,2832,1965,1599,2164,7565,2615,4299,5048,2582,1715,1648,1648,3281,2482,2532,2382,3,3,3,2,3,3,1,1,12,4,19,17,32,6,0 days 00:06:01,1,14996.0,yes,6
1107906.0,1,,16501.600000000093,,,sub_76625,causal,,,,,,,,,,,3,,5224,7269,0,5761,7214,5522,7761,7417,6106,33295,8828,5256,0,0,0,1,0,0,1,0,0,1,3696,6529,4563,7214,15414,8246,18692,15963,8418,3644,76252,7793,10064,2,2,2,2,3,2,2,1,1,8062,6845,6403,8527,5845,6377,1,1,1,1,0,0,0,2,0,0,0,0,0,0,1,0,0,0,0,1,10495,4591,6454,10770,21980,6630,9475,10864,7396,29219,5883,4125,24585,7509,10720,7951,4,5,5,5,6,5,1,1,3,1,17,30,4,3,0 days 00:18:59,1,23910.0,yes,5
406988.0,1,,8480.0,,,sub_71388,causal,,,,,,,,,,,3,,4126,3739,0,3801,4539,3982,5603,4443,5003,2785,4233,5575,2,0,0,2,0,3,0,0,1,2,2819,3100,6317,4262,5511,3357,3167,4549,2237,4321,2887,4713,5508,2,2,3,3,3,3,2,3,3,5657,4917,3591,4019,3689,2955,1,3,0,1,0,0,0,0,0,0,1,0,1,0,1,0,0,0,0,0,2193,3667,2917,2825,2688,2007,5813,4175,2847,2273,2399,2454,4817,2561,7299,2237,0,0,0,5,0,0,1,1,10,2,24,5,3,4,0 days 00:07:36,1,46238.0,yes,6
678377.0,1,,92281.0,,,sub_82161,causal,,,,,,,,,,,3,,2935,3166,0,4261,3824,2513,4057,5119,6217,4867,4170,3670,0,1,2,1,0,0,2,1,0,1,2512,4893,1820,5035,2612,4909,2379,3878,3160,2666,2834,5681,6637,1,3,3,2,3,2,2,3,3,7395,2822,5647,5472,3061,3940,4,3,2,1,2,2,3,2,3,1,3,0,3,2,3,1,2,2,3,1,2821,11412,3370,2767,7408,8624,4972,2830,2608,3096,2385,9956,3824,158761,2773,8394,4,4,4,3,4,4,1,1,7,3,22,23,33,9,0 days 00:12:05,1,42913.0,yes,6
767628.0,1,,92155.40000000596,,,sub_86869,causal,,,,,,,,,,,2,,4671,7383,0,7095,15870,5495,10719,12190,19175,6919,6022,9702,2,0,1,1,2,2,0,2,1,1,2519,5431,2743,6311,6279,6054,6247,12031,7535,3711,5991,4278,9560,2,2,2,2,2,2,2,2,1,7095,6983,5071,7007,5927,5647,2,2,1,1,0,0,0,3,1,0,1,2,1,0,0,0,2,0,0,2,4591,6415,3783,7406,8575,8951,4279,6191,12807,4687,4839,4535,6879,6935,11086,8071,6,6,6,6,6,6,1,1,10,2,17,36,12,5,0 days 00:14:11,1,73257.0,yes,6
468249.0,1,,11165.599999904633,,,sub_57566,causal,,,,,,,,,,,3,,4216,3050,0,2922,3150,2502,4259,4568,3242,5138,3283,4219,1,0,1,2,0,3,1,1,1,3,2487,2386,1879,2823,9391,2533,3404,4595,2654,1871,3248,2951,3255,3,3,4,3,2,2,2,3,3,5275,3442,2867,3979,5546,3363,3,3,2,1,1,3,1,2,4,3,3,1,3,1,3,2,1,1,3,1,3299,3015,3818,3556,5114,2600,2454,3391,2511,3643,2751,2903,5238,3307,4671,3723,4,4,4,3,3,4,1,1,12,3,25,22,33,8,0 days 00:08:24,1,32474.0,yes,6
531167.0,1,,2956.0,,,sub_48469,causal,,,,,,,,,,,3,,3327,6686,0,3846,4846,2489,3446,6688,3605,4830,3492,2733,2,1,3,2,1,1,2,2,2,2,10508,4724,1918,3054,2670,5110,5208,6087,3838,2176,2839,2351,8517,2,2,3,3,2,2,2,3,2,5982,2415,3727,5437,3462,4598,2,2,2,1,3,3,3,3,3,3,3,3,3,3,3,2,2,3,3,3,4792,3158,2285,5929,5734,3128,2814,2806,2709,2935,3048,2702,6391,2852,3110,3735,4,4,3,4,4,3,1,1,16,5,21,22,46,6,0 days 00:10:18,1,82253.0,yes,5
342939.0,1,,5437.0,,,sub_13159,control,,,,,,,,,,,3,,2631,3511,0,4241,2543,3408,4512,4751,5045,2096,2543,2510,1,0,0,1,1,1,1,0,1,1,1926,2524,3579,3665,2394,2943,2991,6191,2191,2524,2144,2944,3865,2,2,3,3,3,2,2,3,2,4064,3193,6078,3862,2392,4381,2,1,1,1,0,2,0,0,0,0,1,0,1,0,2,0,2,0,1,1,2125,1995,1794,2393,5806,2242,2659,2642,3033,2161,2625,2310,2774,2456,4758,3657,5,5,5,6,6,5,1,1,7,1,22,32,10,4,0 days 00:06:12,1,22725.0,yes,6
712334.0,1,,11973.0,,,sub_58182,causal,,,,,,,,,,,3,,4115,8002,0,5269,5928,3199,7868,12691,4628,3532,4539,7829,0,1,1,1,0,0,2,1,0,1,5061,4537,1988,5257,4287,3288,4177,9910,3079,3267,3679,4236,5659,3,2,3,3,2,3,1,2,2,6001,3412,6966,4430,5673,3447,1,3,1,1,0,3,0,2,3,1,4,2,3,1,4,0,3,0,2,3,5185,3256,5561,5753,5434,3800,3008,3276,4321,5742,3551,6780,6198,3880,6709,3496,4,4,4,5,4,4,1,1,6,2,21,25,31,5,0 days 00:12:30,1,23234.0,yes,6
440219.0,1,,11830.700000047684,,,sub_64559,causal,,,,,,,,,,,3,,4319,4186,0,3092,2265,4050,3539,7105,2892,2842,2982,2194,2,0,1,1,0,1,1,1,1,2,1845,2641,3425,3857,4091,2343,2819,6267,2375,2300,2779,2738,4275,3,3,3,3,3,2,3,2,3,6434,6054,4045,4411,3645,3239,4,3,4,1,3,3,3,3,3,3,3,2,3,3,3,3,4,3,4,3,3296,2181,2588,2503,4745,2332,2709,2926,3175,2712,2149,2251,3551,3107,4469,4278,5,4,5,4,4,4,1,1,9,2,25,26,49,11,0 days 00:07:38,1,12400.0,yes,2
457000.0,1,,14310.0,,,sub_37744,control,,,,,,,,,,,3,,2646,2743,0,4270,3793,3483,3527,5761,3671,3456,3948,3434,1,1,1,1,1,2,2,1,1,2,3611,3486,4080,2707,2899,2347,3675,4099,2315,3179,4560,3030,4867,2,3,4,3,3,4,3,4,3,7674,4938,4156,3422,3489,4651,2,3,3,1,4,3,2,3,3,3,4,1,3,3,3,2,2,3,2,3,2647,2698,2428,2831,3691,2445,4270,4800,4252,2641,4275,2297,5853,2988,4113,2772,4,3,3,2,3,3,1,1,12,2,29,18,44,8,0 days 00:09:24,1,36429.0,yes,6
762124.0,1,,35385.0,,,sub_13059,control,,,,,,,,,,,3,,4432,6125,0,5873,12670,9697,11799,8957,5654,46714,11052,6647,1,0,1,1,0,2,1,1,1,1,5133,4758,6164,8036,4476,5837,9857,7090,4089,6262,4770,4990,7616,2,3,3,2,2,2,1,1,2,8843,6730,5989,5745,6134,9085,4,3,4,1,0,3,1,2,0,1,1,0,1,0,1,0,2,0,1,1,4298,5112,4832,4992,5356,4626,9570,4820,5562,4979,23238,6776,7251,7130,6142,4831,3,4,4,2,2,4,1,1,8,2,18,19,14,11,0 days 00:15:20,1,150715.0,yes,6
1268459.0,1,,7335.39999999851,,,sub_13740,control,,,,,,,,,,,3,,5806,5300,0,41889,46709,45532,8501,9762,6233,24144,4682,51563,2,0,1,1,0,2,1,2,1,2,5542,4690,5584,4375,5647,5973,3828,8286,116316,4330,4361,4050,8108,2,3,3,2,3,3,2,4,2,6937,97414,7761,8339,4090,6583,4,3,2,1,1,3,0,2,2,1,1,1,2,1,2,1,2,1,1,2,5375,6030,4728,6488,10050,23457,5031,7075,7098,5610,6575,3533,6807,9577,6717,5609,4,4,4,5,3,3,1,1,10,2,24,23,23,9,0 days 00:22:02,1,50478.0,yes,6
757065.0,1,,17920.899999976158,,,sub_38971,control,,,,,,,,,,,3,,5625,4910,0,4387,7626,4855,5325,22630,6543,5375,6926,5459,0,0,0,1,0,2,0,0,0,1,4237,4670,5468,5147,5431,5905,5354,10386,4472,4094,3462,7357,7748,2,2,3,2,2,2,2,2,2,11479,5323,4358,10078,4662,6027,2,2,2,1,0,1,1,2,1,0,1,0,1,0,1,0,1,0,1,0,4587,4686,9181,7001,6321,5780,5627,5207,7451,4700,9009,4111,5711,5389,6419,8770,3,4,3,4,4,3,1,1,4,1,19,21,10,6,,1,128905.0,yes,6
720874.0,1,,11473.0,,,sub_44677,control,,,,,,,,,,,3,,3515,2789,0,2362,6782,6961,8822,5130,2015,2642,3921,2420,1,0,1,1,0,1,1,0,0,1,1390,3183,1477,4514,3916,2727,2216,4141,4514,1140,3423,2989,5434,1,2,1,1,2,2,1,2,1,6741,34340,3562,4561,4202,2644,4,4,3,1,0,2,0,0,1,0,1,0,1,0,3,1,3,0,1,1,1679,2971,3654,4375,1561,15730,7404,5774,4735,2428,3423,3460,3784,3295,1912,10020,1,3,2,3,2,3,1,1,6,2,13,14,14,11,0 days 00:12:37,1,30085.0,yes,4
851011.0,1,,12664.599999964235,,,sub_83112,control,,,,,,,,,,,3,,4350,24615,0,73683,3747,11680,4777,6212,5399,26966,7678,2814,0,0,1,1,0,2,1,1,1,2,4348,2829,2384,5179,31892,3032,36682,30316,47065,4713,1896,2581,8696,2,1,2,2,3,2,2,2,2,5829,3046,3098,6750,4081,3415,2,2,2,1,1,2,1,2,2,1,3,1,2,1,1,1,1,1,1,1,2048,4516,2912,7381,7616,2315,5263,3447,4194,2732,3881,3466,4081,2464,5651,4212,4,4,4,4,4,4,1,1,8,2,18,24,22,6,,1,70710.0,yes,6
737181.0,1,,62072.300000000745,,,sub_94288,control,,,,,,,,,,,3,,5278,5900,0,28350,7438,5070,16625,36477,7309,15141,12373,43610,3,3,2,2,3,1,2,2,2,2,10388,7656,4641,3307,13002,3588,20047,18053,15407,4259,5664,4018,18123,2,2,4,2,3,2,2,3,1,7718,6927,6714,7458,5644,7954,4,2,0,1,1,1,0,1,3,1,4,0,2,0,3,1,4,0,0,3,5195,5423,5238,6685,10343,7756,7493,10779,4591,5418,6604,4756,5309,5989,6604,9852,6,4,1,3,6,5,1,1,20,4,21,25,24,6,0 days 00:12:32,1,10605.0,yes,6
808895.0,1,,6073.700000000186,,,sub_63907,causal,,,,,,,,,,,3,,5353,7150,0,5833,5038,4254,6240,13391,4579,4572,6614,4154,1,0,1,1,0,1,1,0,0,1,3716,4017,5772,6419,4380,3526,10272,10694,4635,4440,4422,5079,8909,2,3,2,2,2,2,2,2,1,7874,5473,5187,6044,3974,5650,0,0,1,1,0,1,0,1,0,1,1,0,1,0,0,0,0,0,0,0,4664,5381,103053,11981,10231,6037,5188,4468,6791,5081,7609,5836,6868,4533,6568,10166,4,4,4,4,4,4,1,1,6,2,18,24,5,1,0 days 00:15:08,1,97456.0,yes,1
1005937.0,1,,27427.89999985695,,,sub_68038,causal,,,,,,,,,,,3,,4339,99830,0,3852,11387,4912,3466,4669,4664,31195,5871,2483,0,0,1,2,0,1,1,1,2,1,3580,4471,3353,4035,5718,2670,21082,6473,3897,2622,4563,5279,5989,2,3,2,2,2,2,2,2,2,7156,5563,8508,4937,6640,4336,1,3,1,1,2,2,1,1,0,1,2,1,1,2,1,1,0,0,0,1,2304,3717,3207,63063,7510,2793,3996,3799,6590,4547,74051,3057,4285,4693,5977,3643,4,4,3,4,3,3,1,1,8,3,19,21,16,5,,1,29220.0,yes,6
677103.0,1,,18524.0,,,sub_13256,causal,,,,,,,,,,,3,,5377,5284,0,4509,5578,6819,7530,6996,6147,4416,5215,5904,1,0,0,0,0,0,0,0,0,1,3095,5333,3634,3871,2796,5035,5613,9011,3578,3329,3895,3458,7552,2,1,2,2,3,2,1,2,2,5749,17612,5622,5724,4808,5556,1,1,1,1,1,1,1,1,0,1,1,1,1,0,1,1,1,1,1,1,3615,16718,3904,5406,8680,25300,7028,5902,5932,4117,3798,5045,5373,3978,6860,4606,5,5,5,5,5,6,1,1,2,0,17,31,14,3,0 days 00:12:21,1,61175.0,yes,6
569179.0,1,,14184.20000000298,,,sub_96932,control,,,,,,,,,,,3,,5196,5196,0,3218,3939,4368,4519,6133,3076,4778,3496,3980,1,0,2,2,0,0,3,0,0,0,2415,3434,3024,3992,5547,3334,3914,8861,3432,2901,3708,2732,4596,1,1,2,2,3,2,2,2,3,7772,2472,4581,5970,4846,4416,0,1,0,1,3,2,3,3,1,3,3,1,1,4,2,2,2,4,3,4,4240,3593,4125,5426,5800,3487,3728,3169,3132,4034,2158,2106,3911,3637,5140,6052,5,3,4,1,3,4,1,1,8,4,18,20,41,1,0 days 00:09:58,1,24713.0,yes,6
759383.0,1,,12287.099999904633,,,sub_57540,causal,,,,,,,,,,,3,,4169,6184,0,3747,4446,5905,13332,21880,7836,6216,5936,5575,1,0,1,1,2,1,0,1,1,1,3380,3870,2486,8323,6905,2633,10223,6462,3408,1663,2306,2250,9790,3,3,3,2,2,3,2,3,3,11123,2920,3270,7885,9984,4415,2,2,2,1,2,2,2,2,2,3,2,1,2,2,1,2,2,2,2,2,3354,5454,3226,15581,7630,4123,3992,3869,4438,4052,3137,3430,3949,4289,6909,3295,3,3,3,4,4,4,1,1,8,2,24,21,31,6,0 days 00:14:38,1,107406.0,yes,4
770592.0,1,,14794.0,,,sub_87271,control,,,,,,,,,,,3,,6068,4452,0,6803,8469,8588,9134,8081,6462,7788,5123,6662,0,0,0,0,0,0,1,0,0,1,2326,4422,2771,10747,6661,2931,12638,13469,7063,3357,6906,4165,6213,1,2,3,2,2,2,1,1,1,9280,12573,6209,9134,8480,8269,1,0,0,1,0,0,0,0,0,0,0,1,0,0,1,0,2,0,0,1,4392,3619,4379,6202,6803,5558,3379,6273,9107,3256,5800,3482,10427,3794,5690,10058,3,5,2,4,4,5,1,1,2,0,15,23,5,1,0 days 00:13:34,1,38893.0,yes,6
417845.0,1,,7983.0,,,sub_30433,control,,,,,,,,,,,3,,2621,3490,0,2824,2608,2388,3416,4592,6915,3378,2694,2297,0,0,1,1,0,3,1,1,0,3,2397,2747,1739,2839,1892,3660,2917,3330,4313,1883,3413,2629,3393,2,3,3,3,3,3,3,3,3,5991,3330,3205,3556,2824,6042,4,3,4,1,4,3,3,3,2,2,4,2,4,4,4,3,2,3,4,4,2306,2556,2705,3601,5845,3583,2612,2829,2827,2779,1850,2159,2999,3529,3026,3549,1,1,1,1,1,1,1,1,9,2,26,6,51,11,,1,10421.0,yes,4
536237.0,1,,485354.5,,,sub_65698,causal,,,,,,,,,,,3,,3126,3934,0,8854,3646,9109,4638,7767,12486,3790,4028,4294,1,0,2,2,0,2,1,0,1,2,3862,2590,2150,6558,2126,2606,3278,4350,3894,2118,2406,2878,6118,2,3,3,3,2,3,3,3,2,7854,3894,3637,31702,5902,3710,3,3,2,1,2,2,1,2,2,1,3,1,2,2,2,1,2,1,2,2,4246,5742,3006,6022,5542,3294,3934,5398,3646,12398,2326,2502,5518,3598,8150,3126,4,4,4,4,4,4,1,1,11,4,24,24,28,8,0 days 00:09:08,1,9095.0,yes,6
468943.0,1,,7374.0,,,sub_50616,causal,,,,,,,,,,,3,,4050,3693,0,2063,2573,2557,4438,6521,2255,2007,2644,1804,2,0,1,1,1,2,1,1,1,3,2222,2444,4596,2960,3822,2287,4237,3154,2853,2272,2102,2266,3914,1,3,2,2,2,1,2,3,2,10668,2199,5417,5873,8390,4444,4,4,4,1,2,3,2,2,3,2,3,1,3,2,2,3,3,2,2,2,2246,2161,1494,5668,2610,1935,2998,3174,4354,2067,2493,1470,2149,1880,2637,2351,4,4,4,1,3,4,1,1,12,2,18,20,37,12,0 days 00:08:10,1,15406.0,yes,6
506092.0,1,,8873.10000000894,,,sub_51183,causal,,,,,,,,,,,3,,2931,3181,0,2631,3583,13512,3581,6480,32527,3115,4214,3993,1,0,1,1,0,2,3,1,0,1,3168,8671,2583,4085,4743,2055,2643,5959,3563,2487,2166,2760,2551,1,2,3,3,4,2,1,3,3,8329,3795,6797,4825,10661,11133,4,4,4,1,3,4,3,4,4,3,3,0,3,3,3,1,2,2,3,2,3277,2870,2249,2905,8353,2593,9607,3297,2969,2615,2621,2131,2993,3301,3726,3339,5,3,2,4,4,2,1,1,9,2,22,20,43,12,0 days 00:09:25,1,57913.0,yes,6
689049.0,1,,100755.29999995232,,,sub_79215,causal,,,,,,,,,,,3,,2516,3151,0,31540,5005,4402,4550,4978,4669,4894,2784,1798,2,0,1,1,0,3,1,1,1,1,7075,3902,1750,4486,12413,2422,18397,6352,3250,3103,3510,3030,4041,1,2,3,1,3,4,2,3,3,13430,3447,3449,3876,4453,5433,4,3,2,1,1,4,1,2,2,3,2,4,1,1,2,3,4,3,3,2,2681,2066,2390,3221,8623,2534,3123,2988,2446,2854,2786,1960,3382,2856,2891,8902,4,4,3,4,4,5,1,1,10,2,22,24,38,9,0 days 00:11:40,1,7713.0,yes,4
635831.0,1,,227210.39999997616,,,sub_14925,causal,,,,,,,,,,,3,,3878,3497,0,8129,4079,2830,9381,4631,3265,2799,3761,3583,1,2,3,2,0,3,2,1,1,3,2448,3382,2015,4147,2479,1996,8531,5779,3981,1999,2566,2895,7482,1,2,4,4,4,1,2,2,3,7217,3000,4996,4729,6232,2761,4,2,3,1,2,1,3,4,2,1,4,0,4,2,4,1,3,4,4,2,7235,6466,3762,5464,7164,3880,2249,3215,3549,3166,2079,3831,3014,3830,4264,7014,1,1,1,0,0,1,1,1,17,5,23,4,41,9,0 days 00:11:34,1,55306.0,yes,6
629761.0,1,,63796.30000000002,,,sub_90919,control,,,,,,,,,,,3,,3064,4962,0,6168,10644,7145,8719,9503,8516,7117,5324,3955,0,0,1,0,0,3,1,0,2,2,3095,2361,6816,8943,5461,4478,4612,12307,3956,2526,3642,5094,6439,1,2,2,2,2,3,1,1,2,6916,3101,8382,5662,4554,5405,3,2,2,1,3,2,3,3,2,2,3,2,3,3,3,2,2,3,2,2,2483,4056,3147,5206,5562,2704,2850,2873,4012,5572,2405,3810,4287,3185,3478,5628,4,3,4,1,3,4,1,1,9,1,16,19,40,7,0 days 00:14:22,1,223065.0,yes,6
444016.0,1,,6860.200000047684,,,sub_14764,control,,,,,,,,,,,3,,3638,3585,0,2868,3103,3614,3581,5654,4294,3303,3766,3380,1,0,1,1,0,1,1,1,1,3,2734,3146,2265,3286,2618,4163,2888,5240,3545,2882,3112,3388,4111,2,3,2,3,2,3,2,3,2,4760,3478,7285,5372,3699,3395,3,4,1,1,1,4,0,3,2,1,2,2,1,1,2,0,3,1,1,1,3067,3418,4142,3159,4108,4328,2648,2824,3564,3573,3527,4427,2897,3059,5738,4379,5,5,5,5,5,5,1,1,9,2,22,30,25,8,0 days 00:07:59,1,29052.0,yes,6
1516089.0,1,,83990.70000004768,,,sub_48362,causal,,,,,,,,,,,3,,5114,12028,0,8386,60139,6052,6405,7126,20449,29171,8859,12814,1,0,1,1,1,3,0,2,1,1,4338,3706,7945,5943,9204,5353,17152,8567,4150,11187,5158,3891,8374,1,3,2,2,2,2,2,3,3,115370,8069,11273,5652,4581,7216,2,2,2,1,3,2,1,2,2,4,3,0,2,3,2,0,2,3,2,3,7225,4606,6715,8736,5946,8304,5007,12290,9957,6268,4367,8141,6640,4987,18812,16185,4,4,5,4,4,4,1,1,9,2,20,25,34,6,0 days 00:26:51,1,61778.0,yes,6
922692.0,1,,32476.0,,,sub_95851,causal,,,,,,,,,,,3,,3422,3725,0,6262,4750,3926,6062,13648,4583,21934,6708,2990,1,0,1,1,0,1,1,0,1,1,3486,4167,68783,16263,3118,3637,5911,8183,3167,2391,3022,3303,3767,2,2,2,2,2,3,1,2,2,9646,3190,5654,4959,5262,4927,3,2,1,1,2,3,1,3,2,2,1,1,2,2,2,3,2,2,1,1,3983,3759,4287,4431,8255,2726,2733,4367,3735,3686,1872,3023,3047,3358,5589,6095,4,5,4,5,3,4,1,1,7,2,18,25,30,6,0 days 00:15:43,1,17581.0,yes,6
717347.0,1,,42882.29999995232,,,sub_41267,control,,,,,,,,,,,3,,2694,3681,0,18701,2481,3230,3536,4600,3679,7237,2763,6869,0,1,1,1,0,1,1,1,0,2,1758,1549,1633,1640,2177,1215,1305,2819,4606,2086,1346,1361,2513,2,3,3,3,3,3,3,3,3,2276,2590,1779,2310,1214,2262,2,2,1,1,3,3,2,2,2,2,2,1,3,2,3,3,2,3,2,2,2282,2317,1443,36984,1542,1359,1626,2011,2352,1011,2010,2925,5354,48588,1710,1626,2,4,3,3,3,4,1,1,7,2,26,19,37,5,0 days 00:12:06,1,6061.0,yes,6
389464.0,1,,28657.0,,,sub_68485,causal,,,,,,,,,,,3,,1978,2230,0,1981,1811,1595,2344,3187,1578,1727,1947,2683,2,1,1,1,1,1,2,2,2,2,1110,2827,1299,7501,3178,3928,3061,3393,1977,1743,1494,1594,3454,1,2,3,2,2,3,2,3,3,2636,1627,3479,10466,1961,1463,2,2,2,1,2,2,2,2,2,1,2,1,2,2,2,2,1,2,2,2,2694,1527,1911,1777,1025,1747,1926,2558,2020,2177,1393,1480,1694,1493,2077,1277,3,3,2,4,3,4,1,1,13,2,21,19,29,6,0 days 00:06:38,1,6901.0,yes,5
542369.0,1,,4746.0,,,sub_38488,causal,,,,,,,,,,,3,,2967,3715,0,5065,4515,3553,5173,8541,3753,2855,4276,3001,0,0,0,1,0,1,0,0,1,1,2717,3271,4097,7522,3617,3095,4075,6756,3233,2285,17913,3523,6076,2,1,1,2,2,2,1,1,2,7643,4643,4531,5134,18397,2797,2,3,2,1,0,1,0,0,0,0,1,0,0,0,0,0,1,0,2,1,2973,4659,4113,4006,6314,3217,4289,3247,6600,4825,2519,2677,2883,3033,3381,3877,5,6,5,5,6,6,1,1,4,1,14,33,6,7,0 days 00:09:22,1,18333.0,yes,6
673491.0,1,,13709.5,,,sub_40757,control,,,,,,,,,,,2,,4653,3346,0,5614,3596,3496,6012,6388,5199,4828,6888,4887,2,0,0,1,0,1,0,0,0,1,2558,3485,3437,3037,3285,2198,3661,10155,3606,3606,4044,3285,5070,2,1,2,2,2,2,2,2,2,6563,6500,4613,6085,6699,3021,3,3,1,1,1,4,2,1,2,3,2,0,1,1,2,3,3,1,1,2,3693,4584,2846,5756,7450,4101,3846,3318,4101,5234,3228,3023,4228,3702,8441,5955,4,4,4,5,4,4,1,1,5,1,17,25,29,7,0 days 00:11:24,1,8067.0,yes,6
494093.0,1,,32925.200000000186,,,sub_10160,control,,,,,,,,,,,3,,4746,3832,0,3880,2230,2210,4091,5148,3945,2451,2581,2607,0,0,1,1,0,2,1,1,1,1,2070,2121,1386,1959,4009,3127,1825,2630,1464,2044,4047,2469,4352,2,3,2,2,2,2,1,3,3,3515,3154,5716,4484,5831,3112,2,1,1,1,2,2,0,1,1,1,2,0,1,1,2,1,1,1,2,2,3555,3008,1991,2692,5062,2242,1895,3191,2826,2923,5852,3365,2922,17337,4113,3628,3,3,2,4,4,4,1,1,7,2,20,20,20,4,0 days 00:08:24,1,6912.0,not_sure,6
824346.0,1,,27696.69999992847,,,sub_28170,control,,,,,,,,,,,3,,3944,4432,0,4300,3140,4776,4132,10410,3686,5574,4374,7258,2,0,1,1,0,1,1,0,1,1,2054,2134,1425,5071,5615,2577,2573,4562,1601,2738,2854,2916,4315,3,3,3,2,2,3,2,3,2,2730,2270,2718,2162,3720,5357,2,2,1,1,0,2,0,2,2,2,3,0,3,0,2,2,2,0,1,1,3314,8174,3100,3391,3648,3487,9198,4063,14568,2516,31146,2610,31888,15230,15740,16478,3,1,5,5,1,3,1,1,8,2,23,18,22,5,0 days 00:14:42,1,55290.0,yes,4
650260.0,1,,15541.400000002235,,,sub_29308,control,,,,,,,,,,,3,,2973,3709,0,4616,6514,5311,3921,6626,7358,4065,13504,3227,1,0,1,1,0,0,1,1,1,1,8204,2408,3680,2796,2366,3634,7651,8422,2608,3717,3748,2841,5739,2,3,3,3,3,2,2,2,2,6747,9199,4805,4477,4650,8188,4,4,3,1,2,2,1,3,1,2,3,1,2,1,2,1,2,2,2,1,7056,3537,2668,10706,5225,3244,5981,6197,6294,4680,2885,2961,4615,5927,8498,6500,3,4,3,2,2,3,1,1,6,2,22,17,28,11,0 days 00:11:13,1,20124.0,yes,6
379924.0,1,,5352.69999999553,,,sub_27713,causal,,,,,,,,,,,3,,3692,3604,0,3053,6354,3017,3931,6632,3453,3232,3910,2929,2,0,2,1,0,2,1,1,2,3,2359,3055,2316,3317,3904,3373,3544,7211,2958,2646,4977,2679,4713,2,2,2,2,2,2,2,2,2,4987,2954,5498,4729,4820,7013,0,3,0,1,0,1,0,1,0,1,2,1,1,0,2,0,1,1,2,1,3182,3363,4991,3752,3795,2567,2489,2895,6015,3134,3305,2958,4629,2798,3473,3319,5,5,5,5,5,5,1,1,13,3,18,30,14,3,0 days 00:06:50,1,26206.0,yes,4
924526.0,1,,20328.10000038147,,,sub_10692,causal,,,,,,,,,,,3,,6561,5741,0,4866,5238,5490,14189,6802,11350,6528,9341,4400,0,0,0,1,0,1,2,0,0,1,5297,5111,5413,7378,5950,5441,8894,12704,5691,4538,8351,4295,5220,1,2,3,3,2,2,1,3,2,10440,12386,9690,17722,17489,6562,2,4,3,1,1,1,1,1,1,2,1,0,2,0,2,1,1,1,2,0,5092,10487,10576,7453,16789,6531,13398,10858,5665,12741,12655,9565,12502,7837,10004,14777,4,5,4,4,3,4,1,1,5,1,19,24,17,9,,1,136229.0,yes,6
620666.0,1,,3409.60000000149,,,sub_45057,causal,,,,,,,,,,,3,,3065,3379,0,6664,6948,3281,7298,7164,6131,5731,9099,5196,3,0,1,1,1,2,0,1,3,3,4781,3714,2713,3349,3198,6681,5346,7531,3648,2848,4313,3865,6698,3,2,1,3,1,1,1,1,2,5050,4230,8914,4532,4647,4565,1,3,2,1,0,1,0,1,2,1,3,0,1,1,1,0,2,0,1,1,16148,5230,10431,7347,10814,3181,6017,3715,4432,6365,3847,5297,5948,3198,9581,4715,6,6,5,6,5,5,1,1,14,2,15,33,15,6,0 days 00:10:42,1,19889.0,yes,6
388079.0,1,,6452.5,,,sub_45872,causal,,,,,,,,,,,3,,3631,4099,0,4787,5657,4585,4612,3286,3843,4578,1878,4031,1,0,0,0,0,1,0,0,0,1,2301,1910,2096,4325,1840,2600,1796,5959,2152,2192,3277,1731,5355,2,2,4,3,3,3,3,3,3,3853,39909,1969,35635,3811,4364,3,2,2,1,2,3,2,3,2,3,2,3,2,3,2,3,2,3,3,3,3308,2141,1845,2315,2634,2195,2319,2108,2450,2426,1644,1943,3602,2243,3625,2268,4,4,4,4,5,2,1,1,3,0,26,23,41,7,0 days 00:06:49,1,15164.0,yes,2
696162.0,1,,11181.400000095367,,,sub_58565,control,,,,,,,,,,,3,,3964,5434,0,4714,7011,4350,6696,6730,3763,4633,6868,4543,2,0,1,1,0,1,2,1,0,1,4016,3772,5119,4158,3843,3600,4197,10056,4472,7244,3732,8296,7040,1,2,3,3,2,1,1,2,2,8396,20598,3771,5503,7323,12401,1,0,1,1,1,4,2,1,2,2,2,0,2,1,0,1,3,0,2,1,3479,3176,4359,5381,8315,4339,5705,8761,6576,4087,9368,6847,3216,5745,4935,6201,4,4,2,4,4,4,1,1,8,2,17,22,24,2,,1,42427.0,yes,6
500758.0,1,,12207.200000047684,,,sub_66391,causal,,,,,,,,,,,3,,4798,5215,0,6515,11681,4981,4814,14199,4848,5498,5430,3114,0,0,1,1,0,1,1,1,0,1,5648,3615,2864,6783,3365,2748,3831,6615,4449,2715,3565,3132,5399,3,3,3,3,3,3,2,3,3,6550,4381,6350,5349,5134,5231,4,3,4,1,0,1,0,1,1,0,2,0,1,0,2,0,1,0,1,1,3499,4332,3047,6931,6482,4315,4451,6581,8832,5050,3230,3964,4831,3632,6149,3815,6,6,6,5,5,5,1,1,5,2,26,33,11,11,0 days 00:10:27,1,119694.0,yes,6
780069.0,1,,14701.800000190737,,,sub_52936,causal,,,,,,,,,,,3,,3955,5908,0,5118,9964,6526,4915,5897,7251,5203,4651,3294,2,0,1,1,0,1,0,1,1,3,3154,3267,2837,4921,4541,4942,13183,12782,5034,4090,5020,3882,5955,1,2,1,2,2,2,2,2,2,8116,8130,5686,10512,12900,8585,2,2,1,1,1,1,1,2,1,1,2,0,1,2,1,1,2,1,2,1,7198,6217,4631,8664,19149,4182,6253,5479,4512,4780,4337,4013,4393,5543,5048,6402,4,4,4,5,3,4,1,1,9,2,16,24,20,5,,1,78506.0,yes,5
595647.0,1,,19246.10000000056,,,sub_93166,control,,,,,,,,,,,3,,4114,4664,0,5831,3647,4314,4048,5668,4181,3765,6145,3080,0,0,1,1,0,1,0,1,0,1,2734,3064,2747,3482,2932,2814,7332,5399,2780,4096,3864,3948,5632,1,2,3,2,3,2,2,2,2,5582,3331,3514,4848,4365,27264,0,0,0,1,0,0,0,1,0,0,1,0,1,0,0,0,0,0,0,0,3248,3847,2414,19232,4482,2881,6748,5698,5998,2931,2647,3014,14865,4731,16565,5164,5,5,5,5,5,5,1,1,4,2,19,30,3,0,0 days 00:10:12,1,13905.0,yes,6
605446.0,1,,10036.60000000894,,,sub_56895,control,,,,,,,,,,,3,,3814,3521,0,4904,3478,3460,4617,7122,6282,3461,4467,3507,0,0,1,1,0,3,0,0,1,1,3285,3275,2348,4066,4099,3470,16336,14596,3555,2815,3721,3663,5561,2,1,2,2,3,2,1,2,2,6363,5688,11435,5060,3174,3074,1,4,0,1,1,4,1,1,2,0,0,0,0,1,2,0,2,0,0,1,5961,3795,5123,6532,4379,4266,8597,4840,11219,4022,4187,6702,6309,3667,4034,5716,6,6,6,6,5,5,1,1,7,2,17,34,15,5,0 days 00:10:54,1,40576.0,yes,6
527346.0,1,,11044.09999999404,,,sub_78535,control,,,,,,,,,,,3,,3392,5494,0,2982,4187,3141,3689,4640,3517,3061,3821,3560,1,0,1,1,0,1,1,0,2,1,2727,2810,4420,3535,3418,4297,3231,4727,3514,3834,3349,3908,3111,1,2,2,1,3,1,2,2,2,6131,3267,3203,3796,3950,3562,2,4,3,1,1,0,0,2,2,1,3,2,3,1,4,0,1,1,3,2,2762,4560,2351,5068,9207,12634,2457,3163,3068,3468,2810,3948,7068,3361,4441,4431,4,4,4,2,4,4,1,1,8,2,16,22,26,9,0 days 00:10:17,1,86167.0,yes,6
540003.0,1,,15299.599999904633,,,sub_16185,causal,,,,,,,,,,,3,,3159,3522,0,3765,3929,3484,4696,8766,3280,4912,3578,2826,1,0,0,0,0,1,0,1,1,1,2288,3643,3920,3554,2907,4912,5186,5724,2578,2461,3060,2966,4686,1,2,3,2,3,2,3,3,2,5382,4904,3853,4523,4599,2979,3,3,1,1,1,2,2,2,1,1,1,0,2,0,2,2,1,1,2,0,3899,3876,2883,3994,5239,3816,3620,4570,4116,3396,2389,2646,6360,3390,5178,9684,5,5,5,5,4,5,1,1,4,0,21,29,20,7,0 days 00:09:41,1,37167.0,yes,6
555385.0,1,,9276.0,,,sub_29295,causal,,,,,,,,,,,3,,4490,4627,0,6447,5170,8559,9744,10697,5185,6323,5363,3785,0,0,1,1,0,1,1,1,2,2,3323,3630,2082,10477,2657,2879,4460,7779,3578,4190,5333,2675,4770,2,3,2,3,3,2,1,3,2,7791,3967,5183,6507,4448,5567,4,4,4,1,1,4,0,3,1,2,3,0,3,2,2,0,2,3,3,3,3939,4946,4584,6937,5699,4417,3867,3824,5445,3728,4444,6855,8014,3147,4701,7542,3,3,2,2,3,1,1,1,8,2,21,14,32,12,0 days 00:09:28,1,9182.0,yes,6
572026.0,1,,288312.5,,,sub_24053,causal,,,,,,,,,,,3,,2752,3008,0,3071,2887,2375,4902,4359,4567,2991,3335,2063,2,1,2,1,0,2,2,1,0,1,1567,2351,1895,2567,1591,1631,2111,3288,1879,1615,2551,2351,5991,2,2,3,3,2,2,1,3,3,15047,3399,3287,3007,6535,3279,2,1,1,1,2,2,2,3,1,2,3,1,3,3,3,2,2,2,2,2,1887,2624,16415,4135,2935,2111,4536,6719,132408,2616,3110,4296,2087,1935,3631,9191,4,3,4,3,2,3,1,1,11,3,21,19,35,4,0 days 00:09:44,1,10626.0,yes,6
398007.0,1,,10388.60000000894,,,sub_71869,control,,,,,,,,,,,3,,1213,4761,3,3035,2710,3007,3843,4936,4617,3863,2460,3273,2,1,1,1,2,1,2,1,1,2,1699,1818,7887,3294,2185,2210,12741,1660,4335,1937,1408,2231,2828,3,2,3,3,3,2,2,3,2,2025,2209,2232,2010,6145,1987,3,3,3,1,3,1,2,3,2,1,1,2,1,1,1,3,1,2,2,2,1714,2120,989,1423,1755,988,3806,1031,4711,1322,2297,1565,2541,990,1397,1423,3,4,3,4,2,2,1,0,13,2,23,18,28,9,,1,7917.0,yes,6
1444035.0,1,,9274.899999976158,,,sub_58651,causal,,,,,,,,,,,3,,3214,4650,0,4245,2866,3059,4617,3749,3232,2354,3691,2102,1,0,1,0,0,1,1,1,1,1,1946,2612,2235,3283,2017,2569,2743,5424,2143,1468,4362,2828,3572,2,2,3,2,3,2,2,3,2,2986,3216,7818,2734,3266,2951,2,2,2,1,0,2,0,0,1,1,2,0,2,0,1,0,1,0,1,2,2797,2705,2029,2851,2813,2206,2106,2974,3039,3158,2932,2880,2869,2924,2947,3013,4,4,5,4,3,4,1,1,6,1,21,24,13,6,0 days 00:24:34,1,27656.0,yes,5
805818.0,1,,16719.0,,,sub_89054,causal,,,,,,,,,,,3,,3812,4856,0,10090,4842,4289,8438,15152,7922,4604,8505,4291,1,0,2,1,0,0,3,1,0,2,3527,3056,3406,7000,4292,4673,4004,12506,11240,3873,6242,4387,7451,3,4,3,2,3,2,2,2,2,17251,7089,6208,8178,7274,11960,3,4,3,1,2,1,1,3,1,1,4,2,1,0,2,0,2,0,0,0,3555,6444,3393,5273,15060,3508,4306,3924,9218,5239,6605,5561,6556,5091,6358,4806,4,2,5,0,3,2,1,1,9,3,23,16,20,10,0 days 00:14:04,1,27046.0,yes,6
656945.0,1,,9075.899999976158,,,sub_53332,causal,,,,,,,,,,,3,,4097,9778,0,5211,5126,4326,7895,8340,4792,6262,4862,4096,3,0,1,0,0,2,1,0,0,3,3066,3654,2839,7732,3046,3344,4521,6607,3953,4033,4390,6202,5928,2,2,2,1,3,2,1,2,1,8210,3983,5347,7529,5318,7167,1,1,2,1,4,2,2,3,0,1,3,0,1,4,3,2,0,3,0,3,4559,5437,3856,6470,7612,12796,4199,4350,5706,5585,3876,3925,7048,4318,7759,5197,1,1,1,1,1,1,1,1,10,1,16,6,31,4,0 days 00:11:18,1,17381.0,yes,5
552157.0,1,,7596.399999976158,,,sub_19330,control,,,,,,,,,,,3,,3038,3063,0,4190,2522,2961,3728,4360,4204,4108,4840,2742,1,0,0,0,0,1,0,1,1,1,3892,2107,1740,3401,4138,4087,2343,4995,2198,2831,2361,2324,2931,2,3,3,2,4,4,3,3,2,4747,3314,4096,4863,3474,2414,1,2,1,1,0,0,0,1,0,1,1,0,1,0,1,0,0,0,0,0,2433,2803,1555,4064,3169,3217,3224,2514,4195,2815,2680,1636,2986,3434,3396,2872,4,5,5,6,5,5,1,1,4,0,26,30,5,4,0 days 00:10:03,1,48371.0,yes,5
522762.0,1,,11457.300000071526,,,sub_53596,control,,,,,,,,,,,3,,3423,4195,0,10208,10220,2736,4331,5052,2715,3324,7144,2553,1,0,1,1,0,1,1,2,1,1,1490,3123,2222,3659,2134,1964,8296,14996,1991,2237,3093,2951,4998,1,2,3,1,3,2,2,3,2,16563,4105,3729,4750,4152,2454,2,1,2,1,1,2,0,1,2,1,2,1,2,1,2,1,2,1,2,1,2042,4350,3872,2879,15677,2043,1754,2403,2557,4133,2250,2034,2524,1794,5733,6852,5,5,5,5,5,5,1,1,7,2,19,30,22,5,0 days 00:09:00,1,13693.0,yes,6
828855.0,1,,19159.70000000298,,,sub_47585,causal,,,,,,,,,,,3,,5010,5810,0,5861,4444,4153,8771,6850,5386,6327,4938,4411,0,0,1,1,0,1,0,0,0,1,4527,3794,5863,10197,7953,5587,5545,8406,5838,3538,4770,5793,7533,1,2,2,1,3,2,1,2,2,9823,5820,6793,7221,5014,6879,1,3,1,1,1,3,1,2,2,3,1,2,1,1,3,0,2,1,1,1,4545,4795,4072,14230,9230,4481,4188,5635,4907,21159,7277,5035,5095,4018,9001,5904,4,5,6,5,5,4,1,1,4,2,16,29,25,5,0 days 00:14:23,1,28974.0,yes,6
1219939.0,1,,17124.399999999965,,,sub_73602,causal,,,,,,,,,,,3,,6453,27679,0,7090,6053,12761,18813,12231,10459,5344,7804,26851,0,0,1,0,0,0,1,0,1,0,6005,5055,13569,6648,8917,18012,9174,14388,8485,24201,8138,8623,15995,2,2,3,1,4,1,1,2,1,12573,10302,17828,12547,9991,17862,2,0,0,1,0,0,0,2,0,0,0,0,2,0,0,0,0,0,0,0,11397,9215,4584,14294,7626,4751,6184,10409,8680,5868,35382,3953,12144,6271,7564,7316,5,5,4,5,5,4,1,1,3,1,17,28,4,2,0 days 00:20:42,1,16676.0,yes,5
921828.0,1,,5668.600000023842,,,sub_11214,causal,,,,,,,,,,,3,,5430,9100,0,6947,8042,7130,11382,7989,14359,10084,10632,6905,2,0,1,1,0,1,0,0,1,1,5430,4751,5297,6329,8170,8215,8286,12700,6059,5192,7239,6935,15355,1,1,3,3,3,1,2,2,3,16527,7409,13527,11710,9795,7843,3,2,3,1,1,2,2,3,0,2,2,3,1,3,3,2,1,2,0,1,9526,6752,5664,11909,18435,5943,9712,4920,8652,9015,5802,3959,7351,6122,9217,7862,0,4,0,0,0,0,1,1,7,2,19,4,28,8,0 days 00:15:57,1,33069.0,yes,5
838669.0,1,,10183.399999976158,,,sub_48573,control,,,,,,,,,,,3,,4871,5087,0,4981,3995,4567,6255,7994,5647,4761,4516,4485,2,2,1,1,0,1,3,1,2,1,4459,4095,2807,2987,2931,3123,4355,7083,7807,2077,3995,3395,4937,1,1,3,2,3,2,2,2,2,10487,5335,5443,7749,7457,4009,3,4,3,1,2,3,3,3,1,3,2,0,2,2,1,3,2,2,2,2,3257,3797,2559,4625,6909,4365,4003,38323,4071,5097,3767,3309,4641,3639,5069,5567,2,3,3,4,4,3,1,1,13,2,18,19,33,10,0 days 00:14:49,1,47494.0,yes,5
640206.0,1,,4362.600000023842,,,sub_82689,causal,,,,,,,,,,,3,,7359,6330,0,8881,8595,6790,9810,9019,6727,7728,6208,16169,0,0,0,1,0,1,0,0,1,1,2992,5931,5436,8126,4405,3137,20713,13914,12273,5134,5711,4942,9191,2,2,3,2,3,2,2,2,2,9160,5254,7667,8616,6340,9109,2,2,1,1,1,1,0,1,1,0,1,1,1,1,2,0,1,0,2,1,5861,5308,5524,8302,15001,5847,5952,4668,6895,5475,4612,3518,8201,5011,10738,4232,5,5,5,6,5,5,1,1,4,1,20,31,14,5,0 days 00:11:17,1,33710.0,yes,6
700010.0,1,,18184.399999999907,,,sub_52320,causal,,,,,,,,,,,3,,4165,3969,0,5990,6557,3747,7966,6986,4046,3978,4937,4006,0,0,0,1,0,3,0,0,0,1,4816,3076,3183,7332,3543,11822,4577,6250,3751,4478,4788,6285,9221,1,2,2,2,2,1,1,2,1,6197,8502,12805,12827,9666,4243,0,3,1,1,0,0,0,1,1,0,1,0,0,0,0,0,1,0,0,0,10160,6248,3379,7170,13105,2981,4769,3363,7103,4282,4746,17010,8749,2778,6914,10227,4,5,5,6,5,5,1,1,5,1,14,30,4,4,0 days 00:12:14,1,29899.0,yes,6
455777.0,1,,4549.5,,,sub_66536,causal,,,,,,,,,,,3,,2862,3119,0,3203,3672,3578,17570,5317,4795,2938,2724,3691,1,0,1,1,0,0,1,1,2,2,5272,3422,2257,9362,3848,3026,6598,3706,2679,2133,3386,2292,3407,2,3,3,3,3,2,2,3,3,12687,3666,4529,5196,5346,4779,2,3,3,1,1,0,0,1,0,0,2,1,2,1,1,0,0,0,1,1,3590,2814,3032,5306,10456,4183,3918,6251,6154,2822,3037,3277,6148,2638,4435,4136,4,4,2,3,4,2,1,1,8,2,24,19,11,8,,1,37803.0,yes,5
624937.0,1,,3203.8000000044703,,,sub_80172,control,,,,,,,,,,,3,,3831,3830,0,6564,5165,3215,7381,6665,4064,4681,5730,3198,0,0,1,1,0,1,0,1,0,1,2348,3847,3414,4898,2713,4365,4031,9016,2482,2298,3631,3514,6149,2,2,2,2,2,2,1,2,2,5231,5430,5532,5832,12849,4865,2,2,2,1,1,0,0,0,0,0,2,1,1,0,1,0,0,0,0,0,4679,4898,4514,6399,5749,4315,6215,4464,5030,4948,4264,4564,8181,4447,5482,4097,3,4,4,4,3,4,1,1,4,2,17,22,6,6,0 days 00:10:50,1,22115.0,yes,6
1127652.0,1,,39863.5,,,sub_45407,control,,,,,,,,,,,3,,5915,9231,0,10142,22603,7695,7658,8214,11552,6947,8997,6445,1,0,0,1,0,0,0,0,0,3,8369,21336,8361,9936,4321,8088,7869,11211,5093,9323,6592,6656,11063,2,3,2,3,4,2,2,2,2,9414,5515,7466,8912,12597,7864,2,3,2,1,2,2,2,0,0,2,1,1,0,2,1,2,2,0,0,1,14501,11160,7840,11764,8490,7243,10440,7243,7914,6529,8526,16575,7361,8352,8701,13155,1,1,1,1,1,1,1,1,5,1,22,6,18,7,0 days 00:19:32,1,34989.0,yes,6
525986.0,1,,4806.0,,,sub_67219,causal,,,,,,,,,,,3,,2711,3495,0,2430,7142,2656,4511,5520,4230,3831,7469,3774,0,0,1,1,0,0,1,1,0,1,2335,14855,1887,4463,3743,4254,3879,6647,5703,2231,4199,6150,5343,1,2,2,2,2,2,2,1,1,11767,19807,6591,4102,5815,5135,1,1,1,1,1,0,0,0,1,0,2,0,1,1,2,0,0,1,1,0,2463,25343,5136,4895,5079,2990,4759,3823,5895,3614,8030,3631,6303,5599,9215,6422,5,4,5,4,2,3,1,1,4,2,15,23,10,3,,1,14111.0,yes,6
688160.0,1,,3966.0,,,sub_17867,control,,,,,,,,,,,3,,4082,5367,0,4447,2884,6639,9222,7663,4002,3736,4708,2669,1,0,1,1,0,1,0,0,1,2,5764,2757,1961,5708,2756,2944,3575,8680,5983,2362,6346,4674,6621,2,1,2,2,1,2,2,2,1,7436,5076,6867,6922,4964,8796,1,1,1,1,1,1,1,2,0,1,2,0,0,0,1,0,0,1,0,1,5172,3300,5145,10330,9857,2647,4754,2832,7119,5008,2847,2031,5462,4766,4456,5304,4,4,4,5,4,4,1,1,7,2,15,25,11,3,0 days 00:12:24,1,39641.0,yes,6
863712.0,1,,73698.0,,,sub_52453,control,,,,,,,,,,,3,,6681,7798,0,5414,17215,5597,8664,8465,7665,4832,5714,4465,1,0,2,1,0,1,3,1,0,1,5648,5831,4448,7265,9049,5166,7048,14699,4432,4830,5582,4764,6331,2,3,4,3,3,3,1,3,4,10714,7115,6066,7113,11082,14649,3,4,3,1,2,4,0,2,4,2,2,0,4,4,4,1,4,1,4,2,4698,4699,4213,9066,5049,5315,7732,4614,4415,6682,4798,7464,7081,9230,4815,18814,1,2,1,5,1,1,1,1,9,3,26,11,40,10,0 days 00:17:38,1,168185.0,yes,6
635596.0,1,,7930.000000000001,,,sub_20650,control,,,,,,,,,,,3,,4311,5628,0,6678,6546,5362,5898,6832,4397,4762,5446,5929,1,0,1,1,0,2,1,1,1,2,3614,5427,4412,3933,9882,5079,4912,6964,6761,3043,3195,3112,4616,2,2,2,2,3,2,2,2,2,5616,4330,7261,6730,5529,17697,3,3,3,1,1,2,1,1,1,1,1,1,1,1,1,2,1,1,1,1,3446,3477,3946,4212,7865,3078,3982,3413,6947,4060,2713,13929,5212,4479,4846,4877,4,5,4,5,5,5,1,1,9,2,19,28,18,9,0 days 00:11:04,1,20600.0,not_sure,6
467157.0,1,,10536.0,,,sub_46404,control,,,,,,,,,,,3,,3453,3418,0,3774,2851,3504,4595,5181,5258,5318,3439,3647,2,1,1,1,0,2,1,1,1,3,3741,3481,2649,3823,4238,3906,4036,4274,3241,2776,2921,3171,4898,3,3,3,3,2,3,2,3,3,15622,10155,4413,4573,6738,4430,2,2,2,1,2,1,3,2,2,2,3,2,2,1,2,2,1,2,2,1,3337,4585,4329,3263,3798,2915,5991,4558,4806,3599,2856,5843,4126,3699,3191,4215,2,3,5,3,2,4,1,1,12,2,25,19,30,6,0 days 00:08:23,1,29653.0,yes,6
576075.0,1,,107075.19999980928,,,sub_22068,control,,,,,,,,,,,3,,3425,4014,0,7675,6106,3129,4162,5751,4714,2540,3321,3423,1,0,1,1,1,1,0,1,2,1,1829,2854,2515,4820,2591,2486,3784,4314,2588,2692,2050,2487,3877,3,3,3,3,1,2,2,3,2,6005,2818,2517,5633,5249,2225,3,3,4,1,1,3,1,2,1,1,3,0,1,1,2,1,1,1,2,1,3079,2447,2614,2805,3381,2156,2200,4288,2212,2296,1622,1566,2294,2377,2752,2956,3,3,3,2,3,3,1,1,8,2,22,17,22,10,,1,16179.0,yes,5
590498.0,1,,4094.200000047684,,,sub_30764,causal,,,,,,,,,,,3,,5916,3819,0,5076,5301,3485,5621,8519,4891,6380,3397,3138,1,0,1,1,0,2,0,0,0,2,1798,3371,2140,3420,3182,3020,2508,4428,2212,2708,3364,2564,4908,1,1,4,3,3,2,2,1,1,5644,6429,4019,5021,4235,6605,3,4,3,1,0,0,1,1,1,0,0,0,0,0,2,0,0,0,1,2,2781,4372,12502,10605,9348,3773,3437,4429,6572,3381,3342,3346,6309,3515,4277,5397,5,4,5,6,5,5,1,1,7,2,18,30,8,10,0 days 00:10:15,1,17218.0,yes,6
506788.0,1,,7363.0999999996275,,,sub_19598,causal,,,,,,,,,,,3,,4263,6935,0,5319,3104,4871,7559,7447,3886,7023,5175,4055,1,0,0,0,0,0,1,1,1,1,3855,4151,2247,4855,7040,3231,3807,6455,3422,6815,4695,4455,4455,3,3,3,2,3,3,3,3,3,6074,4871,3687,5231,4135,4583,4,3,3,1,2,2,1,1,2,1,3,1,1,2,1,1,2,1,3,3,3775,3015,2727,4935,4542,4943,5151,3607,8703,3287,4415,3319,4375,3279,4007,3903,4,5,4,5,4,4,1,1,4,0,26,26,27,10,0 days 00:08:54,1,25025.0,yes,6
1440474.0,1,,13481.400000095367,,,sub_76471,causal,,,,,,,,,,,3,,11139,7225,0,7562,4670,7779,9298,22470,209497,5230,5578,5740,1,0,1,1,0,1,1,0,1,1,2843,5956,10640,12555,5461,7001,4856,47489,2551,3407,5940,5964,4564,3,2,3,2,3,2,2,3,2,112376,15892,9335,21340,6885,33471,0,1,2,1,0,0,0,0,2,1,0,0,1,0,1,0,0,0,0,2,6706,18951,4800,6928,9325,6044,10177,57436,7455,3988,5953,35877,24284,7266,13247,15660,1,4,3,5,6,1,1,1,7,2,22,20,7,3,0 days 00:24:29,1,22478.0,yes,6
954017.0,1,,3247.699999809265,,,sub_20105,control,,,,,,,,,,,3,,3594,2729,0,2099,3378,2403,2823,5680,5617,2222,3580,1890,0,0,2,0,0,0,1,0,1,1,1834,2663,2505,4252,2037,2436,4045,2943,1798,2133,2042,2534,4858,2,3,3,2,3,2,2,2,2,42308,22345,4171,4489,24903,31896,3,1,2,1,0,2,0,3,2,1,3,0,2,0,2,2,1,0,0,1,2640,2648,2804,5113,15900,1976,2959,2893,2719,4157,3048,6918,2193,2771,4247,2764,4,5,4,4,4,4,1,1,5,2,21,25,19,6,0 days 00:16:32,1,15295.0,yes,6
385670.0,1,,8332.69999999972,,,sub_68093,causal,,,,,,,,,,,3,,4165,2963,0,3298,3031,2450,2717,10799,4014,1932,3612,4448,0,0,0,0,0,0,0,0,0,0,1230,2414,1598,2765,3315,1797,2199,3232,1731,1282,6598,2882,2949,1,2,2,2,2,3,2,2,2,2832,5149,2915,7414,21264,2965,2,1,2,1,3,2,2,2,1,2,1,2,1,3,1,2,1,2,2,1,1965,2748,1548,1782,2981,2599,2132,2048,2932,3531,1381,1715,2731,1732,2532,35715,4,4,4,3,3,4,1,1,0,0,18,22,28,5,0 days 00:06:56,1,28336.0,yes,6
665151.0,1,,10996.900000035765,,,sub_34902,control,,,,,,,,,,,3,,4739,2998,0,5728,4120,2573,4878,5285,4028,2644,4430,2892,0,1,2,1,0,1,3,1,1,2,2060,8934,2543,2880,3031,2010,2987,13666,6792,2208,2767,3703,2845,2,1,2,1,3,1,2,2,3,4312,7427,12991,3740,6683,5629,2,1,2,1,1,2,3,1,0,1,1,0,2,2,1,2,2,1,2,1,4411,6717,2505,10159,6855,3579,3201,3660,4327,4351,3929,4415,2118,3181,3914,3393,1,1,0,2,1,2,1,1,11,3,17,7,22,5,0 days 00:11:43,1,33583.0,yes,6
643801.0,1,,20860.099999904633,,,sub_28384,causal,,,,,,,,,,,3,,3749,4484,0,3790,4818,6455,4587,5579,6203,3727,6565,5170,1,0,0,0,0,1,0,0,0,1,3328,3290,3638,6123,5059,3404,7073,3979,4756,3052,3367,3489,4512,3,3,3,3,2,3,2,4,2,6530,5117,6775,7019,6336,7327,4,4,3,1,3,1,1,3,3,2,3,1,2,2,3,1,2,3,2,2,34400,6152,3756,3847,4669,2543,2504,5477,4322,3667,2820,4387,12669,2888,3607,4027,3,3,2,4,2,3,1,1,3,0,25,17,34,11,0 days 00:11:28,1,41925.0,not_sure,6
403861.0,1,,13974.0,,,sub_58419,causal,,,,,,,,,,,3,,2630,4167,0,4431,3315,3447,4564,4380,6482,2966,3631,3530,1,0,2,1,0,3,3,1,2,3,2880,3897,3995,2536,2447,2235,2418,3814,2710,2360,6482,2615,4000,2,2,3,3,3,2,1,1,3,5615,5083,3082,4132,4886,2527,4,4,4,1,2,3,2,1,2,2,2,0,3,2,2,2,3,0,2,2,4129,2415,2298,4097,3027,2797,2730,4581,3733,2934,2231,2279,2699,4531,3234,3048,4,3,4,4,3,3,1,1,15,3,20,21,30,12,0 days 00:07:33,1,46919.0,yes,5
346471.0,1,,13301.0,,,sub_64447,causal,,,,,,,,,,,3,,2888,4083,0,3537,3064,3378,6301,6198,4209,4068,3929,2872,1,0,1,1,0,2,0,0,0,1,3666,3130,2495,5071,5653,4787,3292,6085,4010,3273,4858,2819,4077,1,2,2,2,3,1,1,1,2,4068,5709,2641,3498,3515,10827,1,2,1,1,1,0,0,0,0,0,2,0,1,1,2,0,0,0,0,0,3393,3226,2825,5446,3443,2490,3906,2793,4260,3330,2609,2528,4587,4058,3828,5211,4,4,5,5,4,3,1,1,6,2,15,25,7,4,0 days 00:06:03,1,13638.0,yes,6
471680.0,1,,7203.800000000745,,,sub_78696,causal,,,,,,,,,,,3,,3574,3854,0,2517,3612,3615,8161,9054,4109,2840,3432,3555,0,0,0,1,0,0,0,0,0,1,2087,2819,2964,7214,2807,2463,5136,9772,2779,3220,2643,2894,9678,1,1,3,2,3,2,2,2,1,9968,4270,5540,4226,10628,3300,2,2,1,1,0,1,0,0,1,0,1,0,0,0,1,0,2,0,0,1,1566,2773,3241,1908,4982,3565,3098,3484,6719,2031,1929,8643,3657,2175,3321,2383,4,5,5,5,4,4,1,1,2,1,17,27,7,5,0 days 00:08:07,1,13046.0,yes,1
935587.0,1,,30118.0,,,sub_75561,control,,,,,,,,,,,3,,27827,6317,0,17860,9818,5164,7681,9945,7872,5445,7715,8164,1,0,1,1,0,1,1,0,1,3,4705,4124,1629,4635,3113,3581,7021,6946,5313,2204,8336,3500,5202,2,2,2,2,3,3,2,2,2,9881,34839,27944,16707,30047,4481,2,3,1,1,2,2,1,2,1,2,2,0,2,2,2,1,1,1,3,1,58230,3049,3255,5226,21382,8968,8388,10957,7339,9498,6660,2780,6022,4596,7308,11907,4,4,4,4,4,4,1,1,9,2,20,24,25,6,0 days 00:16:08,1,30397.0,yes,6
668078.0,1,,24417.700000047684,,,sub_76739,causal,,,,,,,,,,,3,,25272,3643,2,6331,9326,7534,19335,8664,2413,19188,6631,7975,1,1,1,1,1,1,1,0,1,1,6629,3596,25203,11610,6780,16796,5467,3893,8439,12860,1618,2175,2618,1,2,2,2,1,2,2,2,2,10305,2938,3289,1403,21603,4564,1,1,1,1,0,1,1,1,1,0,0,0,0,1,1,1,1,0,1,1,1876,4405,1632,1991,5816,2350,2724,2319,8252,2013,2932,3297,2083,6443,2883,4473,4,4,4,4,2,2,1,0,9,2,16,20,10,3,,1,8444.0,yes,5
635709.0,1,,14724.90000000596,,,sub_45795,causal,,,,,,,,,,,3,,4873,4877,0,8126,9914,5174,7394,5206,9844,8812,5416,6663,0,0,1,1,0,1,1,0,1,1,5214,3533,2827,8208,5091,4551,5054,7469,6264,5738,3776,3149,5787,2,2,4,2,3,2,2,4,2,9026,5855,6154,6215,7822,5729,3,3,1,1,3,2,2,3,1,2,4,2,3,2,2,1,1,0,2,2,3782,6236,6054,6222,9272,10821,4938,22225,3642,4583,5427,5198,6274,8597,6927,8400,5,5,5,6,5,6,1,1,6,2,23,32,32,7,0 days 00:11:39,1,60489.0,yes,6
1704782.0,1,,8913.899999976158,,,sub_75910,causal,,,,,,,,,,,3,,4667,5470,0,26493,5972,4236,8021,11488,5418,23638,6977,4946,1,0,1,1,0,0,1,1,1,1,3159,6831,4205,8391,7605,2584,6000,31879,17745,3402,3495,3795,32783,2,4,4,4,4,2,2,4,4,20570,3270,2824,3540,2927,1711,4,4,4,1,0,0,0,0,1,1,4,1,4,0,4,1,4,0,4,2,2162,11508,3156,3840,9304,2006,3010,5836,3819,5589,2526,6378,7845,4758,11144,34215,3,3,3,3,3,3,1,1,6,2,30,18,26,12,0 days 00:31:13,1,165625.0,yes,6
998599.0,1,,107040.0,,,sub_23936,causal,,,,,,,,,,,3,,3494,3896,0,4604,2927,7963,6578,8392,5428,32640,5613,37538,1,0,1,2,0,2,0,1,2,3,2332,3952,4176,7317,4519,3012,3807,25511,3468,2957,2520,2750,4042,1,2,3,3,3,2,1,3,3,7158,40029,4032,2296,3576,2922,3,4,3,1,2,3,2,3,2,3,2,0,1,1,3,1,2,1,1,3,3063,3488,2336,4142,4129,2445,5420,3198,3041,2486,2237,51126,3975,2633,3504,3671,1,2,1,1,1,1,1,1,11,3,21,7,30,10,0 days 00:17:01,1,19373.0,no,6
554477.0,1,,23391.300000190735,,,sub_41274,causal,,,,,,,,,,,3,,4648,4255,0,11439,3877,3496,3223,11059,3501,3728,3364,2823,0,0,0,0,0,0,0,0,0,0,3131,1895,2311,2858,3910,3919,2623,3287,2159,2698,3080,3400,2911,1,2,2,1,3,2,1,3,2,3934,5902,2991,7223,3480,3459,4,4,4,1,0,3,2,2,0,2,1,0,2,0,2,1,1,0,1,2,4671,5087,4447,4934,11895,3572,4886,3555,5478,4359,4455,3520,3255,3262,3886,3743,6,5,6,2,5,5,1,1,0,0,17,29,19,12,0 days 00:10:31,1,73560.0,yes,6
1031049.0,1,,9243.39999999106,,,sub_86858,control,,,,,,,,,,,3,,3801,4371,0,4225,6157,5828,6105,6346,5888,6904,5959,4316,1,0,1,1,0,2,1,1,1,1,3656,15951,6647,551917,3811,5447,5716,5551,4243,3437,5609,3639,3905,2,2,2,2,3,2,3,3,2,4229,3121,3591,4091,3365,3208,1,0,1,1,1,1,1,1,1,1,1,1,1,1,1,1,1,1,1,1,3934,7690,2964,3382,3710,3945,3213,4833,3549,3004,3321,3479,6210,9843,4206,4512,4,4,4,4,4,4,1,1,8,2,21,24,16,2,0 days 00:17:36,1,21768.0,yes,6
1285979.0,1,,9452.200000047684,,,sub_52521,control,,,,,,,,,,,3,,3375,4480,0,34639,5649,5520,12510,10734,6055,7350,5543,11702,0,0,0,0,0,0,1,0,0,0,3264,4439,4383,22086,14264,11175,7063,9839,4182,5312,8255,7376,5146,2,1,2,2,3,1,1,1,1,5895,5415,5105,7022,6056,26166,1,1,1,1,0,0,0,2,1,0,3,0,1,0,1,0,2,0,1,1,9647,16687,6870,142496,11423,3872,50607,4448,8592,6800,16790,3054,17551,12094,12464,7039,6,4,6,4,4,5,1,1,1,0,14,29,12,3,,1,13325.0,yes,6
764762.0,1,,39288.00000000001,,,sub_38556,causal,,,,,,,,,,,3,,3229,4249,0,5878,7119,3367,7365,9605,5869,5008,6062,6371,1,0,1,1,1,2,1,0,1,1,3262,8258,3780,3747,9099,3397,6345,5276,15970,3427,4009,3559,6574,2,3,3,3,3,2,2,2,2,9162,3671,4062,5809,5724,5993,0,0,1,1,0,1,1,1,0,1,1,0,1,0,1,0,1,0,1,0,2730,4163,2942,4200,6313,3625,2535,83299,3984,4520,1905,3461,4997,4175,7613,4647,5,5,3,5,4,4,1,1,9,2,22,26,9,1,0 days 00:13:21,1,34510.0,yes,6
1143404.0,1,,146409.30000001192,,,sub_99483,control,,,,,,,,,,,3,,8046,5188,0,5623,8753,4668,6937,9899,6444,5254,10958,7355,0,0,0,0,0,0,0,1,0,1,4504,5199,4057,9321,8558,5376,4929,14343,5135,6557,5555,13789,6797,1,2,2,2,3,1,1,1,1,9415,5509,7958,5717,6273,6077,0,0,0,1,1,0,0,0,0,0,0,0,0,0,1,0,0,0,0,0,14531,6066,4770,32791,8757,13637,5258,10098,16542,5150,6675,5215,13997,5662,5056,7305,5,5,5,5,5,5,1,1,1,0,14,30,2,0,0 days 00:19:57,1,44555.0,yes,6
1712591.0,1,,10689.90000000596,,,sub_71702,control,,,,,,,,,,,3,,8420,21645,0,26117,4893,18979,4174,6326,3352,23694,7060,6589,1,0,1,1,0,1,1,1,1,1,28124,8078,2551,6396,8886,2812,6408,5093,5966,3765,8587,41503,4573,2,1,2,1,2,3,2,2,2,27398,4805,8805,3862,62029,8309,0,0,1,1,1,2,0,1,1,1,1,1,1,1,2,1,2,1,1,1,4461,3631,5014,391756,10384,3046,3679,8405,7946,3166,4031,4846,56652,2960,8806,43252,4,1,4,3,4,4,1,1,7,2,17,20,18,1,0 days 00:28:45,1,6888.0,yes,5
457828.0,1,,3256.5999999940395,,,sub_50752,causal,,,,,,,,,,,3,,3603,3572,0,3914,3879,4767,4362,6752,3989,3883,4304,2931,0,1,1,1,0,1,1,1,1,1,5545,8827,1867,2780,4415,2693,3912,5492,3058,2574,3111,3465,6053,2,2,3,1,3,3,2,3,2,5660,2992,4575,3934,3698,4329,2,2,1,1,1,1,1,2,1,2,2,2,2,1,2,1,1,2,1,1,3711,4265,5753,4527,6595,2944,5283,5284,3358,4222,3133,3623,5348,3670,3814,4615,6,6,6,6,6,6,1,1,7,2,21,36,23,5,0 days 00:09:20,1,100027.0,yes,3
1380819.0,1,,26271.0,,,sub_52041,control,,,,,,,,,,,3,,5877,8373,0,6181,7068,5548,10885,9714,5563,5485,9924,8860,0,1,1,1,0,0,1,0,0,1,3811,4693,5741,7037,4517,3324,6901,22268,7181,3870,4388,4348,15334,2,2,2,2,3,3,2,2,2,18830,6341,12701,11523,12620,8220,3,2,1,1,1,1,0,1,2,1,1,0,1,1,1,1,0,0,1,2,4636,4372,3435,15387,7277,5773,5716,6740,6638,4979,3916,4116,7461,4580,10117,4620,4,4,5,5,4,4,1,1,5,2,20,26,14,6,0 days 00:23:48,1,38956.0,yes,6
359278.0,1,,7548.90000000596,,,sub_45644,causal,,,,,,,,,,,3,,2706,2887,0,2324,2196,3186,2961,4200,3599,2009,3711,2640,1,0,1,1,1,2,0,1,2,1,1275,3105,1424,3599,2587,1829,4605,4296,2586,2466,2181,3344,4942,2,2,2,3,3,2,2,2,2,5295,3097,4927,3343,2835,2241,3,3,3,1,1,2,1,1,1,1,1,1,1,1,2,1,1,1,1,1,2459,4754,3029,3172,3801,2572,3200,3771,5310,3704,2767,2227,3458,2886,3877,3292,3,3,3,4,4,3,1,1,9,2,20,20,18,9,0 days 00:06:17,1,16259.0,yes,5
523567.0,1,,6180.5,,,sub_70737,causal,,,,,,,,,,,3,,4170,4361,0,5137,5017,9344,3980,9301,3490,4391,4309,3598,0,0,1,1,0,0,0,0,0,1,1989,3705,3882,7111,3564,3663,3832,6742,3026,2748,3195,3763,4925,1,1,2,2,3,2,1,2,2,7980,9082,3763,6198,3039,4028,2,2,2,1,0,0,0,0,0,0,0,0,0,0,0,0,0,0,0,0,4088,3008,1845,7204,7824,3405,3397,5411,4936,2833,6801,2114,9381,3231,3349,3725,5,5,5,5,5,5,1,1,3,2,16,30,0,6,0 days 00:09:15,1,27054.0,yes,6
1073364.0,1,,24577.10000000894,,,sub_64550,control,,,,,,,,,,,3,,3349,3405,0,4155,5269,3125,3077,9477,8707,3327,4133,5075,2,0,3,2,0,2,3,1,1,3,1737,2542,5757,8001,3031,2392,3426,4267,4589,2007,4117,2193,3123,2,2,3,4,1,2,2,3,2,4809,3099,2985,4573,3583,2177,4,4,4,1,1,1,1,2,0,2,3,3,1,0,4,3,1,3,3,2,2839,3099,3979,4459,4295,3741,2196,2757,18749,4023,42986,2185,3557,77223,5057,4245,1,2,1,2,1,1,1,1,16,5,21,8,30,12,0 days 00:19:56,1,121105.0,not_sure,6
827048.0,1,,15447.800000190737,,,sub_95204,causal,,,,,,,,,,,3,,4426,13306,0,4790,7833,18338,8221,9922,4375,4410,5935,9539,2,0,1,1,0,2,1,2,1,2,3252,5283,4309,7275,3151,4608,9041,7187,3517,3245,7327,4680,7561,1,2,1,2,3,1,2,2,2,7453,4660,5373,7533,6831,2919,2,2,3,1,0,2,1,1,0,0,2,0,1,0,1,0,1,0,0,1,3201,7517,3554,4685,6440,4449,4015,6790,7466,6102,3984,6536,22201,11156,5428,5729,4,4,3,2,3,3,1,1,10,2,16,19,10,7,0 days 00:14:11,1,17827.0,yes,2
512856.0,1,,16062.299999952316,,,sub_91017,control,,,,,,,,,,,3,,6752,4280,0,4861,4563,5105,8268,8778,8398,3682,4853,3999,1,0,0,1,0,0,0,0,0,2,2944,5163,5735,5594,3120,2873,5934,5324,3270,3157,4268,5482,4620,1,1,2,2,2,1,1,2,1,5885,3860,5097,6403,5449,4635,2,2,2,1,3,3,3,2,2,1,2,0,2,3,2,4,2,2,1,2,2329,3855,4832,12157,4386,2836,4545,4085,3709,2947,3139,3248,4707,4315,6387,4212,3,2,2,2,3,3,1,1,4,1,13,15,34,6,,1,21922.0,yes,5
1008296.0,1,,49002.5,,,sub_11844,causal,,,,,,,,,,,3,,3440,29423,0,6562,8391,6146,4998,7291,7877,8299,6609,17268,3,0,3,2,2,3,3,1,2,3,2343,2926,16199,7470,3762,16522,3581,5012,3057,2342,2855,4327,4519,2,3,3,3,3,3,1,1,1,6252,69331,7086,30537,6219,4063,3,3,2,1,3,4,3,3,3,3,3,0,3,2,4,4,2,3,3,3,18143,3219,7923,4055,4388,9052,3360,6351,6172,16241,7077,3190,4276,5535,4911,3189,4,4,2,1,2,2,1,1,21,5,20,15,46,8,,1,26316.0,yes,5
506627.0,1,,31383.299999952316,,,sub_73424,control,,,,,,,,,,,3,,2289,2560,0,2766,7549,14487,3289,5381,9056,2602,7164,4536,0,0,1,1,0,2,0,1,0,3,2049,8106,2226,3527,2833,7884,2477,9774,3564,2710,2461,2872,3349,1,1,3,2,3,2,1,1,1,5254,3377,3515,2872,4976,2939,4,3,2,1,1,1,0,2,1,1,3,0,1,0,1,0,0,0,0,0,3342,2389,3034,3548,3746,2589,4482,2831,4181,3468,4381,1980,2649,2791,2926,13747,4,4,5,3,2,5,1,1,7,2,15,23,11,9,0 days 00:10:26,1,116776.0,yes,6
745369.0,1,,18406.199999809265,,,sub_17311,control,,,,,,,,,,,3,,3812,5738,0,4554,11507,5126,12216,12142,10255,4257,4605,5647,1,1,3,2,0,1,2,2,1,1,9356,11963,3619,11139,5435,7375,10599,12768,5353,3956,7147,6100,9755,1,3,2,3,2,1,1,1,1,13833,7785,7057,13223,8948,7215,1,0,2,1,2,4,2,4,1,3,4,2,1,3,3,1,1,3,0,2,8313,4841,6498,4942,14747,4715,3541,6790,8934,4750,4789,9714,6531,6256,6513,6090,2,3,2,3,2,3,1,1,12,5,15,15,36,3,0 days 00:13:35,1,65816.0,yes,6
802858.0,1,,6460.200000047684,,,sub_60854,causal,,,,,,,,,,,2,,2847,8993,0,2398,5653,3742,5317,5662,5013,5118,50365,104534,1,0,1,1,0,1,1,1,1,1,3128,4031,1734,15111,70526,1998,6110,6406,4670,63261,1990,2119,30054,3,3,2,3,3,3,3,3,3,2767,26567,2094,11200,1982,4550,1,1,1,1,1,1,1,1,1,1,1,1,1,1,1,1,1,1,1,1,1494,4640,2375,1855,2256,24454,2911,8728,6039,2127,2733,2557,82904,8686,4941,6453,1,2,2,2,2,2,1,1,7,2,26,11,16,3,0 days 00:13:30,1,6123.0,yes,5
421900.0,1,,10892.899999976158,,,sub_87856,causal,,,,,,,,,,,3,,2630,2780,0,2737,3017,2982,3278,4515,5108,2910,3592,3032,1,0,1,1,0,0,2,0,0,2,2188,2123,2326,3198,2955,1834,3826,6827,4345,1836,1656,2636,2939,2,2,3,2,3,1,3,4,3,7712,4092,10848,8289,3068,4518,4,4,4,1,1,0,0,2,0,2,3,1,1,1,1,1,0,2,2,1,2506,3242,2500,2398,3587,3631,2253,3076,7626,2318,2730,2491,4856,2325,4469,4446,5,5,5,4,5,5,1,1,7,2,23,29,18,12,0 days 00:07:31,1,26000.0,yes,6
428539.0,1,,4119.0,,,sub_65816,causal,,,,,,,,,,,3,,2737,4320,0,5358,4020,2833,2802,5836,3033,12828,4962,2003,0,0,0,0,1,1,0,1,1,0,1632,3041,5883,7082,3118,1895,3724,5407,13461,2097,2888,3037,3747,2,4,1,2,2,3,1,1,1,27982,2669,3214,4645,3841,4275,0,1,0,1,0,2,0,2,3,2,1,1,1,0,3,0,2,1,1,2,2393,2841,2053,4555,2909,3525,2824,4545,3624,3053,3238,2823,3275,4410,2380,5458,4,4,6,5,5,4,1,1,3,0,17,28,21,1,0 days 00:07:18,1,8492.0,yes,6
955106.0,1,,37365.10000002384,,,sub_51248,causal,,,,,,,,,,,3,,3914,4262,0,5143,4409,5721,6665,8317,5912,4802,10854,9890,3,0,0,0,0,1,1,1,2,3,5392,5026,9621,10104,5220,4337,5427,7440,4325,3166,4823,3407,10119,2,2,3,3,2,2,2,2,2,5792,22821,13421,12607,9495,11671,3,3,3,1,0,0,0,1,0,0,2,0,1,0,1,1,1,0,0,0,14076,4778,3964,8425,8661,5625,8923,3961,8781,6026,10225,8803,6815,6144,10446,9127,5,5,6,4,5,5,1,1,10,0,20,30,7,9,0 days 00:16:37,1,39246.0,yes,6
743440.0,1,,16837.600000023842,,,sub_79257,causal,,,,,,,,,,,3,,4606,5946,0,4973,4352,3945,5662,8761,5475,6157,4744,4013,1,0,1,1,0,2,1,1,0,2,3419,3361,2758,4360,6974,2486,3533,4461,4601,2818,3077,6050,8064,2,2,4,3,2,3,2,3,3,8838,5031,4475,6672,4742,3833,3,2,4,1,1,4,1,2,3,3,3,1,2,2,3,3,2,2,1,2,5016,3337,3649,4300,9702,3021,3170,4889,5904,3594,4122,4193,3020,3038,8049,3470,5,4,4,5,4,4,1,1,8,2,24,26,35,9,0 days 00:13:41,1,74540.0,yes,6
1262832.0,1,,9792.80000001192,,,sub_74161,control,,,,,,,,,,,3,,13901,9937,0,22851,12194,7749,11349,8205,7104,8615,13089,6918,0,0,1,1,0,0,0,1,0,1,4460,12072,11622,11461,13887,35564,8369,22089,7479,4461,13216,14136,8654,1,1,3,2,4,2,2,1,2,13702,5982,6257,7305,7067,6863,1,1,0,1,3,2,0,3,2,1,1,0,2,1,2,1,2,1,1,1,7414,11153,4571,12503,15571,11798,6929,5843,6305,7531,8766,5682,5862,7733,8061,16406,3,4,3,5,5,4,1,1,3,2,18,24,23,2,0 days 00:21:27,1,20332.0,yes,6
378008.0,1,,736877.8000000715,,,sub_28006,control,,,,,,,,,,,3,,3138,3534,0,3684,3942,3892,3380,6495,5105,4456,3533,13930,1,0,1,1,0,2,1,1,1,1,2584,2631,2159,3148,2177,3759,3493,4271,3501,2101,2153,3146,2662,2,2,3,2,3,2,2,2,2,13731,53426,2500,3776,3806,3371,1,2,1,1,1,2,0,1,1,0,2,0,2,1,2,0,1,1,1,2,2126,3751,2655,3017,1826,2299,2120,3641,4530,2851,1804,2756,2330,2817,2908,1534,4,4,3,4,4,3,1,1,8,2,20,22,17,4,,1,5397.0,yes,5
1704432.0,1,,26264.400000095367,,,sub_21882,causal,,,,,,,,,,,3,,3050,4398,0,4433,66821,4267,6868,228152,5766,4442,8024,3683,1,0,1,1,0,3,0,0,2,2,4337,2413,3551,4323,2986,5931,2530,8437,2481,65621,70844,3877,3512,2,2,2,2,3,2,1,3,2,5616,72881,2864,4544,44862,3033,1,3,1,1,0,2,0,1,2,1,2,0,1,1,1,0,2,1,1,1,3259,2119,8728,43071,72078,33189,64186,42333,130498,8651,6441,57648,9424,5472,88335,6158,3,4,4,5,4,4,1,1,10,2,19,24,16,5,,1,20196.0,yes,5
624965.0,1,,17915.599999999627,,,sub_64687,control,,,,,,,,,,,3,,3299,3080,0,5457,7084,8781,5650,5866,4207,4341,8420,2205,1,0,0,0,0,1,0,0,0,1,1792,3190,3318,3864,3678,2865,6722,5261,4750,2170,3686,2823,7409,2,2,4,4,3,3,1,3,2,4872,4894,5343,3814,12663,23159,3,4,4,1,2,2,0,1,1,2,2,1,1,2,1,0,2,0,2,0,3668,3466,3094,5946,4347,2808,3369,3047,3728,3238,3116,2726,3280,4366,6438,3753,4,3,5,6,5,4,1,1,3,0,24,27,19,11,0 days 00:11:02,1,27178.0,yes,6
760966.0,1,,10347.099999999627,,,sub_93007,causal,,,,,,,,,,,3,,8206,6357,0,7134,6029,5708,7789,13725,6958,6118,6059,6581,1,0,1,1,0,1,0,1,1,2,4214,6398,3261,5470,5838,3726,6950,7316,4862,4669,7493,4142,7079,2,2,3,3,3,2,2,2,2,10094,6990,5573,8798,7398,9151,3,2,2,1,0,2,2,2,3,1,2,0,2,1,2,0,2,1,1,1,5933,4630,4845,20262,6839,5007,4910,7302,4558,6318,4390,7870,8678,5516,11102,5758,5,5,4,4,4,4,1,1,7,2,21,26,22,7,,1,58355.0,yes,6
409121.0,1,,4624.400000095367,,,sub_27799,causal,,,,,,,,,,,3,,4255,2774,0,2580,2401,2094,3004,3299,1636,3284,3288,2600,2,0,1,1,0,1,2,1,2,1,2887,2461,1542,2289,4045,1517,1790,3752,1734,1405,2401,2610,4044,2,3,3,3,2,3,2,3,2,26834,3378,3620,22254,2296,2993,2,2,3,1,3,2,2,3,3,2,3,0,2,2,3,2,1,2,2,2,2900,1928,2261,2030,1824,1660,1582,4512,3441,1569,3648,2242,2600,1537,3078,1648,4,3,4,2,3,4,1,1,10,2,23,20,34,7,0 days 00:06:59,1,4879.0,yes,6
1130748.0,1,,17277.89999985695,,,sub_53437,causal,,,,,,,,,,,3,,5129,11816,0,5965,16951,10606,14469,13379,12961,4905,11461,7979,1,0,0,0,0,0,0,0,0,2,13137,6306,5898,8260,9555,5051,10797,13700,4445,11971,14213,11046,14140,2,2,2,2,3,2,2,1,1,11301,6439,10298,11463,14060,7826,2,0,0,1,0,2,0,0,0,1,2,0,0,0,1,1,0,0,0,0,5055,11105,4351,6331,10115,4040,6989,6141,19074,5894,16123,6355,7472,5455,5902,10343,5,5,5,5,5,5,1,1,3,0,17,30,7,2,0 days 00:20:01,1,67252.0,yes,6
562720.0,1,,9022.5,,,sub_78257,causal,,,,,,,,,,,3,,4234,3825,0,4241,2534,2695,3242,8144,4623,3760,11403,4208,1,0,1,1,0,3,1,1,0,3,3004,2614,2060,3748,1987,2690,2619,4874,2508,2539,5257,3858,14862,2,3,3,4,3,4,1,3,2,4273,4267,3196,4049,3912,3130,1,4,2,1,3,4,0,1,2,2,4,2,1,1,2,4,4,3,0,4,4946,3426,4012,6790,4375,2779,4332,4016,5601,3324,2835,2594,3069,4507,5017,3992,0,0,0,0,0,0,1,1,10,2,25,0,37,7,0 days 00:09:38,1,12192.0,yes,6
1341027.0,1,,160206.20000000007,,,sub_12207,causal,,,,,,,,,,,3,,3821,20509,0,2967,4181,3640,3802,3870,5994,4663,2970,5591,2,0,1,1,0,1,2,1,0,1,2725,2029,1770,3084,2066,5003,3242,5018,2955,6925,2593,5549,4142,2,3,4,2,2,3,2,1,3,5641,2871,2611,3761,3441,3103,3,4,4,1,1,3,1,1,2,1,2,1,1,1,2,1,3,1,2,2,1795,4771,1890,1901,5150,1778,3889,2051,8744,1945,2368,2889,7016,1672,6336,7160,3,3,3,2,3,3,1,1,8,2,22,17,25,11,0 days 00:22:40,1,13837.0,yes,5
1317978.0,1,,4546.900000035763,,,sub_47128,control,,,,,,,,,,,3,,8897,6699,0,10197,5429,5499,9425,8815,9779,4587,5916,7843,1,0,1,0,0,1,0,0,0,1,3815,13397,13927,6217,6197,5000,6309,15807,5175,3754,4181,4699,16743,1,3,2,2,2,1,2,1,2,8465,9629,10213,9919,5957,5641,0,4,1,1,0,0,0,0,0,0,0,0,0,0,0,0,1,0,0,0,8807,16103,6321,8789,12749,4293,12459,5927,7719,8127,3753,13219,6467,6621,5995,5147,0,3,1,6,2,3,1,1,4,1,16,15,1,5,0 days 00:26:27,1,265472.0,yes,6
610565.0,1,,15678.599999904633,,,sub_90874,causal,,,,,,,,,,,3,,3085,4102,0,3285,9157,3782,6253,7556,5853,5742,3090,2959,2,0,1,1,2,3,1,1,3,3,5326,2438,5028,7248,5206,4309,8732,10842,4992,2601,4108,5789,3646,4,2,3,2,3,2,2,2,3,9206,9552,11807,6428,6382,3334,1,3,2,1,1,3,2,3,1,3,2,0,2,1,1,3,0,2,0,1,8200,4100,3534,3590,7466,5279,3284,4865,6494,4390,4066,3599,6351,3549,3720,4345,1,1,5,4,4,4,1,1,16,2,23,19,25,6,0 days 00:15:28,1,315224.0,yes,6
1037360.0,1,,11316.700000000186,,,sub_14733,control,,,,,,,,,,,3,,3435,4878,0,3830,3416,4224,5779,7555,21599,3001,7824,6130,0,0,1,1,0,0,3,3,1,3,1897,2093,2023,15585,6845,2139,4113,4933,2503,3289,5484,4313,5780,1,3,3,2,3,3,1,2,3,7912,2613,3263,4099,2717,2127,2,1,2,1,3,0,1,2,0,1,4,0,2,1,2,0,0,2,2,1,3728,2835,2931,2699,2760,3329,2429,8201,4329,3417,2611,1943,2565,2545,3465,6615,4,4,4,4,4,4,1,1,9,2,21,24,21,5,,1,47302.0,yes,6
895845.0,1,,14203.09999999404,,,sub_85541,causal,,,,,,,,,,,3,,9850,10515,0,5115,14215,17235,16083,27972,6606,5198,8062,4274,0,0,1,1,0,0,1,1,0,0,4444,5553,3397,11407,6119,5555,7773,17447,4924,4083,8620,6928,8324,2,2,3,2,2,2,2,2,2,46089,4479,5750,6760,6795,7429,0,1,0,1,1,1,1,1,1,1,1,0,1,0,1,1,0,0,0,0,8343,7773,5738,11077,11568,6922,10580,5933,5363,6637,5094,5940,12041,8462,27004,8280,4,4,4,4,4,4,1,1,3,2,19,24,10,1,0 days 00:15:46,1,39986.0,yes,5
523175.0,1,,191931.80000000077,,,sub_76102,causal,,,,,,,,,,,3,,3307,3509,0,4709,3290,3712,8189,6524,5459,3728,5563,3157,0,0,1,1,1,1,2,1,1,1,3951,3539,5002,3450,5009,3403,2526,8182,4672,3569,3397,2902,4672,1,2,2,2,4,3,2,2,2,5445,3622,2999,5241,3553,2279,3,3,2,1,1,2,2,3,0,1,1,0,3,1,0,2,0,1,0,2,5767,5301,2646,6284,7500,3832,3502,3479,3516,3502,5962,2961,4192,3202,7844,10813,4,3,3,5,4,4,1,1,8,2,20,23,19,8,0 days 00:09:11,1,26364.0,yes,6
832314.0,1,,39910.39999997616,,,sub_18816,causal,,,,,,,,,,,3,,3958,7006,0,6284,4363,4578,4726,5667,4949,7498,3794,7584,0,1,1,1,0,0,1,0,0,3,6290,4913,3146,4302,3945,7949,4854,7031,3794,3618,7810,5150,9438,1,2,3,3,3,2,1,2,2,9654,9118,5866,10546,7086,5842,1,2,1,1,2,1,0,1,2,1,1,0,1,1,2,0,2,1,2,1,4842,5138,5317,5674,14474,5822,5814,6414,4458,5774,5238,5254,6244,9094,11685,4674,4,4,4,5,3,4,1,1,7,2,19,24,18,4,0 days 00:16:01,1,110616.0,yes,6
530728.0,1,,7399.199999928474,,,sub_38136,control,,,,,,,,,,,3,,3931,3903,0,3758,9914,4167,4544,6810,5616,3950,4662,3283,3,0,1,1,0,2,0,1,0,3,2964,2918,2581,3147,2843,3109,6171,4347,3524,2412,3127,3613,5655,2,2,2,2,2,3,1,1,2,5787,4867,5928,8582,7247,4317,2,4,2,1,1,2,2,2,1,2,2,0,1,2,1,2,2,2,1,1,3975,2813,2604,2974,4579,2739,3160,4152,5732,5101,2547,2795,3733,3989,5117,6071,4,3,4,2,2,2,1,1,10,2,17,17,24,8,0 days 00:09:14,1,18056.0,yes,6
864174.0,1,,14089.700000047684,,,sub_66806,control,,,,,,,,,,,3,,4583,4008,0,8926,4805,4410,4978,7165,5206,4306,4465,6036,0,0,1,1,0,2,1,1,0,2,4842,3840,4694,4143,6918,4196,9415,14536,4504,3108,5184,5333,9506,2,2,2,2,2,2,1,2,2,7921,7090,9294,5624,4544,4392,2,3,2,1,1,1,0,1,0,1,2,0,1,1,1,1,1,1,0,0,6572,5088,5279,12862,6753,4598,5547,4298,11323,4717,4496,4724,6398,4622,5016,7591,5,4,5,4,4,4,1,1,7,2,17,26,12,7,,1,136804.0,yes,6
1022270.0,1,,277892.9,,,sub_24567,causal,,,,,,,,,,,3,,2820,3330,0,3915,2189,2367,2995,3912,2440,3683,3114,2216,1,1,2,2,0,0,2,0,0,2,3816,3146,2071,3042,2580,3099,2486,2602,2651,3081,2008,2179,3067,2,3,3,3,3,3,2,4,3,3332,2776,5728,4825,2990,3210,2,2,2,1,2,2,1,1,2,2,3,2,2,2,2,3,2,1,2,2,2279,2946,2090,3426,2908,2332,2583,63725,83976,2235,2108,2363,2549,2894,2405,2717,3,3,1,4,2,2,1,1,10,4,26,15,31,6,0 days 00:17:41,1,35195.0,yes,6
583421.0,1,,2935.100000000006,,,sub_89154,causal,,,,,,,,,,,3,,3015,4960,0,5177,4359,4303,6544,9065,8912,7872,4463,5353,1,0,3,2,3,2,0,2,3,2,2582,2927,1695,4232,6576,2296,4880,12186,3000,2225,2383,2727,4632,4,4,3,3,3,3,3,4,3,10914,5153,4463,8377,4856,6489,4,4,4,1,1,3,1,1,2,2,3,0,2,2,3,2,4,1,2,2,4096,5568,3496,4737,5504,3864,5488,3871,4048,3015,2328,1784,4263,3311,5120,3824,3,4,6,5,4,5,1,1,16,5,30,27,31,12,0 days 00:10:18,1,31194.0,yes,4
499748.0,1,,8884.800000000047,,,sub_69894,causal,,,,,,,,,,,3,,3681,4714,0,3371,5378,4784,5073,3865,5463,4303,4395,3422,1,0,2,2,0,2,2,1,0,2,4281,3523,2623,3137,3569,2751,4543,6233,3405,2743,3201,3751,4124,2,1,4,2,3,3,1,4,3,7045,5943,4005,9095,3443,4041,4,4,4,1,3,3,1,3,2,4,4,4,4,4,4,3,3,3,4,4,3967,3520,4339,3957,4302,3531,4545,3817,4077,3643,3315,3311,3455,3761,4559,4376,1,1,1,1,0,1,1,1,11,4,23,5,53,12,0 days 00:09:01,1,39221.0,yes,6
574874.0,1,,4167.900000095367,,,sub_63821,causal,,,,,,,,,,,3,,7644,7801,0,8519,7491,8206,11649,13489,8125,6767,11158,6632,2,0,0,1,1,2,0,1,0,1,5500,4579,7378,14401,8948,8424,6484,8400,6872,4605,5263,5164,7443,1,2,2,2,3,1,2,2,2,6220,7471,8389,6286,7042,6330,2,1,2,1,0,1,1,0,0,1,0,0,2,0,1,0,0,0,1,2,6592,4236,6989,5159,7737,4580,4426,5108,5133,6952,5899,4642,4859,4621,9482,5237,3,6,5,6,3,5,1,1,7,1,17,28,9,5,,1,33695.0,yes,1
476434.0,1,,32317.0,,,sub_57929,causal,,,,,,,,,,,3,,3884,3368,0,3234,12026,2837,4512,13428,5680,4128,2903,3608,2,0,1,1,0,3,2,1,1,3,3032,4076,2337,4121,5109,3457,3397,5297,3885,2880,7857,5702,5283,2,2,2,3,2,2,2,2,2,9384,9535,4663,3184,5232,3516,0,1,1,1,2,3,1,3,1,1,1,1,2,1,2,0,1,1,3,2,3106,4258,4237,4361,6761,4620,4707,3553,4233,2989,2322,6491,4838,3656,4184,3854,1,1,1,1,1,1,1,1,13,2,19,6,25,2,0 days 00:08:44,1,44430.0,yes,6
480848.0,1,,60852.199999809265,,,sub_63641,control,,,,,,,,,,,3,,2671,4096,0,3447,2967,3191,4150,8591,3615,2735,3711,2629,1,0,1,1,3,1,1,1,2,1,2439,2727,2807,3103,3287,1862,3279,4127,2310,3063,3671,1918,5239,2,4,4,4,4,4,3,4,4,4551,3903,6326,3439,4087,3646,4,3,3,1,2,3,1,3,3,2,3,1,1,1,1,0,1,2,1,2,2224,3255,3087,2927,6023,2231,3831,3438,2591,3166,2335,4375,2831,3159,26975,3535,4,5,2,4,4,4,1,1,11,2,33,23,27,10,0 days 00:08:31,1,26152.0,yes,6
673322.0,1,,15888.199999928474,,,sub_57001,causal,,,,,,,,,,,3,,3263,2918,0,18054,3438,3991,3588,4941,5896,3173,2669,2912,1,1,2,1,0,3,2,1,1,2,3102,2518,3725,3261,3317,3060,9690,5453,17839,2704,2614,12177,4458,1,2,2,2,3,2,1,2,2,5923,6924,5532,7595,17014,4886,1,2,1,1,2,2,1,3,1,1,3,1,2,3,2,1,1,2,1,2,5582,3208,3885,3108,3750,3269,30507,3774,3230,3949,12465,2877,4938,3590,17960,3692,4,2,5,3,3,4,1,1,13,3,17,21,28,4,0 days 00:13:24,1,125540.0,yes,6
3414911.0,1,,29609.699999809265,,,sub_28698,causal,,,,,,,,,,,3,,4078,97655,0,28934,7070,3151,104639,5234,3471,35503,12963,132440,0,0,1,1,0,2,1,0,0,2,115935,105007,4231,31863,37199,63959,2463,30607,101183,2255,11231,3159,18223,1,1,1,1,2,1,1,1,1,30055,90303,142711,42287,47696,3806,1,1,1,1,1,1,0,0,0,0,1,0,1,0,1,1,1,0,0,1,219879,4527,215616,3463,70024,49575,2719,4903,5839,3078,83159,3887,11127,6495,83199,19071,4,4,4,4,4,4,1,1,7,2,10,24,8,3,0 days 00:57:04,1,7372.0,yes,6
645828.0,1,,7180.399999999907,,,sub_38474,causal,,,,,,,,,,,3,,4111,7711,0,6201,5859,3801,5918,6954,5411,7945,5838,9252,0,0,3,1,0,1,1,2,0,1,3059,9528,3685,4614,3330,13473,8797,9194,4992,5030,3680,6173,5756,1,1,3,3,3,2,2,2,2,7031,5578,7096,6246,4719,6356,2,1,1,1,2,1,2,2,0,1,1,1,2,3,1,0,0,2,0,2,4080,5883,9406,10366,11674,12545,9749,5312,12194,5830,4088,5209,4320,15776,8466,5399,4,1,5,5,4,5,1,1,7,4,19,24,20,4,0 days 00:11:05,1,14791.0,yes,5
581952.0,1,,11701.799999952316,,,sub_68683,causal,,,,,,,,,,,3,,3442,4160,0,3646,4826,5738,4949,8038,5177,4021,4399,3612,0,0,1,1,0,2,0,0,0,1,3071,3371,3494,5006,3813,4859,5046,6702,4691,3054,4695,5044,5986,2,2,3,2,3,2,2,3,2,4453,4424,6379,4861,4826,19495,1,0,0,1,0,0,0,1,0,0,1,1,1,0,1,0,0,0,1,0,3669,4013,3323,4561,6354,4886,4682,4770,5364,3408,4026,3453,4471,3737,5502,5021,5,5,5,4,5,4,1,1,5,2,21,28,6,1,0 days 00:12:12,1,140174.0,yes,6
890037.0,1,,15480.099999999627,,,sub_13126,causal,,,,,,,,,,,3,,3303,4671,0,5600,7878,4814,6622,5728,4871,4526,4685,3686,3,0,3,3,0,3,1,1,2,3,2246,2806,2270,3094,3574,2559,4302,7062,4447,1975,4486,3742,6957,2,2,2,2,3,2,2,2,2,6182,2806,3958,5446,3982,1742,1,1,0,1,1,0,1,0,0,0,0,0,1,0,1,0,0,0,0,1,3750,4079,2894,4558,6806,3879,6007,4109,6447,4454,2309,3151,4326,3990,5191,5454,4,4,4,3,4,4,1,1,18,6,19,23,5,2,0 days 00:15:13,1,20092.0,yes,1
502216.0,1,,6848.5,,,sub_35527,causal,,,,,,,,,,,3,,2686,5797,0,3277,2365,3156,4028,7738,2606,2181,3267,2436,2,1,1,1,1,2,1,1,0,2,1678,3380,1533,2878,2157,1589,2525,6164,3022,1725,1165,2533,14005,2,1,3,2,2,1,1,1,1,4526,1509,2653,3029,2373,1357,2,3,2,1,1,2,1,2,2,2,3,2,2,2,2,1,2,1,1,3,989,886,1502,2270,1133,1422,2334,2781,2324,11374,1324,2414,2261,3182,1181,2357,3,3,2,2,3,2,1,1,11,2,14,15,29,7,0 days 00:09:39,1,71817.0,yes,6
419476.0,1,,5373.10000000149,,,sub_76126,control,,,,,,,,,,,3,,4001,4002,0,2904,2953,3692,5592,8591,3463,4195,4449,4196,0,0,1,1,0,1,1,1,1,1,2754,4311,3664,3384,4368,2516,2926,5834,3012,2244,4739,4717,4553,3,3,3,3,3,3,3,3,2,6661,7519,6031,4733,5236,5142,1,0,1,1,1,1,1,1,2,1,2,1,1,1,1,1,1,0,1,1,2588,2880,2849,5110,5867,3199,4489,3614,4085,2944,2499,2781,4418,5507,5967,2740,2,0,2,3,2,4,1,1,6,2,26,13,17,2,0 days 00:07:14,1,12213.0,yes,5
770785.0,1,,9073.29999998212,,,sub_43343,control,,,,,,,,,,,3,,5909,6393,0,39754,130931,5251,5911,8579,6122,5339,6051,6239,0,0,0,1,0,1,0,1,0,2,5442,6770,5465,5093,5680,4375,5840,20167,5095,3337,4132,4011,4169,2,3,2,2,3,2,3,2,3,7421,3918,5552,4780,15076,7778,2,1,1,1,0,1,0,3,1,1,2,1,1,1,1,0,3,1,1,1,12639,7132,4244,6496,4782,4921,4504,3833,4697,4395,3364,3468,4042,4650,4759,6941,5,4,5,5,4,4,1,1,4,1,22,27,18,4,0 days 00:13:42,1,47618.0,yes,6
633451.0,1,,3329.7000000476837,,,sub_72781,causal,,,,,,,,,,,3,,7400,7189,0,9034,5126,3896,6038,11721,4954,5982,8983,3660,1,0,0,0,0,1,1,0,0,1,2043,5963,2996,9045,6114,2685,4494,9566,4570,2086,4837,5180,5179,2,3,2,1,3,2,2,2,2,7910,7256,5939,6764,6668,9837,2,4,3,1,1,4,0,3,0,2,2,3,1,1,4,0,1,4,0,4,7010,3799,6668,5052,7727,4614,4763,3885,8220,5672,5993,8306,6178,3553,5372,4633,3,4,3,4,4,4,1,1,4,0,19,22,30,9,0 days 00:11:21,1,44752.0,yes,5
689507.0,1,,18452.5,,,sub_25171,control,,,,,,,,,,,3,,4295,4330,0,5491,7134,5184,6121,12089,7507,4487,4492,4428,0,0,1,1,0,0,1,0,1,1,2858,3341,2279,4171,2777,2957,8998,9785,2960,5431,4106,3889,5719,1,2,2,1,3,3,1,1,1,9714,6045,10767,9034,7355,5386,2,4,2,1,0,1,0,0,0,2,1,1,0,0,1,1,1,0,2,2,3738,4494,3953,10240,7854,3610,5124,4450,7340,6281,5230,4182,8069,3968,5566,7000,5,6,6,4,4,6,1,1,5,2,15,31,12,8,0 days 00:12:10,1,33748.0,yes,6
1797155.0,1,,137263.40000009537,,,sub_75797,control,,,,,,,,,,,3,,13815,8939,0,7698,8306,7991,12402,11220,11305,9669,12076,5432,2,1,2,1,1,1,2,1,2,1,2215,3136,3190,7465,11281,4302,7334,11040,4610,2527,4481,7453,7646,2,2,3,3,3,3,3,2,2,12606,6505,9316,11331,10437,24872,2,3,2,1,0,1,0,1,0,0,2,0,2,0,2,0,2,0,1,1,4991,6519,3576,9760,7995,5950,4978,27098,4146,3680,3037,4149,5595,5828,10012,5466,5,4,5,2,4,4,1,1,13,3,23,24,12,7,0 days 00:31:44,1,94159.0,yes,2
742724.0,1,,10001.300000000048,,,sub_21496,control,,,,,,,,,,,3,,7037,6744,0,6772,4488,6822,7544,13734,6980,9878,13446,6152,1,0,1,1,0,2,1,1,0,1,4681,3482,3389,4110,4439,4788,8730,9600,5952,5266,7087,6466,5967,2,2,3,2,3,2,2,3,2,8508,12421,23322,8088,5702,11171,2,1,1,1,2,2,1,2,0,1,1,0,1,2,1,0,1,1,1,1,6088,6323,6416,6074,7594,5352,6238,4510,4253,6230,3990,5195,8922,6387,5325,5447,5,5,5,5,4,5,1,1,7,2,21,29,17,4,,1,36926.0,yes,5
528300.0,1,,4003.2000000001863,,,sub_93085,causal,,,,,,,,,,,3,,3036,4842,0,8155,4273,5507,7547,9095,4803,5113,4422,3568,0,0,1,1,0,1,1,0,1,1,2952,2981,3078,2842,4203,2228,4204,9621,2994,1801,3246,4313,5993,2,3,2,2,3,2,1,3,2,12316,8115,4154,8646,5231,3383,3,2,2,1,1,2,2,1,1,3,3,1,1,1,2,2,2,1,2,3,3416,3372,3870,4942,7741,3383,4720,4116,5551,4640,3208,2253,3467,5316,5294,5389,6,5,5,5,5,5,1,1,6,2,20,31,28,7,0 days 00:10:11,1,80849.0,yes,6
832032.0,1,,3859.1999999999534,,,sub_75406,control,,,,,,,,,,,3,,4665,5014,0,8098,4230,3899,6132,11517,3779,27466,5146,4898,1,0,0,1,0,0,0,0,0,1,3981,10582,2265,8499,11882,2648,2982,11949,5315,2598,5432,3714,5897,2,2,3,2,2,2,2,2,2,6666,7716,4415,7115,11366,4347,3,4,3,1,0,1,0,0,0,0,0,1,0,0,0,0,0,0,1,0,7332,3498,2598,24183,6715,3898,10215,3900,9382,3648,3165,2797,3316,7449,10131,5882,3,3,4,4,3,3,1,1,3,1,19,20,3,10,0 days 00:14:57,1,62876.0,yes,6
534138.0,1,,52327.0,,,sub_17456,causal,,,,,,,,,,,3,,2338,2808,0,3754,3175,5016,4662,6324,3267,7566,29696,2864,3,1,3,2,0,3,1,2,3,3,4690,4533,3142,3289,3088,2379,5417,4309,5619,4337,3391,3435,6189,1,1,3,3,1,1,1,1,1,7577,5483,3923,4507,5731,2978,1,4,1,1,3,2,3,2,0,3,1,0,0,2,3,4,0,2,1,1,3835,4028,3772,9506,3766,2836,3224,8861,3692,3821,3437,2915,2761,3452,5447,3361,2,3,2,4,2,2,1,1,19,5,13,15,27,6,0 days 00:10:13,1,75969.0,yes,6
482012.0,1,,3117.0,,,sub_14792,causal,,,,,,,,,,,3,,2106,2578,0,5819,2601,2215,3309,4702,3286,2396,3195,1810,2,0,0,1,0,3,1,1,2,2,2097,5665,3007,1901,12907,2034,1935,6535,2038,1551,2367,2104,2490,2,3,2,2,3,3,3,4,2,3444,2979,3585,2809,3489,3579,2,3,1,1,1,0,1,1,1,0,3,0,2,2,2,2,1,1,1,0,2645,13201,5185,16145,5892,2725,2133,3898,3318,2244,2738,1870,2663,19761,3869,2792,4,3,5,2,4,4,1,1,11,1,24,22,18,6,0 days 00:08:44,1,40132.0,yes,6
635719.0,1,,6371.0,,,sub_22230,control,,,,,,,,,,,3,,2858,5345,0,27038,3236,4368,4441,4765,4636,7057,3760,2360,2,0,2,2,2,1,1,1,1,2,2226,2557,3053,3037,3374,1359,4113,6518,1667,3853,1575,2783,5264,1,3,4,3,3,4,3,4,3,5170,5066,4506,4358,4942,126916,3,3,3,1,3,0,3,2,2,2,1,1,2,3,2,4,2,2,3,1,3974,4371,3622,3714,2493,2779,9006,2805,3042,4476,2503,2667,5261,1963,5317,2759,1,5,1,4,4,1,1,1,13,4,28,16,33,9,0 days 00:11:43,1,62089.0,yes,6
797112.0,1,,8581.90000000596,,,sub_44994,control,,,,,,,,,,,3,,2645,3929,0,2815,6350,4747,3647,8065,5932,8911,4827,3897,1,1,2,2,1,2,1,1,1,1,4531,3964,1548,3029,4048,3664,2381,8481,5448,3614,2264,3265,2979,2,2,2,2,3,2,2,3,2,7980,4248,3063,2833,6949,10881,1,1,2,1,1,1,0,1,1,0,1,0,1,0,1,0,1,0,1,0,3750,3614,1931,3364,13412,4549,3381,2731,7199,2565,1662,1931,6681,2513,5998,8716,4,5,4,5,4,4,1,1,12,4,20,26,9,4,0 days 00:15:20,1,119254.0,yes,6
778368.0,1,,30069.200000286102,,,sub_68308,control,,,,,,,,,,,3,,4818,7332,0,8657,5604,5264,7779,5774,5960,6495,6344,7387,0,1,2,0,0,1,2,1,0,1,5294,6688,3940,7884,6496,5773,6433,8377,4749,4957,6282,5684,6784,2,2,3,4,3,3,3,4,3,9381,9635,6373,6895,6561,6614,0,0,0,1,2,1,1,3,3,3,3,4,3,3,4,1,2,2,3,3,6951,8767,6105,6609,6467,5229,5989,6187,6026,5062,4373,4684,5199,8404,6142,7350,4,3,1,1,3,1,1,1,7,2,27,13,41,0,0 days 00:13:44,1,26007.0,yes,6
579546.0,1,,8605.100000000093,,,sub_29088,causal,,,,,,,,,,,3,,4186,5476,0,2573,3528,4863,12473,6037,5122,32254,2485,51339,1,1,2,1,0,1,1,1,2,2,1468,3091,1543,21235,2641,1622,2726,3621,2147,2330,3149,1868,3284,1,2,1,2,3,1,3,2,1,3854,57402,3056,6771,8851,2724,1,1,3,1,2,4,2,1,2,2,2,1,2,4,1,1,2,2,3,1,2426,2891,1686,2638,3137,2906,2656,3743,3886,4190,2922,3224,2713,2990,3251,2088,1,2,2,3,2,2,1,1,11,3,16,12,32,5,0 days 00:10:20,1,36798.0,yes,6
373791.0,1,,3252.0999999940395,,,sub_50540,causal,,,,,,,,,,,3,,3256,3205,0,6384,5477,2077,3021,4829,10255,32261,2435,3117,2,2,3,2,0,2,1,0,0,2,1622,2817,2070,2236,2326,6896,2670,10156,2294,1868,3120,1630,2925,1,2,3,1,3,1,2,2,1,4606,2295,2814,1729,2076,1726,1,0,0,1,1,3,1,2,0,2,0,1,2,1,1,3,1,3,0,1,1301,2260,1622,1860,23432,2990,2663,1894,2157,1590,1653,1924,4976,2640,4678,2318,3,4,4,2,3,4,1,1,14,5,16,20,22,1,0 days 00:06:38,1,21781.0,yes,3
966324.0,1,,15017.0,,,sub_99133,causal,,,,,,,,,,,3,,5339,7820,0,19227,6049,7408,46539,18387,7737,5540,7128,6020,0,0,0,0,0,0,0,0,0,1,6395,3762,4310,10453,4488,3934,13377,16700,3486,4640,7355,8089,7482,1,2,1,3,3,1,1,1,1,8585,2998,8915,3047,6769,5741,0,0,2,1,0,0,0,0,0,0,1,0,1,0,0,0,0,0,0,0,2644,5338,3343,3033,5875,2982,9529,4586,7033,2930,6072,3688,5262,4122,6104,5704,3,4,4,4,5,4,1,1,1,0,14,24,2,2,0 days 00:16:46,1,35017.0,yes,6
535202.0,1,,6410.799999952316,,,sub_24131,control,,,,,,,,,,,3,,3270,4191,0,9521,7542,4478,6974,10607,8107,4334,6796,3372,0,0,1,1,0,1,3,0,1,1,2038,4101,3038,3745,4647,2535,5709,6859,3017,2218,4717,2969,4737,3,3,2,3,3,2,1,3,2,8196,6847,5671,6031,6667,3927,3,4,3,1,1,4,2,4,3,1,1,0,4,2,3,0,2,0,2,2,5071,3927,4653,6030,6068,2975,6172,4048,2654,5241,3431,3666,2916,5889,5000,3632,3,3,2,4,4,4,1,1,8,2,22,20,31,10,0 days 00:09:19,1,20524.0,yes,6
1221618.0,1,,65663.19999998808,,,sub_43160,control,,,,,,,,,,,3,,5165,3649,0,3765,6816,10265,6230,8900,40217,5279,14246,5599,1,0,1,1,1,2,1,1,1,2,2983,34650,3148,7730,7299,2666,2898,5349,3132,2098,4732,74083,51518,2,3,3,3,1,3,2,3,2,9411,48447,54685,13382,12666,13135,2,3,2,1,1,1,0,1,2,1,1,0,1,1,2,1,2,1,1,2,4265,41931,37428,5005,7331,2681,34619,3567,59497,3912,7382,3383,38114,2582,4651,47000,4,4,2,2,3,3,1,1,10,2,22,18,18,7,0 days 00:21:12,1,45947.0,yes,5
1587114.0,1,,27580.60000002384,,,sub_64144,causal,,,,,,,,,,,3,,9247,7234,0,4909,13703,10973,15049,16330,11377,4143,7173,9689,1,0,2,2,0,3,1,2,2,3,3656,3359,13212,10642,11265,4388,7555,8437,4948,2494,11952,4025,9077,1,1,3,2,1,2,1,2,3,18115,9038,36110,22933,9759,7754,1,3,1,1,1,1,3,3,3,1,3,0,1,1,2,0,1,0,1,1,5820,4647,8817,75087,12004,11390,5223,5529,11038,10801,13111,5611,6561,8285,9365,47333,4,5,2,4,5,5,1,1,14,4,16,25,22,5,0 days 00:28:48,1,119942.0,yes,6
